243,13.071236610412598,13.071236610412598,13.071236610412598,57,13.571236610412598
274,13.071236610412598,26.142473220825195,0.0,0,13.571236610412598
66,-0.5,25.642473220825195,-13.571236610412598,0,0.0
71,-0.5,25.142473220825195,0.0,0,0.0
47,-0.5,24.642473220825195,0.0,1,0.0
57,-0.49793028831481934,24.144542932510376,0.002069711685180664,1,0.002069711685180664
68,-0.5,23.644542932510376,-0.002069711685180664,1,0.0
51,-0.49947381019592285,23.145069122314453,0.0005261898040771484,1,0.0005261898040771484
60,-0.49930906295776367,22.64576005935669,0.0001647472381591797,1,0.0006909370422363281
39,-0.4994826316833496,22.14627742767334,-0.0001735687255859375,1,0.0005173683166503906
62,-0.49896907806396484,21.647308349609375,0.0005135536193847656,1,0.0010309219360351562
60,-0.5,21.147308349609375,-0.0010309219360351562,0,0.0
48,-0.5,20.647308349609375,0.0,0,0.0
54,-0.5,20.147308349609375,0.0,1,0.0
54,-0.5,19.647308349609375,0.0,0,0.0
47,-0.498737096786499,19.148571252822876,0.0012629032135009766,0,0.0012629032135009766
43,-0.5,18.648571252822876,-0.0012629032135009766,1,0.0
54,-0.49898290634155273,18.149588346481323,0.0010170936584472656,1,0.0010170936584472656
55,-0.5,17.649588346481323,-0.0010170936584472656,1,0.0
46,-0.49914097785949707,17.150447368621826,0.0008590221405029297,1,0.0008590221405029297
35,-0.5,16.650447368621826,-0.0008590221405029297,1,0.0
47,-0.49900126457214355,16.151446104049683,0.0009987354278564453,1,0.0009987354278564453
36,-0.5,15.651446104049683,-0.0009987354278564453,1,0.0
35,-0.49900102615356445,15.152445077896118,0.0009989738464355469,1,0.0009989738464355469
41,-0.4995613098144531,14.652883768081665,-0.0005602836608886719,1,0.000438690185546875
31,-0.5,14.152883768081665,-0.000438690185546875,1,0.0
37,-0.4987754821777344,13.65410828590393,0.001224517822265625,1,0.001224517822265625
21,-0.49821019172668457,13.155898094177246,0.0005652904510498047,1,0.0017898082733154297
27,-0.49941229820251465,12.656485795974731,-0.0012021064758300781,1,0.0005877017974853516
34,-0.4989736080169678,12.157512187957764,0.000438690185546875,1,0.0010263919830322266
24,-0.49897193908691406,11.65854024887085,1.6689300537109375e-06,1,0.0010280609130859375
20,-0.49900007247924805,11.159540176391602,-2.8133392333984375e-05,1,0.0009999275207519531
26,-0.5,10.659540176391602,-0.0009999275207519531,0,0.0
29,-0.4990072250366211,10.16053295135498,0.0009927749633789062,0,0.0009927749633789062
22,-0.5,9.66053295135498,-0.0009927749633789062,0,0.0
14,-0.4982767105102539,9.162256240844727,0.0017232894897460938,0,0.0017232894897460938
22,-0.49911999702453613,8.66313624382019,-0.0008432865142822266,1,0.0008800029754638672
16,-0.49944448471069336,8.163691759109497,-0.00032448768615722656,1,0.0005555152893066406
21,-0.49899768829345703,7.66469407081604,0.0004467964172363281,1,0.0010023117065429688
11,-0.4989957809448242,7.165698289871216,1.9073486328125e-06,0,0.0010042190551757812
8,-0.4970686435699463,6.6686296463012695,0.0019271373748779297,0,0.002931356430053711
14,-0.5,6.1686296463012695,-0.002931356430053711,1,0.0
11,-0.5,5.6686296463012695,0.0,1,0.0
7,-0.5,5.1686296463012695,0.0,1,0.0
6,-0.4989893436431885,4.669640302658081,0.0010106563568115234,0,0.0010106563568115234
2,-0.5,4.169640302658081,-0.0010106563568115234,0,0.0
3,-0.5,3.669640302658081,0.0,1,0.0
2,-0.5,3.169640302658081,0.0,1,0.0
1,-0.5,2.669640302658081,0.0,1,0.0
0,-0.4984917640686035,2.1711485385894775,0.0015082359313964844,0,0.0015082359313964844
0,-0.4987955093383789,1.6723530292510986,-0.0003037452697753906,0,0.0012044906616210938
0,-0.5,1.1723530292510986,-0.0012044906616210938,0,0.0
0,-0.4989752769470215,0.6733777523040771,0.0010247230529785156,0,0.0010247230529785156
0,-0.5,0.17337775230407715,-0.0010247230529785156,0,0.0
0,-0.5,-0.32662224769592285,0.0,0,0.0
0,-0.49897336959838867,-0.8255956172943115,0.0010266304016113281,1,0.0010266304016113281
0,-0.49756932258605957,-1.323164939880371,0.0014040470123291016,0,0.0024306774139404297
0,-0.5,-1.823164939880371,-0.0024306774139404297,1,0.0
0,-0.4984145164489746,-2.3215794563293457,0.0015854835510253906,0,0.0015854835510253906
0,-0.5,-2.8215794563293457,-0.0015854835510253906,1,0.0
0,-0.5,-3.3215794563293457,0.0,0,0.0
0,-0.4991273880004883,-3.820706844329834,0.0008726119995117188,1,0.0008726119995117188
0,-0.5,-4.320706844329834,-0.0008726119995117188,0,0.0
0,-0.5,-4.820706844329834,0.0,1,0.0
0,-0.5,-5.320706844329834,0.0,0,0.0
0,-0.49942445755004883,-5.820131301879883,0.0005755424499511719,1,0.0005755424499511719
0,-0.49942445755004883,-6.319555759429932,0.0,0,0.0005755424499511719
0,-0.4995310306549072,-6.819086790084839,-0.00010657310485839844,0,0.00046896934509277344
0,-0.49949073791503906,-7.318577527999878,4.029273986816406e-05,0,0.0005092620849609375
0,-0.5,-7.818577527999878,-0.0005092620849609375,1,0.0
0,-0.49793577194213867,-8.316513299942017,0.002064228057861328,0,0.002064228057861328
0,-0.5,-8.816513299942017,-0.002064228057861328,0,0.0
0,-0.49899959564208984,-9.315512895584106,0.0010004043579101562,0,0.0010004043579101562
0,-0.5,-9.815512895584106,-0.0010004043579101562,1,0.0
0,-0.4990072250366211,-10.314520120620728,0.0009927749633789062,0,0.0009927749633789062
0,-0.4989814758300781,-10.813501596450806,2.574920654296875e-05,0,0.001018524169921875
0,-0.49797701835632324,-11.311478614807129,0.0010044574737548828,0,0.002022981643676758
0,-0.5,-11.811478614807129,-0.002022981643676758,1,0.0
0,-0.49799561500549316,-12.309474229812622,0.002004384994506836,0,0.002004384994506836
0,-0.49898815155029297,-12.808462381362915,-0.0009925365447998047,1,0.0010118484497070312
0,-0.4979403018951416,-13.306402683258057,0.0010478496551513672,0,0.0020596981048583984
0,-0.5,-13.806402683258057,-0.0020596981048583984,1,0.0
0,-0.5,-14.306402683258057,0.0,0,0.0
0,-0.5,-14.806402683258057,0.0,0,0.0
0,-0.5,-15.306402683258057,0.0,0,0.0
0,-0.4989931583404541,-15.80539584159851,0.0010068416595458984,1,0.0010068416595458984
0,-0.49794673919677734,-16.303342580795288,0.0010464191436767578,0,0.0020532608032226562
0,-0.5,-16.803342580795288,-0.0020532608032226562,0,0.0
0,-0.49857187271118164,-17.30191445350647,0.0014281272888183594,0,0.0014281272888183594
0,-0.5,-17.80191445350647,-0.0014281272888183594,1,0.0
0,-0.49800658226013184,-18.2999210357666,0.001993417739868164,0,0.001993417739868164
0,-0.5,-18.7999210357666,-0.001993417739868164,2,0.0
0,-0.5,-19.2999210357666,0.0,1,0.0
0,-0.5,-19.7999210357666,0.0,0,0.0
0,-0.5,-20.2999210357666,0.0,0,0.0
0,-0.5,-20.7999210357666,0.0,0,0.0
0,-0.4988577365875244,-21.298778772354126,0.001142263412475586,0,0.001142263412475586
0,-0.5,-21.798778772354126,-0.001142263412475586,0,0.0
0,-0.5,-22.298778772354126,0.0,0,0.0
0,-0.5,-22.798778772354126,0.0,0,0.0
0,-0.5,-23.298778772354126,0.0,0,0.0
0,-0.4990355968475342,-23.79781436920166,0.0009644031524658203,1,0.0009644031524658203
0,-0.49699878692626953,-24.29481315612793,0.0020368099212646484,0,0.0030012130737304688
0,-0.49900388717651367,-24.793817043304443,-0.0020051002502441406,1,0.0009961128234863281
0,-0.49800968170166016,-25.291826725006104,0.0009942054748535156,0,0.0019903182983398438
0,-0.5,-25.791826725006104,-0.0019903182983398438,1,0.0
0,-0.5,-26.291826725006104,0.0,0,0.0
0,-0.5,-26.791826725006104,0.0,1,0.0
0,-0.49468517303466797,-27.28651189804077,0.005314826965332031,0,0.005314826965332031
0,-0.4995851516723633,-27.786097049713135,-0.0048999786376953125,1,0.00041484832763671875
0,-0.4994974136352539,-28.28559446334839,8.7738037109375e-05,0,0.0005025863647460938
0,-0.5,-28.78559446334839,-0.0005025863647460938,1,0.0
0,-0.4950900077819824,-29.28068447113037,0.004909992218017578,0,0.004909992218017578
0,-0.49874138832092285,-29.779425859451294,-0.0036513805389404297,0,0.0012586116790771484
0,-0.49899935722351074,-30.278425216674805,-0.0002579689025878906,0,0.0010006427764892578
0,-0.5,-30.778425216674805,-0.0010006427764892578,1,0.0
0,-0.4948995113372803,-31.273324728012085,0.0051004886627197266,0,0.0051004886627197266
0,-0.5,-31.773324728012085,-0.0051004886627197266,1,0.0
0,-0.49900221824645996,-32.272326946258545,0.000997781753540039,0,0.000997781753540039
0,-0.49898743629455566,-32.7713143825531,1.4781951904296875e-05,1,0.001012563705444336
0,-0.49590349197387695,-33.26721787452698,0.003083944320678711,0,0.004096508026123047
0,-0.4992079734802246,-33.7664258480072,-0.0033044815063476562,1,0.0007920265197753906
0,-0.4980010986328125,-34.264426946640015,0.0012068748474121094,0,0.0019989013671875
0,-0.4989662170410156,-34.76339316368103,-0.000965118408203125,1,0.001033782958984375
0,-0.49799489974975586,-35.261388063430786,0.0009713172912597656,0,0.0020051002502441406
0,-0.4989964962005615,-35.76038455963135,-0.001001596450805664,1,0.0010035037994384766
0,-0.49799323081970215,-36.25837779045105,0.001003265380859375,0,0.0020067691802978516
0,-0.49900197982788086,-36.75737977027893,-0.001008749008178711,1,0.0009980201721191406
0,-0.4988267421722412,-37.25620651245117,0.00017523765563964844,0,0.001173257827758789
0,-0.5,-37.75620651245117,-0.001173257827758789,0,0.0
0,-0.5,-38.25620651245117,0.0,0,0.0
0,-0.5,-38.75620651245117,0.0,1,0.0
0,-0.5,-39.25620651245117,0.0,0,0.0
0,-0.5,-39.75620651245117,0.0,0,0.0
0,-0.4939439296722412,-40.25015044212341,0.006056070327758789,0,0.006056070327758789
0,-0.5,-40.75015044212341,-0.006056070327758789,1,0.0
0,-0.5,-41.25015044212341,0.0,0,0.0
0,-0.49973535537719727,-41.74988579750061,0.0002646446228027344,1,0.0002646446228027344
0,-0.4979424476623535,-42.247828245162964,0.00179290771484375,0,0.0020575523376464844
0,-0.5,-42.747828245162964,-0.0020575523376464844,0,0.0
0,-0.5,-43.247828245162964,0.0,0,0.0
0,-0.5,-43.747828245162964,0.0,3,0.0
0,-0.4980051517486572,-44.24583339691162,0.0019948482513427734,2,0.0019948482513427734
0,-0.49800825119018555,-44.74384164810181,-3.0994415283203125e-06,1,0.001991748809814453
0,-0.4960148334503174,-45.239856481552124,0.001993417739868164,0,0.003985166549682617
0,-0.5,-45.739856481552124,-0.003985166549682617,0,0.0
0,-0.5,-46.239856481552124,0.0,1,0.0
0,-0.5,-46.739856481552124,0.0,0,0.0
0,-0.5,-47.239856481552124,0.0,0,0.0
0,-0.5,-47.739856481552124,0.0,0,0.0
0,-0.5,-48.239856481552124,0.0,0,0.0
0,-0.5,-48.739856481552124,0.0,1,0.0
0,-0.5,-49.239856481552124,0.0,0,0.0
0,-0.5,-49.739856481552124,0.0,1,0.0
0,-0.5,-50.239856481552124,0.0,0,0.0
0,-0.4989936351776123,-50.738850116729736,0.0010063648223876953,1,0.0010063648223876953
0,-0.49623751640319824,-51.235087633132935,0.0027561187744140625,0,0.003762483596801758
0,-0.5,-51.735087633132935,-0.003762483596801758,1,0.0
0,-0.49800586700439453,-52.23309350013733,0.0019941329956054688,0,0.0019941329956054688
0,-0.5,-52.73309350013733,-0.0019941329956054688,1,0.0
0,-0.4976019859313965,-53.230695486068726,0.0023980140686035156,0,0.0023980140686035156
0,-0.5,-53.730695486068726,-0.0023980140686035156,1,0.0
0,-0.49900269508361816,-54.229698181152344,0.000997304916381836,0,0.000997304916381836
0,-0.5,-54.729698181152344,-0.000997304916381836,0,0.0
0,-0.49800586700439453,-55.22770404815674,0.0019941329956054688,0,0.0019941329956054688
0,-0.5,-55.72770404815674,-0.0019941329956054688,1,0.0
0,-0.49791574478149414,-56.22561979293823,0.0020842552185058594,0,0.0020842552185058594
0,-0.5,-56.72561979293823,-0.0020842552185058594,1,0.0
0,-0.5,-57.22561979293823,0.0,0,0.0
0,-0.5,-57.72561979293823,0.0,1,0.0
0,-0.5,-58.22561979293823,0.0,0,0.0
0,-0.5,-58.72561979293823,0.0,1,0.0
0,-0.5,-59.22561979293823,0.0,0,0.0
0,-0.5,-59.72561979293823,0.0,1,0.0
0,-0.4946920871734619,-60.220311880111694,0.005307912826538086,0,0.005307912826538086
0,-0.5,-60.720311880111694,-0.005307912826538086,0,0.0
0,-0.5,-61.220311880111694,0.0,0,0.0
0,-0.5,-61.720311880111694,0.0,0,0.0
0,-0.5,-62.220311880111694,0.0,0,0.0
0,-0.5,-62.720311880111694,0.0,1,0.0
0,-0.5,-63.220311880111694,0.0,0,0.0
0,-0.5,-63.720311880111694,0.0,1,0.0
0,-0.5,-64.2203118801117,0.0,0,0.0
0,-0.4996640682220459,-64.71997594833374,0.00033593177795410156,1,0.00033593177795410156
0,-0.49944329261779785,-65.21941924095154,0.00022077560424804688,0,0.0005567073822021484
0,-0.5,-65.71941924095154,-0.0005567073822021484,1,0.0
0,-0.5,-66.21941924095154,0.0,0,0.0
0,-0.4975771903991699,-66.71699643135071,0.002422809600830078,0,0.002422809600830078
0,-0.4945068359375,-67.21150326728821,0.003070354461669922,0,0.0054931640625
0,-0.5,-67.71150326728821,-0.0054931640625,0,0.0
0,-0.4980018138885498,-68.20950508117676,0.0019981861114501953,0,0.0019981861114501953
0,-0.5,-68.70950508117676,-0.0019981861114501953,1,0.0
0,-0.49596261978149414,-69.20546770095825,0.004037380218505859,0,0.004037380218505859
0,-0.5,-69.70546770095825,-0.004037380218505859,1,0.0
0,-0.5,-70.20546770095825,0.0,0,0.0
0,-0.4989941120147705,-70.70446181297302,0.0010058879852294922,0,0.0010058879852294922
0,-0.497011661529541,-71.20147347450256,0.001982450485229492,0,0.0029883384704589844
0,-0.5,-71.70147347450256,-0.0029883384704589844,1,0.0
0,-0.5,-72.20147347450256,0.0,0,0.0
0,-0.5,-72.70147347450256,0.0,1,0.0
0,-0.5,-73.20147347450256,0.0,0,0.0
0,-0.49898386001586914,-73.70045733451843,0.0010161399841308594,1,0.0010161399841308594
0,-0.4980130195617676,-74.1984703540802,0.0009708404541015625,0,0.001986980438232422
0,-0.5,-74.6984703540802,-0.001986980438232422,1,0.0
0,-0.49900197982788086,-75.19747233390808,0.0009980201721191406,0,0.0009980201721191406
0,-0.5,-75.69747233390808,-0.0009980201721191406,1,0.0
0,-0.5,-76.19747233390808,0.0,0,0.0
0,-0.4990065097808838,-76.69647884368896,0.000993490219116211,0,0.000993490219116211
0,-0.4990065097808838,-77.19548535346985,0.0,0,0.000993490219116211
0,-0.5,-77.69548535346985,-0.000993490219116211,0,0.0
0,-0.5,-78.19548535346985,0.0,0,0.0
0,-0.5,-78.69548535346985,0.0,1,0.0
0,-0.49500107765197754,-79.19048643112183,0.004998922348022461,0,0.004998922348022461
0,-0.5,-79.69048643112183,-0.004998922348022461,1,0.0
0,-0.4974844455718994,-80.18797087669373,0.002515554428100586,0,0.002515554428100586
0,-0.5,-80.68797087669373,-0.002515554428100586,0,0.0
0,-0.4990043640136719,-81.1869752407074,0.000995635986328125,0,0.000995635986328125
0,-0.4989292621612549,-81.68590450286865,7.510185241699219e-05,1,0.0010707378387451172
0,-0.4990503787994385,-82.18495488166809,-0.00012111663818359375,0,0.0009496212005615234
0,-0.5,-82.68495488166809,-0.0009496212005615234,0,0.0
0,-0.49700212478637695,-83.18195700645447,0.002997875213623047,0,0.002997875213623047
0,-0.49892473220825195,-83.68088173866272,-0.001922607421875,1,0.0010752677917480469
0,-0.49605870246887207,-84.17694044113159,0.002866029739379883,0,0.00394129753112793
0,-0.5,-84.67694044113159,-0.00394129753112793,0,0.0
0,-0.5,-85.17694044113159,0.0,0,0.0
0,-0.5,-85.67694044113159,0.0,1,0.0
0,-0.49695563316345215,-86.17389607429504,0.0030443668365478516,0,0.0030443668365478516
0,-0.5,-86.67389607429504,-0.0030443668365478516,1,0.0
0,-0.5,-87.17389607429504,0.0,0,0.0
0,-0.5,-87.67389607429504,0.0,1,0.0
0,-0.49794673919677734,-88.17184281349182,0.0020532608032226562,0,0.0020532608032226562
0,-0.5,-88.67184281349182,-0.0020532608032226562,1,0.0
0,-0.49741172790527344,-89.1692545413971,0.0025882720947265625,0,0.0025882720947265625
0,-0.5,-89.6692545413971,-0.0025882720947265625,1,0.0
0,-0.49900054931640625,-90.1682550907135,0.00099945068359375,0,0.00099945068359375
0,-0.5,-90.6682550907135,-0.00099945068359375,1,0.0
0,-0.5,-91.1682550907135,0.0,0,0.0
0,-0.5,-91.6682550907135,0.0,1,0.0
0,-0.5,-92.1682550907135,0.0,0,0.0
0,-0.49968624114990234,-92.6679413318634,0.00031375885009765625,1,0.00031375885009765625
0,-0.5,-93.1679413318634,-0.00031375885009765625,0,0.0
0,-0.4989893436431885,-93.66693067550659,0.0010106563568115234,0,0.0010106563568115234
0,-0.5,-94.16693067550659,-0.0010106563568115234,0,0.0
0,-0.4988236427307129,-94.6657543182373,0.0011763572692871094,1,0.0011763572692871094
0,-0.4970426559448242,-95.16279697418213,0.0017809867858886719,0,0.0029573440551757812
0,-0.5,-95.66279697418213,-0.0029573440551757812,0,0.0
0,-0.4988725185394287,-96.16166949272156,0.001127481460571289,0,0.001127481460571289
0,-0.5,-96.66166949272156,-0.001127481460571289,1,0.0
0,-0.49900245666503906,-97.1606719493866,0.0009975433349609375,0,0.0009975433349609375
0,-0.5,-97.6606719493866,-0.0009975433349609375,1,0.0
0,-0.49889516830444336,-98.15956711769104,0.0011048316955566406,0,0.0011048316955566406
0,-0.5,-98.65956711769104,-0.0011048316955566406,0,0.0
0,-0.5,-99.15956711769104,0.0,0,0.0
0,-0.5,-99.65956711769104,0.0,0,0.0
0,-0.5,-100.15956711769104,0.0,0,0.0
0,-0.5,-100.65956711769104,0.0,1,0.0
0,-0.5,-101.15956711769104,0.0,0,0.0
0,-0.5,-101.65956711769104,0.0,1,0.0
0,-0.4988987445831299,-102.15846586227417,0.0011012554168701172,0,0.0011012554168701172
0,-0.5,-102.65846586227417,-0.0011012554168701172,1,0.0
0,-0.5,-103.15846586227417,0.0,0,0.0
0,-0.49899721145629883,-103.65746307373047,0.0010027885437011719,0,0.0010027885437011719
0,-0.4990081787109375,-104.1564712524414,-1.0967254638671875e-05,0,0.0009918212890625
0,-0.5,-104.6564712524414,-0.0009918212890625,1,0.0
0,-0.5,-105.1564712524414,0.0,0,0.0
0,-0.49884033203125,-105.65531158447266,0.00115966796875,1,0.00115966796875
0,-0.49884033203125,-106.1541519165039,0.0,0,0.00115966796875
0,-0.5,-106.6541519165039,-0.00115966796875,1,0.0
0,-0.5,-107.1541519165039,0.0,0,0.0
0,-0.4990506172180176,-107.65320253372192,0.0009493827819824219,1,0.0009493827819824219
0,-0.49695658683776855,-108.15015912055969,0.0020940303802490234,0,0.0030434131622314453
0,-0.4989752769470215,-108.64913439750671,-0.0020186901092529297,1,0.0010247230529785156
0,-0.4980149269104004,-109.14714932441711,0.0009603500366210938,0,0.0019850730895996094
0,-0.49957776069641113,-109.64672708511353,-0.0015628337860107422,1,0.0004222393035888672
0,-0.4973025321960449,-110.14402961730957,0.002275228500366211,0,0.002697467803955078
0,-0.4999063014984131,-110.64393591880798,-0.002603769302368164,1,9.369850158691406e-05
0,-0.4992859363555908,-111.14322185516357,0.0006203651428222656,0,0.0007140636444091797
0,-0.5,-111.64322185516357,-0.0007140636444091797,0,0.0
0,-0.49899983406066895,-112.14222168922424,0.0010001659393310547,0,0.0010001659393310547
0,-0.5,-112.64222168922424,-0.0010001659393310547,1,0.0
0,-0.5,-113.14222168922424,0.0,0,0.0
0,-0.49896931648254395,-113.64119100570679,0.0010306835174560547,1,0.0010306835174560547
0,-0.4960155487060547,-114.13720655441284,0.002953767776489258,0,0.0039844512939453125
0,-0.5,-114.63720655441284,-0.0039844512939453125,1,0.0
0,-0.4950900077819824,-115.13229656219482,0.004909992218017578,0,0.004909992218017578
0,-0.49898743629455566,-115.63128399848938,-0.003897428512573242,1,0.001012563705444336
0,-0.4977874755859375,-116.12907147407532,0.001199960708618164,0,0.0022125244140625
0,-0.5,-116.62907147407532,-0.0022125244140625,0,0.0
0,-0.5,-117.12907147407532,0.0,0,0.0
0,-0.49899935722351074,-117.62807083129883,0.0010006427764892578,0,0.0010006427764892578
0,-0.4970088005065918,-118.12507963180542,0.0019905567169189453,0,0.002991199493408203
0,-0.49857497215270996,-118.62365460395813,-0.001566171646118164,1,0.001425027847290039
0,-0.4928581714630127,-119.11651277542114,0.005716800689697266,0,0.007141828536987305
0,-0.49897241592407227,-119.61548519134521,-0.00611424446105957,1,0.0010275840759277344
0,-0.49799132347106934,-120.11347651481628,0.0009810924530029297,0,0.002008676528930664
0,-0.4989922046661377,-120.61246871948242,-0.0010008811950683594,3,0.0010077953338623047
0,-0.49698305130004883,-121.10945177078247,0.002009153366088867,1,0.003016948699951172
0,-0.4960939884185791,-121.60554575920105,0.0008890628814697266,0,0.0039060115814208984
0,-0.4950985908508301,-122.10064435005188,0.0009953975677490234,0,0.004901409149169922
0,-0.4991755485534668,-122.59981989860535,-0.004076957702636719,0,0.0008244514465332031
0,-0.5,-123.09981989860535,-0.0008244514465332031,1,0.0
0,-0.5,-123.59981989860535,0.0,0,0.0
0,-0.5,-124.09981989860535,0.0,0,0.0
0,-0.49950456619262695,-124.59932446479797,0.0004954338073730469,1,0.0004954338073730469
0,-0.49988722801208496,-125.09921169281006,-0.0003826618194580078,0,0.00011277198791503906
0,-0.5,-125.59921169281006,-0.00011277198791503906,1,0.0
0,-0.5,-126.09921169281006,0.0,0,0.0
0,-0.49898672103881836,-126.59819841384888,0.0010132789611816406,1,0.0010132789611816406
0,-0.49701404571533203,-127.09521245956421,0.001972675323486328,0,0.0029859542846679688
0,-0.5,-127.59521245956421,-0.0029859542846679688,0,0.0
0,-0.5,-128.0952124595642,0.0,0,0.0
0,-0.5,-128.5952124595642,0.0,0,0.0
0,-0.4979872703552246,-129.09319972991943,0.0020127296447753906,0,0.0020127296447753906
0,-0.5,-129.59319972991943,-0.0020127296447753906,1,0.0
0,-0.4986417293548584,-130.0918414592743,0.0013582706451416016,0,0.0013582706451416016
0,-0.5,-130.5918414592743,-0.0013582706451416016,1,0.0
0,-0.49899816513061523,-131.0908396244049,0.0010018348693847656,0,0.0010018348693847656
0,-0.5,-131.5908396244049,-0.0010018348693847656,1,0.0
0,-0.49904656410217285,-132.08988618850708,0.0009534358978271484,0,0.0009534358978271484
0,-0.4990057945251465,-132.58889198303223,4.076957702636719e-05,0,0.0009942054748535156
0,-0.5,-133.08889198303223,-0.0009942054748535156,0,0.0
0,-0.5,-133.58889198303223,0.0,0,0.0
0,-0.5,-134.08889198303223,0.0,0,0.0
0,-0.49896883964538574,-134.5878608226776,0.0010311603546142578,1,0.0010311603546142578
0,-0.49489498138427734,-135.0827558040619,0.0040738582611083984,0,0.005105018615722656
0,-0.49915289878845215,-135.58190870285034,-0.004257917404174805,0,0.0008471012115478516
0,-0.4995598793029785,-136.08146858215332,-0.0004069805145263672,0,0.0004401206970214844
0,-0.5,-136.58146858215332,-0.0004401206970214844,1,0.0
0,-0.5,-137.08146858215332,0.0,0,0.0
0,-0.49893927574157715,-137.5804078578949,0.0010607242584228516,0,0.0010607242584228516
0,-0.4970099925994873,-138.07741785049438,0.0019292831420898438,0,0.0029900074005126953
0,-0.5,-138.57741785049438,-0.0029900074005126953,1,0.0
0,-0.49742579460144043,-139.07484364509583,0.0025742053985595703,0,0.0025742053985595703
0,-0.5,-139.57484364509583,-0.0025742053985595703,0,0.0
0,-0.49700212478637695,-140.0718457698822,0.002997875213623047,0,0.002997875213623047
0,-0.5,-140.5718457698822,-0.002997875213623047,1,0.0
0,-0.49904870986938477,-141.0708944797516,0.0009512901306152344,0,0.0009512901306152344
0,-0.4979062080383301,-141.56880068778992,0.0011425018310546875,1,0.002093791961669922
0,-0.497326135635376,-142.0661268234253,0.0005800724029541016,0,0.0026738643646240234
0,-0.5,-142.5661268234253,-0.0026738643646240234,0,0.0
0,-0.49793148040771484,-143.064058303833,0.0020685195922851562,0,0.0020685195922851562
0,-0.49937891960144043,-143.56343722343445,-0.001447439193725586,1,0.0006210803985595703
0,-0.5,-144.06343722343445,-0.0006210803985595703,0,0.0
0,-0.5,-144.56343722343445,0.0,1,0.0
0,-0.496537446975708,-145.05997467041016,0.003462553024291992,0,0.003462553024291992
0,-0.4990055561065674,-145.55898022651672,-0.002468109130859375,0,0.0009944438934326172
0,-0.49899911880493164,-146.05797934532166,6.4373016357421875e-06,0,0.0010008811950683594
0,-0.4989941120147705,-146.55697345733643,5.0067901611328125e-06,1,0.0010058879852294922
0,-0.49600744247436523,-147.0529808998108,0.0029866695404052734,0,0.003992557525634766
0,-0.5,-147.5529808998108,-0.003992557525634766,0,0.0
0,-0.5,-148.0529808998108,0.0,0,0.0
0,-0.498943567276001,-148.5519244670868,0.0010564327239990234,1,0.0010564327239990234
0,-0.498943567276001,-149.0508680343628,0.0,0,0.0010564327239990234
0,-0.5,-149.5508680343628,-0.0010564327239990234,0,0.0
0,-0.5,-150.0508680343628,0.0,0,0.0
0,-0.5,-150.5508680343628,0.0,1,0.0
0,-0.5,-151.0508680343628,0.0,0,0.0
0,-0.49905967712402344,-151.54992771148682,0.0009403228759765625,1,0.0009403228759765625
0,-0.49606919288635254,-152.04599690437317,0.0029904842376708984,0,0.003930807113647461
0,-0.5,-152.54599690437317,-0.003930807113647461,1,0.0
0,-0.5,-153.04599690437317,0.0,0,0.0
0,-0.5,-153.54599690437317,0.0,1,0.0
0,-0.5,-154.04599690437317,0.0,0,0.0
0,-0.5,-154.54599690437317,0.0,1,0.0
0,-0.5,-155.04599690437317,0.0,0,0.0
0,-0.5,-155.54599690437317,0.0,1,0.0
0,-0.4984915256500244,-156.0444884300232,0.001508474349975586,0,0.001508474349975586
0,-0.49899816513061523,-156.5434865951538,-0.0005066394805908203,1,0.0010018348693847656
0,-0.4990079402923584,-157.04249453544617,-9.775161743164062e-06,0,0.0009920597076416016
0,-0.5,-157.54249453544617,-0.0009920597076416016,1,0.0
0,-0.5,-158.04249453544617,0.0,0,0.0
0,-0.4995265007019043,-158.54202103614807,0.0004734992980957031,1,0.0004734992980957031
0,-0.5,-159.04202103614807,-0.0004734992980957031,0,0.0
0,-0.5,-159.54202103614807,0.0,1,0.0
0,-0.49898266792297363,-160.04100370407104,0.0010173320770263672,0,0.0010173320770263672
0,-0.5,-160.54100370407104,-0.0010173320770263672,1,0.0
0,-0.5,-161.04100370407104,0.0,0,0.0
0,-0.5,-161.54100370407104,0.0,0,0.0
0,-0.4960625171661377,-162.03706622123718,0.003937482833862305,0,0.003937482833862305
0,-0.5,-162.53706622123718,-0.003937482833862305,1,0.0
0,-0.5,-163.03706622123718,0.0,0,0.0
0,-0.4989502429962158,-163.5360164642334,0.0010497570037841797,1,0.0010497570037841797
0,-0.4979419708251953,-164.0339584350586,0.0010082721710205078,0,0.0020580291748046875
0,-0.49901723861694336,-164.53297567367554,-0.0010752677917480469,1,0.0009827613830566406
0,-0.49875545501708984,-165.03173112869263,0.0002617835998535156,0,0.0012445449829101562
0,-0.5,-165.53173112869263,-0.0012445449829101562,0,0.0
0,-0.5,-166.03173112869263,0.0,0,0.0
0,-0.5,-166.53173112869263,0.0,1,0.0
0,-0.49800634384155273,-167.02973747253418,0.0019936561584472656,0,0.0019936561584472656
0,-0.5,-167.52973747253418,-0.0019936561584472656,0,0.0
0,-0.5,-168.02973747253418,0.0,0,0.0
0,-0.5,-168.52973747253418,0.0,1,0.0
0,-0.5,-169.02973747253418,0.0,0,0.0
0,-0.5,-169.52973747253418,0.0,1,0.0
0,-0.4989326000213623,-170.02867007255554,0.0010673999786376953,0,0.0010673999786376953
0,-0.49948835372924805,-170.5281584262848,-0.0005557537078857422,1,0.0005116462707519531
0,-0.49898362159729004,-171.02714204788208,0.0005047321319580078,0,0.001016378402709961
0,-0.5,-171.52714204788208,-0.001016378402709961,1,0.0
0,-0.4989027976989746,-172.02604484558105,0.0010972023010253906,0,0.0010972023010253906
0,-0.5,-172.52604484558105,-0.0010972023010253906,0,0.0
0,-0.5,-173.02604484558105,0.0,0,0.0
0,-0.4989135265350342,-173.5249583721161,0.0010864734649658203,0,0.0010864734649658203
0,-0.4959263801574707,-174.02088475227356,0.0029871463775634766,0,0.004073619842529297
0,-0.4989781379699707,-174.51986289024353,-0.0030517578125,1,0.0010218620300292969
0,-0.49595212936401367,-175.01581501960754,0.0030260086059570312,0,0.004047870635986328
0,-0.5,-175.51581501960754,-0.004047870635986328,1,0.0
0,-0.5,-176.01581501960754,0.0,0,0.0
0,-0.4989755153656006,-176.51479053497314,0.001024484634399414,1,0.001024484634399414
0,-0.49796199798583984,-177.01275253295898,0.0010135173797607422,0,0.0020380020141601562
0,-0.5,-177.51275253295898,-0.0020380020141601562,1,0.0
0,-0.5,-178.01275253295898,0.0,0,0.0
0,-0.5,-178.51275253295898,0.0,1,0.0
0,-0.49899911880493164,-179.01175165176392,0.0010008811950683594,0,0.0010008811950683594
0,-0.5,-179.51175165176392,-0.0010008811950683594,1,0.0
0,-0.49900150299072266,-180.01075315475464,0.0009984970092773438,0,0.0009984970092773438
0,-0.4989955425262451,-180.50974869728088,5.9604644775390625e-06,1,0.0010044574737548828
0,-0.49900150299072266,-181.0087502002716,-5.9604644775390625e-06,0,0.0009984970092773438
0,-0.49948620796203613,-181.50823640823364,-0.00048470497131347656,1,0.0005137920379638672
0,-0.49700260162353516,-182.00523900985718,0.0024836063385009766,0,0.0029973983764648438
0,-0.5,-182.50523900985718,-0.0029973983764648438,1,0.0
0,-0.4949991703033447,-183.00023818016052,0.0050008296966552734,0,0.0050008296966552734
0,-0.5,-183.50023818016052,-0.0050008296966552734,1,0.0
0,-0.5,-184.00023818016052,0.0,0,0.0
0,-0.5,-184.50023818016052,0.0,1,0.0
0,-0.5,-185.00023818016052,0.0,0,0.0
0,-0.49955320358276367,-185.4997913837433,0.0004467964172363281,1,0.0004467964172363281
0,-0.49930620193481445,-185.9990975856781,0.00024700164794921875,0,0.0006937980651855469
0,-0.5,-186.4990975856781,-0.0006937980651855469,1,0.0
0,-0.4979887008666992,-186.9970862865448,0.0020112991333007812,0,0.0020112991333007812
0,-0.5,-187.4970862865448,-0.0020112991333007812,1,0.0
0,-0.5,-187.9970862865448,0.0,0,0.0
0,-0.49946045875549316,-188.4965467453003,0.0005395412445068359,1,0.0005395412445068359
0,-0.49871349334716797,-188.99526023864746,0.0007469654083251953,0,0.0012865066528320312
0,-0.4989969730377197,-189.49425721168518,-0.0002834796905517578,0,0.0010030269622802734
0,-0.5,-189.99425721168518,-0.0010030269622802734,0,0.0
0,-0.49898386001586914,-190.49324107170105,0.0010161399841308594,1,0.0010161399841308594
0,-0.4959414005279541,-190.989182472229,0.003042459487915039,0,0.0040585994720458984
0,-0.49949121475219727,-191.4886736869812,-0.003549814224243164,0,0.0005087852478027344
0,-0.49881696701049805,-191.9874906539917,0.0006742477416992188,0,0.0011830329895019531
0,-0.5,-192.4874906539917,-0.0011830329895019531,1,0.0
0,-0.4979887008666992,-192.9854793548584,0.0020112991333007812,0,0.0020112991333007812
0,-0.5,-193.4854793548584,-0.0020112991333007812,1,0.0
0,-0.5,-193.9854793548584,0.0,0,0.0
0,-0.498990535736084,-194.48446989059448,0.0010094642639160156,1,0.0010094642639160156
0,-0.4939568042755127,-194.97842669487,0.005033731460571289,0,0.006043195724487305
0,-0.5,-195.47842669487,-0.006043195724487305,1,0.0
0,-0.49852800369262695,-195.97695469856262,0.0014719963073730469,0,0.0014719963073730469
0,-0.5,-196.47695469856262,-0.0014719963073730469,1,0.0
0,-0.5,-196.97695469856262,0.0,0,0.0
0,-0.4989917278289795,-197.4759464263916,0.0010082721710205078,1,0.0010082721710205078
0,-0.497387170791626,-197.97333359718323,0.0016045570373535156,0,0.0026128292083740234
0,-0.49890685081481934,-198.47224044799805,-0.0015196800231933594,0,0.001093149185180664
0,-0.49593448638916016,-198.9681749343872,0.0029723644256591797,0,0.004065513610839844
0,-0.5,-199.4681749343872,-0.004065513610839844,1,0.0
0,-0.5,-199.9681749343872,0.0,0,0.0
0,-0.4989142417907715,-200.46708917617798,0.0010857582092285156,1,0.0010857582092285156
0,-0.496981143951416,-200.9640703201294,0.0019330978393554688,0,0.0030188560485839844
0,-0.49897170066833496,-201.46304202079773,-0.0019905567169189453,1,0.001028299331665039
0,-0.49799609184265137,-201.96103811264038,0.0009756088256835938,0,0.002003908157348633
0,-0.5,-202.46103811264038,-0.002003908157348633,1,0.0
0,-0.49897170066833496,-202.96000981330872,0.001028299331665039,0,0.001028299331665039
0,-0.5,-203.46000981330872,-0.001028299331665039,1,0.0
0,-0.5,-203.96000981330872,0.0,0,0.0
0,-0.4999270439147949,-204.4599368572235,7.295608520507812e-05,1,7.295608520507812e-05
0,-0.4991264343261719,-204.95906329154968,0.0008006095886230469,0,0.000873565673828125
0,-0.49892687797546387,-205.45799016952515,0.0001995563507080078,0,0.0010731220245361328
0,-0.4979829788208008,-205.95597314834595,0.0009438991546630859,0,0.0020170211791992188
0,-0.5,-206.45597314834595,-0.0020170211791992188,0,0.0
0,-0.4949831962585449,-206.9509563446045,0.005016803741455078,0,0.005016803741455078
0,-0.49900293350219727,-207.4499592781067,-0.004019737243652344,1,0.0009970664978027344
0,-0.49900007247924805,-207.94895935058594,2.86102294921875e-06,0,0.0009999275207519531
0,-0.5,-208.44895935058594,-0.0009999275207519531,1,0.0
0,-0.5,-208.94895935058594,0.0,0,0.0
0,-0.5,-209.44895935058594,0.0,0,0.0
0,-0.4969296455383301,-209.94588899612427,0.003070354461669922,0,0.003070354461669922
0,-0.4989175796508789,-210.44480657577515,-0.001987934112548828,1,0.0010824203491210938
0,-0.49593138694763184,-210.94073796272278,0.0029861927032470703,0,0.004068613052368164
0,-0.5,-211.44073796272278,-0.004068613052368164,1,0.0
0,-0.49749112129211426,-211.9382290840149,0.002508878707885742,0,0.002508878707885742
0,-0.49895167350769043,-212.43718075752258,-0.0014605522155761719,1,0.0010483264923095703
0,-0.49793100357055664,-212.93511176109314,0.001020669937133789,0,0.0020689964294433594
0,-0.5,-213.43511176109314,-0.0020689964294433594,1,0.0
0,-0.5,-213.93511176109314,0.0,0,0.0
0,-0.5,-214.43511176109314,0.0,1,0.0
0,-0.5,-214.93511176109314,0.0,0,0.0
0,-0.49899959564208984,-215.43411135673523,0.0010004043579101562,1,0.0010004043579101562
0,-0.4980041980743408,-215.93211555480957,0.0009953975677490234,0,0.0019958019256591797
0,-0.5,-216.43211555480957,-0.0019958019256591797,1,0.0
0,-0.4985044002532959,-216.93061995506287,0.0014955997467041016,0,0.0014955997467041016
0,-0.49899983406066895,-217.42961978912354,-0.0004954338073730469,1,0.0010001659393310547
0,-0.4984462261199951,-217.92806601524353,0.0005536079406738281,0,0.0015537738800048828
0,-0.49897146224975586,-218.4270374774933,-0.0005252361297607422,1,0.0010285377502441406
0,-0.4969344139099121,-218.9239718914032,0.00203704833984375,0,0.0030655860900878906
0,-0.4998130798339844,-219.42378497123718,-0.0028786659240722656,1,0.000186920166015625
0,-0.5,-219.92378497123718,-0.000186920166015625,0,0.0
0,-0.5,-220.42378497123718,0.0,1,0.0
0,-0.49500346183776855,-220.91878843307495,0.004996538162231445,0,0.004996538162231445
0,-0.5,-221.41878843307495,-0.004996538162231445,1,0.0
0,-0.4989321231842041,-221.91772055625916,0.0010678768157958984,0,0.0010678768157958984
0,-0.5,-222.41772055625916,-0.0010678768157958984,0,0.0
0,-0.4964573383331299,-222.91417789459229,0.003542661666870117,0,0.003542661666870117
0,-0.5,-223.41417789459229,-0.003542661666870117,0,0.0
0,-0.4969971179962158,-223.9111750125885,0.0030028820037841797,0,0.0030028820037841797
0,-0.5,-224.4111750125885,-0.0030028820037841797,0,0.0
0,-0.4994800090789795,-224.91065502166748,0.0005199909210205078,0,0.0005199909210205078
0,-0.5,-225.41065502166748,-0.0005199909210205078,1,0.0
0,-0.5,-225.91065502166748,0.0,0,0.0
0,-0.5,-226.41065502166748,0.0,0,0.0
0,-0.4989199638366699,-226.90957498550415,0.0010800361633300781,2,0.0010800361633300781
0,-0.49807214736938477,-227.40764713287354,0.0008478164672851562,1,0.0019278526306152344
0,-0.4970090389251709,-227.9046561717987,0.0010631084442138672,0,0.0029909610748291016
0,-0.5,-228.4046561717987,-0.0029909610748291016,0,0.0
0,-0.49900126457214355,-228.90365743637085,0.0009987354278564453,0,0.0009987354278564453
0,-0.5,-229.40365743637085,-0.0009987354278564453,0,0.0
0,-0.5,-229.90365743637085,0.0,0,0.0
0,-0.498992919921875,-230.40265035629272,0.001007080078125,0,0.001007080078125
0,-0.496004581451416,-230.89865493774414,0.0029883384704589844,0,0.003995418548583984
0,-0.5,-231.39865493774414,-0.003995418548583984,0,0.0
0,-0.5,-231.89865493774414,0.0,0,0.0
0,-0.5,-232.39865493774414,0.0,1,0.0
0,-0.4975399971008301,-232.89619493484497,0.002460002899169922,0,0.002460002899169922
0,-0.5,-233.39619493484497,-0.002460002899169922,1,0.0
0,-0.5,-233.89619493484497,0.0,0,0.0
0,-0.5,-234.39619493484497,0.0,0,0.0
0,-0.49500441551208496,-234.89119935035706,0.004995584487915039,0,0.004995584487915039
0,-0.4989488124847412,-235.3901481628418,-0.00394439697265625,0,0.001051187515258789
0,-0.49905920028686523,-235.88920736312866,-0.00011038780212402344,0,0.0009407997131347656
0,-0.5,-236.38920736312866,-0.0009407997131347656,0,0.0
0,-0.5,-236.88920736312866,0.0,0,0.0
0,-0.5,-237.38920736312866,0.0,1,0.0
0,-0.5,-237.88920736312866,0.0,0,0.0
0,-0.5,-238.38920736312866,0.0,1,0.0
0,-0.4979870319366455,-238.8871943950653,0.002012968063354492,0,0.002012968063354492
0,-0.49900150299072266,-239.38619589805603,-0.0010144710540771484,1,0.0009984970092773438
0,-0.4960160255432129,-239.88221192359924,0.0029854774475097656,0,0.003983974456787109
0,-0.5,-240.38221192359924,-0.003983974456787109,1,0.0
0,-0.5,-240.88221192359924,0.0,0,0.0
0,-0.5,-241.38221192359924,0.0,1,0.0
0,-0.49808239936828613,-241.88029432296753,0.0019176006317138672,0,0.0019176006317138672
0,-0.49900126457214355,-242.37929558753967,-0.0009188652038574219,1,0.0009987354278564453
0,-0.49601316452026367,-242.87530875205994,0.002988100051879883,0,0.003986835479736328
0,-0.5,-243.37530875205994,-0.003986835479736328,1,0.0
0,-0.49900269508361816,-243.87431144714355,0.000997304916381836,0,0.000997304916381836
0,-0.4995381832122803,-244.37384963035583,-0.0005354881286621094,1,0.00046181678771972656
0,-0.4978775978088379,-244.87172722816467,0.0016605854034423828,0,0.0021224021911621094
0,-0.5,-245.37172722816467,-0.0021224021911621094,1,0.0
0,-0.4984097480773926,-245.87013697624207,0.0015902519226074219,0,0.0015902519226074219
0,-0.49949026107788086,-246.36962723731995,-0.0010805130004882812,1,0.0005097389221191406
0,-0.4993326663970947,-246.86895990371704,0.0001575946807861328,0,0.0006673336029052734
0,-0.4995310306549072,-247.36849093437195,-0.0001983642578125,1,0.00046896934509277344
0,-0.4971766471862793,-247.86566758155823,0.0023543834686279297,0,0.002823352813720703
0,-0.5,-248.36566758155823,-0.002823352813720703,1,0.0
0,-0.49900150299072266,-248.86466908454895,0.0009984970092773438,0,0.0009984970092773438
0,-0.5,-249.36466908454895,-0.0009984970092773438,0,0.0
0,-0.49900126457214355,-249.8636703491211,0.0009987354278564453,0,0.0009987354278564453
0,-0.5,-250.3636703491211,-0.0009987354278564453,1,0.0
0,-0.5,-250.8636703491211,0.0,0,0.0
0,-0.5,-251.3636703491211,0.0,1,0.0
0,-0.49596619606018066,-251.85963654518127,0.004033803939819336,0,0.004033803939819336
0,-0.4989919662475586,-252.35862851142883,-0.0030257701873779297,1,0.0010080337524414062
0,-0.4980044364929199,-252.85663294792175,0.0009875297546386719,0,0.001995563507080078
0,-0.4993317127227783,-253.35596466064453,-0.0013272762298583984,1,0.0006682872772216797
0,-0.4937167167663574,-253.8496813774109,0.0056149959564208984,0,0.006283283233642578
0,-0.5,-254.3496813774109,-0.006283283233642578,0,0.0
0,-0.5,-254.8496813774109,0.0,0,0.0
0,-0.49897313117980957,-255.3486545085907,0.0010268688201904297,1,0.0010268688201904297
0,-0.49599552154541016,-255.8446500301361,0.002977609634399414,0,0.004004478454589844
0,-0.49899744987487793,-256.343647480011,-0.0030019283294677734,1,0.0010025501251220703
0,-0.49695658683776855,-256.84060406684875,0.002040863037109375,0,0.0030434131622314453
0,-0.5,-257.34060406684875,-0.0030434131622314453,1,0.0
0,-0.5,-257.84060406684875,0.0,0,0.0
0,-0.5,-258.34060406684875,0.0,0,0.0
0,-0.49498987197875977,-258.8355939388275,0.005010128021240234,0,0.005010128021240234
0,-0.5,-259.3355939388275,-0.005010128021240234,1,0.0
0,-0.4954037666320801,-259.8309977054596,0.004596233367919922,0,0.004596233367919922
0,-0.5,-260.3309977054596,-0.004596233367919922,0,0.0
0,-0.49344921112060547,-260.8244469165802,0.006550788879394531,0,0.006550788879394531
0,-0.5,-261.3244469165802,-0.006550788879394531,1,0.0
0,-0.5,-261.8244469165802,0.0,0,0.0
0,-0.4989914894104004,-262.3234384059906,0.0010085105895996094,1,0.0010085105895996094
0,-0.4959523677825928,-262.8193907737732,0.003039121627807617,0,0.0040476322174072266
0,-0.49942922592163086,-263.3188199996948,-0.003476858139038086,1,0.0005707740783691406
0,-0.4963810443878174,-263.81520104408264,0.0030481815338134766,0,0.003618955612182617
0,-0.49898695945739746,-264.31418800354004,-0.002605915069580078,1,0.001013040542602539
0,-0.497952938079834,-264.8121409416199,0.0010340213775634766,0,0.0020470619201660156
0,-0.5,-265.3121409416199,-0.0020470619201660156,1,0.0
0,-0.49900197982788086,-265.81114292144775,0.0009980201721191406,0,0.0009980201721191406
0,-0.4989452362060547,-266.3100881576538,5.6743621826171875e-05,1,0.0010547637939453125
0,-0.49546098709106445,-266.8055491447449,0.0034842491149902344,0,0.004539012908935547
0,-0.49897336959838867,-267.30452251434326,-0.0035123825073242188,0,0.0010266304016113281
0,-0.496016263961792,-267.80053877830505,0.0029571056365966797,0,0.003983736038208008
0,-0.498943567276001,-268.29948234558105,-0.0029273033142089844,1,0.0010564327239990234
0,-0.4979372024536133,-268.79741954803467,0.0010063648223876953,0,0.0020627975463867188
0,-0.5,-269.29741954803467,-0.0020627975463867188,0,0.0
0,-0.4967947006225586,-269.7942142486572,0.0032052993774414062,0,0.0032052993774414062
0,-0.5,-270.2942142486572,-0.0032052993774414062,1,0.0
0,-0.49900102615356445,-270.7932152748108,0.0009989738464355469,0,0.0009989738464355469
0,-0.5,-271.2932152748108,-0.0009989738464355469,1,0.0
0,-0.4951515197753906,-271.7883667945862,0.004848480224609375,0,0.004848480224609375
0,-0.4986729621887207,-272.2870397567749,-0.003521442413330078,1,0.0013270378112792969
0,-0.4976687431335449,-272.78470849990845,0.0010042190551757812,0,0.002331256866455078
0,-0.49962377548217773,-273.2843322753906,-0.0019550323486328125,0,0.0003762245178222656
0,-0.5,-273.7843322753906,-0.0003762245178222656,0,0.0
0,-0.4989743232727051,-274.28330659866333,0.0010256767272949219,1,0.0010256767272949219
0,-0.49595046043395996,-274.7792570590973,0.003023862838745117,0,0.004049539566040039
0,-0.4989798069000244,-275.2782368659973,-0.003029346466064453,1,0.001020193099975586
0,-0.4959726333618164,-275.77420949935913,0.003007173538208008,0,0.004027366638183594
0,-0.5,-276.27420949935913,-0.004027366638183594,1,0.0
0,-0.5,-276.77420949935913,0.0,0,0.0
0,-0.49896812438964844,-277.2731776237488,0.0010318756103515625,0,0.0010318756103515625
0,-0.4989962577819824,-277.77217388153076,-2.8133392333984375e-05,0,0.0010037422180175781
0,-0.5,-278.27217388153076,-0.0010037422180175781,1,0.0
0,-0.5,-278.77217388153076,0.0,0,0.0
0,-0.5,-279.27217388153076,0.0,1,0.0
0,-0.4955439567565918,-279.76771783828735,0.004456043243408203,0,0.004456043243408203
0,-0.4994843006134033,-280.26720213890076,-0.0039403438568115234,1,0.0005156993865966797
0,-0.49761462211608887,-280.76481676101685,0.0018696784973144531,0,0.002385377883911133
0,-0.5,-281.26481676101685,-0.002385377883911133,1,0.0
0,-0.4990992546081543,-281.763916015625,0.0009007453918457031,0,0.0009007453918457031
0,-0.5,-282.263916015625,-0.0009007453918457031,0,0.0
0,-0.5,-282.763916015625,0.0,0,0.0
0,-0.5,-283.263916015625,0.0,1,0.0
0,-0.5,-283.763916015625,0.0,0,0.0
0,-0.49900269508361816,-284.2629187107086,0.000997304916381836,1,0.000997304916381836
0,-0.499004602432251,-284.76192331314087,-1.9073486328125e-06,0,0.0009953975677490234
0,-0.4997997283935547,-285.2617230415344,-0.0007951259613037109,1,0.0002002716064453125
0,-0.5,-285.7617230415344,-0.0002002716064453125,0,0.0
0,-0.5,-286.2617230415344,0.0,1,0.0
0,-0.5,-286.7617230415344,0.0,0,0.0
0,-0.49898386001586914,-287.2607069015503,0.0010161399841308594,1,0.0010161399841308594
0,-0.49800610542297363,-287.75871300697327,0.0009777545928955078,0,0.001993894577026367
0,-0.49948549270629883,-288.25819849967957,-0.0014793872833251953,0,0.0005145072937011719
0,-0.49700188636779785,-288.75520038604736,0.0024836063385009766,0,0.0029981136322021484
0,-0.5,-289.25520038604736,-0.0029981136322021484,1,0.0
0,-0.5,-289.75520038604736,0.0,0,0.0
0,-0.5,-290.25520038604736,0.0,0,0.0
0,-0.5,-290.75520038604736,0.0,0,0.0
0,-0.5,-291.25520038604736,0.0,0,0.0
0,-0.5,-291.75520038604736,0.0,0,0.0
0,-0.5,-292.25520038604736,0.0,1,0.0
0,-0.5,-292.75520038604736,0.0,0,0.0
0,-0.5,-293.25520038604736,0.0,1,0.0
0,-0.5,-293.75520038604736,0.0,0,0.0
0,-0.5,-294.25520038604736,0.0,1,0.0
0,-0.5,-294.75520038604736,0.0,0,0.0
0,-0.5,-295.25520038604736,0.0,0,0.0
0,-0.49893832206726074,-295.7541387081146,0.0010616779327392578,0,0.0010616779327392578
0,-0.49898576736450195,-296.2531244754791,-4.744529724121094e-05,1,0.0010142326354980469
0,-0.49601125717163086,-296.74913573265076,0.0029745101928710938,0,0.003988742828369141
0,-0.5,-297.24913573265076,-0.003988742828369141,1,0.0
0,-0.4980814456939697,-297.7472171783447,0.0019185543060302734,0,0.0019185543060302734
0,-0.5,-298.2472171783447,-0.0019185543060302734,1,0.0
0,-0.5,-298.7472171783447,0.0,0,0.0
0,-0.5,-299.2472171783447,0.0,0,0.0
0,-0.49893856048583984,-299.74615573883057,0.0010614395141601562,0,0.0010614395141601562
0,-0.5,-300.24615573883057,-0.0010614395141601562,0,0.0
0,-0.49900150299072266,-300.7451572418213,0.0009984970092773438,0,0.0009984970092773438
0,-0.5,-301.2451572418213,-0.0009984970092773438,1,0.0
0,-0.4990837574005127,-301.7442409992218,0.0009162425994873047,0,0.0009162425994873047
0,-0.49796414375305176,-302.24220514297485,0.0011196136474609375,1,0.002035856246948242
0,-0.4965219497680664,-302.7387270927429,0.0014421939849853516,0,0.0034780502319335938
0,-0.5,-303.2387270927429,-0.0034780502319335938,1,0.0
0,-0.4994974136352539,-303.7382245063782,0.0005025863647460938,0,0.0005025863647460938
0,-0.4986147880554199,-304.2368392944336,0.0008826255798339844,0,0.0013852119445800781
0,-0.5,-304.7368392944336,-0.0013852119445800781,0,0.0
0,-0.5,-305.2368392944336,0.0,1,0.0
0,-0.4989914894104004,-305.735830783844,0.0010085105895996094,0,0.0010085105895996094
0,-0.5,-306.235830783844,-0.0010085105895996094,1,0.0
0,-0.5,-306.735830783844,0.0,0,0.0
0,-0.4989132881164551,-307.23474407196045,0.0010867118835449219,1,0.0010867118835449219
0,-0.49587512016296387,-307.7306191921234,0.003038167953491211,0,0.004124879837036133
0,-0.4987943172454834,-308.2294135093689,-0.0029191970825195312,1,0.0012056827545166016
0,-0.4951503276824951,-308.7245638370514,0.0036439895629882812,0,0.004849672317504883
0,-0.49924802780151367,-309.2238118648529,-0.004097700119018555,1,0.0007519721984863281
0,-0.49951171875,-309.7233235836029,-0.0002636909484863281,0,0.00048828125
0,-0.5,-310.2233235836029,-0.00048828125,1,0.0
0,-0.5,-310.7233235836029,0.0,0,0.0
0,-0.5,-311.2233235836029,0.0,1,0.0
0,-0.4985768795013428,-311.72190046310425,0.0014231204986572266,0,0.0014231204986572266
0,-0.5,-312.22190046310425,-0.0014231204986572266,2,0.0
0,-0.49800992012023926,-312.7199103832245,0.001990079879760742,1,0.001990079879760742
0,-0.4963064193725586,-313.21621680259705,0.001703500747680664,1,0.0036935806274414062
0,-0.4952995777130127,-313.71151638031006,0.0010068416595458984,0,0.004700422286987305
0,-0.5,-314.21151638031006,-0.004700422286987305,0,0.0
0,-0.49898791313171387,-314.7105042934418,0.0010120868682861328,0,0.0010120868682861328
0,-0.5,-315.2105042934418,-0.0010120868682861328,0,0.0
0,-0.5,-315.7105042934418,0.0,0,0.0
0,-0.5,-316.2105042934418,0.0,0,0.0
0,-0.5,-316.7105042934418,0.0,0,0.0
0,-0.49938130378723145,-317.209885597229,0.0006186962127685547,1,0.0006186962127685547
0,-0.49825072288513184,-317.70813632011414,0.0011305809020996094,0,0.001749277114868164
0,-0.4995276927947998,-318.20766401290894,-0.0012769699096679688,1,0.0004723072052001953
0,-0.4988102912902832,-318.7064743041992,0.0007174015045166016,0,0.0011897087097167969
0,-0.5,-319.2064743041992,-0.0011897087097167969,1,0.0
0,-0.4968841075897217,-319.70335841178894,0.0031158924102783203,0,0.0031158924102783203
0,-0.4989817142486572,-320.2023401260376,-0.002097606658935547,1,0.0010182857513427734
0,-0.49393177032470703,-320.6962718963623,0.005049943923950195,0,0.006068229675292969
0,-0.5,-321.1962718963623,-0.006068229675292969,1,0.0
0,-0.49898314476013184,-321.69525504112244,0.001016855239868164,0,0.001016855239868164
0,-0.5,-322.19525504112244,-0.001016855239868164,1,0.0
0,-0.5,-322.69525504112244,0.0,0,0.0
0,-0.5,-323.19525504112244,0.0,0,0.0
0,-0.4954798221588135,-323.69073486328125,0.0045201778411865234,0,0.0045201778411865234
0,-0.4989187717437744,-324.189653635025,-0.0034389495849609375,1,0.001081228256225586
0,-0.4960193634033203,-324.68567299842834,0.0028994083404541016,0,0.0039806365966796875
0,-0.5,-325.18567299842834,-0.0039806365966796875,1,0.0
0,-0.49811649322509766,-325.68378949165344,0.0018835067749023438,0,0.0018835067749023438
0,-0.5,-326.18378949165344,-0.0018835067749023438,1,0.0
0,-0.4956634044647217,-326.67945289611816,0.00433659553527832,0,0.00433659553527832
0,-0.4990806579589844,-327.17853355407715,-0.0034172534942626953,0,0.000919342041015625
0,-0.49657320976257324,-327.6751067638397,0.002507448196411133,0,0.003426790237426758
0,-0.5,-328.1751067638397,-0.003426790237426758,1,0.0
0,-0.49836277961730957,-328.67346954345703,0.0016372203826904297,0,0.0016372203826904297
0,-0.5,-329.17346954345703,-0.0016372203826904297,0,0.0
0,-0.4983937740325928,-329.6718633174896,0.0016062259674072266,0,0.0016062259674072266
0,-0.5,-330.1718633174896,-0.0016062259674072266,0,0.0
0,-0.49823737144470215,-330.6701006889343,0.0017626285552978516,0,0.0017626285552978516
0,-0.5,-331.1701006889343,-0.0017626285552978516,1,0.0
0,-0.5,-331.6701006889343,0.0,0,0.0
0,-0.5,-332.1701006889343,0.0,0,0.0
0,-0.5,-332.6701006889343,0.0,0,0.0
0,-0.4994082450866699,-333.169508934021,0.0005917549133300781,1,0.0005917549133300781
0,-0.4973273277282715,-333.66683626174927,0.0020809173583984375,0,0.0026726722717285156
0,-0.49898600578308105,-334.16582226753235,-0.0016586780548095703,1,0.0010139942169189453
0,-0.4988226890563965,-334.66464495658875,0.0001633167266845703,0,0.0011773109436035156
0,-0.5,-335.16464495658875,-0.0011773109436035156,1,0.0
0,-0.4954085350036621,-335.6600534915924,0.004591464996337891,0,0.004591464996337891
0,-0.4988558292388916,-336.1589093208313,-0.003447294235229492,1,0.0011441707611083984
0,-0.49904537200927734,-336.6579546928406,-0.0001895427703857422,0,0.0009546279907226562
0,-0.49968957901000977,-337.1576442718506,-0.0006442070007324219,1,0.0003104209899902344
0,-0.49896883964538574,-337.656613111496,0.0007207393646240234,0,0.0010311603546142578
0,-0.5,-338.156613111496,-0.0010311603546142578,1,0.0
0,-0.4994974136352539,-338.6561105251312,0.0005025863647460938,0,0.0005025863647460938
0,-0.499406099319458,-339.1555166244507,9.131431579589844e-05,1,0.0005939006805419922
0,-0.4962899684906006,-339.6518065929413,0.003116130828857422,0,0.003710031509399414
0,-0.49897050857543945,-340.1507771015167,-0.002680540084838867,0,0.0010294914245605469
0,-0.49790048599243164,-340.64867758750916,0.0010700225830078125,0,0.0020995140075683594
0,-0.5,-341.14867758750916,-0.0020995140075683594,1,0.0
0,-0.49892234802246094,-341.6475999355316,0.0010776519775390625,0,0.0010776519775390625
0,-0.5,-342.1475999355316,-0.0010776519775390625,1,0.0
0,-0.49791717529296875,-342.6455171108246,0.00208282470703125,0,0.00208282470703125
0,-0.5,-343.1455171108246,-0.00208282470703125,1,0.0
0,-0.49802660942077637,-343.64354372024536,0.001973390579223633,0,0.001973390579223633
0,-0.5,-344.14354372024536,-0.001973390579223633,1,0.0
0,-0.49900245666503906,-344.6425461769104,0.0009975433349609375,0,0.0009975433349609375
0,-0.5,-345.1425461769104,-0.0009975433349609375,1,0.0
0,-0.49548959732055664,-345.63803577423096,0.004510402679443359,0,0.004510402679443359
0,-0.5,-346.13803577423096,-0.004510402679443359,1,0.0
0,-0.4993903636932373,-346.6374261379242,0.0006096363067626953,0,0.0006096363067626953
0,-0.5,-347.1374261379242,-0.0006096363067626953,1,0.0
0,-0.5,-347.6374261379242,0.0,0,0.0
0,-0.4992084503173828,-348.1366345882416,0.0007915496826171875,1,0.0007915496826171875
0,-0.5,-348.6366345882416,-0.0007915496826171875,0,0.0
0,-0.5,-349.1366345882416,0.0,1,0.0
0,-0.49500560760498047,-349.63164019584656,0.004994392395019531,0,0.004994392395019531
0,-0.5,-350.13164019584656,-0.004994392395019531,1,0.0
0,-0.49834227561950684,-350.62998247146606,0.001657724380493164,0,0.001657724380493164
0,-0.4994840621948242,-351.1294665336609,-0.0011417865753173828,0,0.0005159378051757812
0,-0.5,-351.6294665336609,-0.0005159378051757812,0,0.0
0,-0.5,-352.1294665336609,0.0,0,0.0
0,-0.5,-352.6294665336609,0.0,0,0.0
0,-0.5,-353.1294665336609,0.0,0,0.0
0,-0.4990077018737793,-353.62847423553467,0.0009922981262207031,0,0.0009922981262207031
0,-0.49900293350219727,-354.12747716903687,4.76837158203125e-06,0,0.0009970664978027344
0,-0.49956798553466797,-354.62704515457153,-0.0005650520324707031,0,0.00043201446533203125
0,-0.5,-355.12704515457153,-0.00043201446533203125,1,0.0
0,-0.4924652576446533,-355.6195104122162,0.00753474235534668,0,0.00753474235534668
0,-0.5,-356.1195104122162,-0.00753474235534668,1,0.0
0,-0.5,-356.6195104122162,0.0,0,0.0
0,-0.4989194869995117,-357.1184298992157,0.0010805130004882812,1,0.0010805130004882812
0,-0.49634861946105957,-357.61477851867676,0.0025708675384521484,0,0.0036513805389404297
0,-0.5,-358.11477851867676,-0.0036513805389404297,0,0.0
0,-0.5,-358.61477851867676,0.0,0,0.0
0,-0.5,-359.11477851867676,0.0,1,0.0
0,-0.5,-359.61477851867676,0.0,0,0.0
0,-0.5,-360.11477851867676,0.0,1,0.0
0,-0.48797035217285156,-360.6027488708496,0.012029647827148438,0,0.012029647827148438
0,-0.4990050792694092,-361.101753950119,-0.011034727096557617,0,0.0009949207305908203
0,-0.49877071380615234,-361.60052466392517,0.00023436546325683594,0,0.0012292861938476562
0,-0.5,-362.10052466392517,-0.0012292861938476562,0,0.0
0,-0.5,-362.60052466392517,0.0,0,0.0
0,-0.4984700679779053,-363.0989947319031,0.0015299320220947266,1,0.0015299320220947266
0,-0.49700307846069336,-363.59599781036377,0.001466989517211914,0,0.0029969215393066406
0,-0.4989752769470215,-364.0949730873108,-0.001972198486328125,1,0.0010247230529785156
0,-0.4977881908416748,-364.59276127815247,0.0011870861053466797,0,0.0022118091583251953
0,-0.5,-365.09276127815247,-0.0022118091583251953,1,0.0
0,-0.49852895736694336,-365.5912902355194,0.0014710426330566406,0,0.0014710426330566406
0,-0.5,-366.0912902355194,-0.0014710426330566406,1,0.0
0,-0.4982287883758545,-366.58951902389526,0.0017712116241455078,0,0.0017712116241455078
0,-0.49948978424072266,-367.089008808136,-0.001260995864868164,1,0.0005102157592773438
0,-0.4964127540588379,-367.5854215621948,0.0030770301818847656,0,0.0035872459411621094
0,-0.49896860122680664,-368.08439016342163,-0.00255584716796875,0,0.0010313987731933594
0,-0.4989004135131836,-368.5832905769348,6.818771362304688e-05,0,0.0010995864868164062
0,-0.4990234375,-369.0823140144348,-0.00012302398681640625,1,0.0009765625
0,-0.49795961380004883,-369.58027362823486,0.0010638236999511719,0,0.002040386199951172
0,-0.5,-370.08027362823486,-0.002040386199951172,1,0.0
0,-0.5,-370.58027362823486,0.0,0,0.0
0,-0.5,-371.08027362823486,0.0,1,0.0
0,-0.5,-371.58027362823486,0.0,0,0.0
0,-0.49898767471313477,-372.079261302948,0.0010123252868652344,0,0.0010123252868652344
0,-0.4975700378417969,-372.5768313407898,0.0014176368713378906,0,0.002429962158203125
0,-0.5,-373.0768313407898,-0.002429962158203125,0,0.0
0,-0.4970066547393799,-373.5738379955292,0.002993345260620117,0,0.002993345260620117
0,-0.5,-374.0738379955292,-0.002993345260620117,1,0.0
0,-0.5,-374.5738379955292,0.0,0,0.0
0,-0.4994814395904541,-375.07331943511963,0.0005185604095458984,1,0.0005185604095458984
0,-0.49537158012390137,-375.56869101524353,0.004109859466552734,0,0.004628419876098633
0,-0.4989891052246094,-376.06768012046814,-0.003617525100708008,1,0.001010894775390625
0,-0.49699878692626953,-376.5646789073944,0.0019903182983398438,0,0.0030012130737304688
0,-0.49947190284729004,-377.0641508102417,-0.002473115921020508,0,0.0005280971527099609
0,-0.4989004135131836,-377.5630512237549,0.0005714893341064453,0,0.0010995864868164062
0,-0.5,-378.0630512237549,-0.0010995864868164062,0,0.0
0,-0.49893832206726074,-378.56198954582214,0.0010616779327392578,0,0.0010616779327392578
0,-0.4994063377380371,-379.0613958835602,-0.0004680156707763672,1,0.0005936622619628906
0,-0.49689769744873047,-379.5582935810089,0.0025086402893066406,0,0.0031023025512695312
0,-0.5,-380.0582935810089,-0.0031023025512695312,1,0.0
0,-0.5,-380.5582935810089,0.0,0,0.0
0,-0.5,-381.0582935810089,0.0,1,0.0
0,-0.4910132884979248,-381.54930686950684,0.008986711502075195,0,0.008986711502075195
0,-0.4990518093109131,-382.04835867881775,-0.008038520812988281,0,0.0009481906890869141
0,-0.4980027675628662,-382.5463614463806,0.001049041748046875,0,0.001997232437133789
0,-0.49944114685058594,-383.0458025932312,-0.0014383792877197266,1,0.0005588531494140625
0,-0.4960031509399414,-383.54180574417114,0.0034379959106445312,0,0.003996849060058594
0,-0.4989960193634033,-384.04080176353455,-0.002992868423461914,1,0.0010039806365966797
0,-0.49839067459106445,-384.5391924381256,0.0006053447723388672,0,0.0016093254089355469
0,-0.4994826316833496,-385.03867506980896,-0.0010919570922851562,1,0.0005173683166503906
0,-0.49637889862060547,-385.53505396842957,0.0031037330627441406,0,0.0036211013793945312
0,-0.4989771842956543,-386.0340311527252,-0.002598285675048828,0,0.0010228157043457031
0,-0.49895381927490234,-386.5329849720001,2.3365020751953125e-05,0,0.0010461807250976562
0,-0.5,-387.0329849720001,-0.0010461807250976562,0,0.0
0,-0.49845290184020996,-387.53143787384033,0.001547098159790039,0,0.001547098159790039
0,-0.4989767074584961,-388.0304145812988,-0.0005238056182861328,1,0.0010232925415039062
0,-0.4979519844055176,-388.52836656570435,0.0010247230529785156,0,0.002048015594482422
0,-0.5,-389.02836656570435,-0.002048015594482422,0,0.0
0,-0.5,-389.52836656570435,0.0,0,0.0
0,-0.4989144802093506,-390.0272810459137,0.001085519790649414,1,0.001085519790649414
0,-0.4979405403137207,-390.5252215862274,0.0009739398956298828,0,0.002059459686279297
0,-0.49949193000793457,-391.02471351623535,-0.0015513896942138672,0,0.0005080699920654297
0,-0.49949193000793457,-391.5242054462433,0.0,0,0.0005080699920654297
0,-0.4989910125732422,-392.0231964588165,0.0005009174346923828,1,0.0010089874267578125
0,-0.4973330497741699,-392.5205295085907,0.0016579627990722656,0,0.002666950225830078
0,-0.4994196891784668,-393.01994919776917,-0.002086639404296875,0,0.0005803108215332031
0,-0.4963688850402832,-393.51631808280945,0.0030508041381835938,0,0.003631114959716797
0,-0.5,-394.01631808280945,-0.003631114959716797,2,0.0
0,-0.4994924068450928,-394.51581048965454,0.0005075931549072266,0,0.0005075931549072266
0,-0.49696850776672363,-395.01277899742126,0.0025238990783691406,0,0.003031492233276367
0,-0.49900007247924805,-395.5117790699005,-0.002031564712524414,0,0.0009999275207519531
0,-0.5,-396.0117790699005,-0.0009999275207519531,0,0.0
0,-0.4969627857208252,-396.50874185562134,0.0030372142791748047,0,0.0030372142791748047
0,-0.49898529052734375,-397.0077271461487,-0.0020225048065185547,0,0.00101470947265625
0,-0.4990856647491455,-397.5068128108978,-0.00010037422180175781,0,0.0009143352508544922
0,-0.5,-398.0068128108978,-0.0009143352508544922,0,0.0
0,-0.5,-398.5068128108978,0.0,0,0.0
0,-0.5,-399.0068128108978,0.0,1,0.0
0,-0.5,-399.5068128108978,0.0,0,0.0
0,-0.4984622001647949,-400.0052750110626,0.0015377998352050781,0,0.0015377998352050781
0,-0.49547910690307617,-400.5007541179657,0.00298309326171875,0,0.004520893096923828
0,-0.498964786529541,-400.99971890449524,-0.0034856796264648438,1,0.0010352134704589844
0,-0.4978978633880615,-401.4976167678833,0.0010669231414794922,0,0.0021021366119384766
0,-0.49910998344421387,-401.9967267513275,-0.0012121200561523438,0,0.0008900165557861328
0,-0.4969635009765625,-402.4936902523041,0.002146482467651367,0,0.0030364990234375
0,-0.5,-402.9936902523041,-0.0030364990234375,1,0.0
0,-0.4982929229736328,-403.4919831752777,0.0017070770263671875,0,0.0017070770263671875
0,-0.4979372024536133,-403.9899203777313,0.00035572052001953125,1,0.0020627975463867188
0,-0.4960665702819824,-404.4859869480133,0.0018706321716308594,0,0.003933429718017578
0,-0.49949026107788086,-404.9854772090912,-0.0034236907958984375,0,0.0005097389221191406
0,-0.49949026107788086,-405.48496747016907,0.0,0,0.0005097389221191406
0,-0.4987618923187256,-405.9837293624878,0.0007283687591552734,1,0.001238107681274414
0,-0.498507022857666,-406.48223638534546,0.0002548694610595703,0,0.0014929771423339844
0,-0.5,-406.98223638534546,-0.0014929771423339844,1,0.0
0,-0.5,-407.48223638534546,0.0,0,0.0
0,-0.4989936351776123,-407.98123002052307,0.0010063648223876953,1,0.0010063648223876953
0,-0.497011661529541,-408.4782416820526,0.001981973648071289,0,0.0029883384704589844
0,-0.5,-408.9782416820526,-0.0029883384704589844,0,0.0
0,-0.4982788562774658,-409.4765205383301,0.0017211437225341797,0,0.0017211437225341797
0,-0.49858903884887695,-409.97510957717896,-0.0003101825714111328,1,0.0014109611511230469
0,-0.4973311424255371,-410.4724407196045,0.0012578964233398438,0,0.0026688575744628906
0,-0.49941301345825195,-410.97185373306274,-0.0020818710327148438,0,0.0005869865417480469
0,-0.49512338638305664,-411.4669771194458,0.0042896270751953125,0,0.004876613616943359
0,-0.5,-411.9669771194458,-0.004876613616943359,1,0.0
0,-0.497788667678833,-412.46476578712463,0.002211332321166992,0,0.002211332321166992
0,-0.5,-412.96476578712463,-0.002211332321166992,0,0.0
0,-0.5,-413.46476578712463,0.0,0,0.0
0,-0.5,-413.96476578712463,0.0,1,0.0
0,-0.4960043430328369,-414.46077013015747,0.003995656967163086,0,0.003995656967163086
0,-0.5,-414.96077013015747,-0.003995656967163086,1,0.0
0,-0.49849677085876465,-415.45926690101624,0.0015032291412353516,0,0.0015032291412353516
0,-0.4994969367980957,-415.95876383781433,-0.0010001659393310547,1,0.0005030632019042969
0,-0.4994969367980957,-416.4582607746124,0.0,0,0.0005030632019042969
0,-0.4989778995513916,-416.9572386741638,0.0005190372467041016,1,0.0010221004486083984
0,-0.49787259101867676,-417.4551112651825,0.0011053085327148438,0,0.002127408981323242
0,-0.4996199607849121,-417.9547312259674,-0.0017473697662353516,1,0.0003800392150878906
0,-0.5,-418.4547312259674,-0.0003800392150878906,0,0.0
0,-0.5,-418.9547312259674,0.0,2,0.0
0,-0.5,-419.4547312259674,0.0,2,0.0
0,-0.5,-419.9547312259674,0.0,1,0.0
0,-0.49500012397766113,-420.44973134994507,0.004999876022338867,0,0.004999876022338867
0,-0.5,-420.94973134994507,-0.004999876022338867,0,0.0
0,-0.49910974502563477,-421.4488410949707,0.0008902549743652344,0,0.0008902549743652344
0,-0.5,-421.9488410949707,-0.0008902549743652344,1,0.0
0,-0.5,-422.4488410949707,0.0,0,0.0
0,-0.4994986057281494,-422.94833970069885,0.0005013942718505859,1,0.0005013942718505859
0,-0.49849963188171387,-423.44683933258057,0.0009989738464355469,0,0.0015003681182861328
0,-0.49949145317077637,-423.94633078575134,-0.0009918212890625,1,0.0005085468292236328
0,-0.5,-424.44633078575134,-0.0005085468292236328,0,0.0
0,-0.5,-424.94633078575134,0.0,1,0.0
0,-0.5,-425.44633078575134,0.0,0,0.0
0,-0.5,-425.94633078575134,0.0,1,0.0
0,-0.5,-426.44633078575134,0.0,0,0.0
0,-0.49898409843444824,-426.9453148841858,0.0010159015655517578,1,0.0010159015655517578
0,-0.4959406852722168,-427.441255569458,0.0030434131622314453,0,0.004059314727783203
0,-0.49948859214782715,-427.94074416160583,-0.0035479068756103516,1,0.0005114078521728516
0,-0.49848103523254395,-428.4392251968384,0.0010075569152832031,0,0.0015189647674560547
0,-0.5,-428.9392251968384,-0.0015189647674560547,1,0.0
0,-0.5,-429.4392251968384,0.0,0,0.0
0,-0.49949026107788086,-429.93871545791626,0.0005097389221191406,1,0.0005097389221191406
0,-0.49949026107788086,-430.43820571899414,0.0,0,0.0005097389221191406
0,-0.5,-430.93820571899414,-0.0005097389221191406,1,0.0
0,-0.4989938735961914,-431.43719959259033,0.0010061264038085938,0,0.0010061264038085938
0,-0.5,-431.93719959259033,-0.0010061264038085938,0,0.0
0,-0.5,-432.43719959259033,0.0,0,0.0
0,-0.5,-432.93719959259033,0.0,0,0.0
0,-0.49899792671203613,-433.43619751930237,0.0010020732879638672,0,0.0010020732879638672
0,-0.49948859214782715,-433.9356861114502,-0.0004906654357910156,1,0.0005114078521728516
0,-0.49948859214782715,-434.435174703598,0.0,0,0.0005114078521728516
0,-0.5,-434.935174703598,-0.0005114078521728516,0,0.0
0,-0.49541211128234863,-435.43058681488037,0.004587888717651367,0,0.004587888717651367
0,-0.49947500228881836,-435.9300618171692,-0.0040628910064697266,1,0.0005249977111816406
0,-0.4994478225708008,-436.42950963974,2.7179718017578125e-05,0,0.0005521774291992188
0,-0.49895668029785156,-436.92846632003784,0.0004911422729492188,1,0.0010433197021484375
0,-0.4982335567474365,-437.4266998767853,0.0007231235504150391,0,0.0017664432525634766
0,-0.49900126457214355,-437.9257011413574,-0.0007677078247070312,1,0.0009987354278564453
0,-0.49726223945617676,-438.4229633808136,0.0017390251159667969,0,0.002737760543823242
0,-0.5,-438.9229633808136,-0.002737760543823242,0,0.0
0,-0.5,-439.4229633808136,0.0,0,0.0
0,-0.5,-439.9229633808136,0.0,1,0.0
0,-0.49452757835388184,-440.4174909591675,0.005472421646118164,0,0.005472421646118164
0,-0.49898290634155273,-440.91647386550903,-0.0044553279876708984,1,0.0010170936584472656
0,-0.5,-441.41647386550903,-0.0010170936584472656,0,0.0
0,-0.4989466667175293,-441.91542053222656,0.0010533332824707031,0,0.0010533332824707031
0,-0.49404144287109375,-442.40946197509766,0.004905223846435547,0,0.00595855712890625
0,-0.4989943504333496,-442.908456325531,-0.004952907562255859,0,0.0010056495666503906
0,-0.4989945888519287,-443.40745091438293,-2.384185791015625e-07,0,0.001005411148071289
0,-0.5,-443.90745091438293,-0.001005411148071289,1,0.0
0,-0.49564623832702637,-444.40309715270996,0.004353761672973633,0,0.004353761672973633
0,-0.5,-444.90309715270996,-0.004353761672973633,1,0.0
0,-0.49698925018310547,-445.40008640289307,0.0030107498168945312,0,0.0030107498168945312
0,-0.5,-445.90008640289307,-0.0030107498168945312,1,0.0
0,-0.4949638843536377,-446.3950502872467,0.005036115646362305,0,0.005036115646362305
0,-0.4989938735961914,-446.8940441608429,-0.004029989242553711,1,0.0010061264038085938
0,-0.4959704875946045,-447.3900146484375,0.003023386001586914,0,0.004029512405395508
0,-0.5,-447.8900146484375,-0.004029512405395508,1,0.0
0,-0.49944138526916504,-448.38945603370667,0.0005586147308349609,0,0.0005586147308349609
0,-0.5,-448.88945603370667,-0.0005586147308349609,0,0.0
0,-0.4981803894042969,-449.38763642311096,0.001819610595703125,0,0.001819610595703125
0,-0.5,-449.88763642311096,-0.001819610595703125,0,0.0
0,-0.5,-450.38763642311096,0.0,0,0.0
0,-0.4996633529663086,-450.88729977607727,0.00033664703369140625,0,0.00033664703369140625
0,-0.5,-451.38729977607727,-0.00033664703369140625,0,0.0
0,-0.5,-451.88729977607727,0.0,1,0.0
0,-0.4954404830932617,-452.38274025917053,0.004559516906738281,0,0.004559516906738281
0,-0.49900269508361816,-452.88174295425415,-0.0035622119903564453,0,0.000997304916381836
0,-0.49738025665283203,-453.379123210907,0.0016224384307861328,0,0.0026197433471679688
0,-0.5,-453.879123210907,-0.0026197433471679688,1,0.0
0,-0.5,-454.379123210907,0.0,0,0.0
0,-0.5,-454.879123210907,0.0,1,0.0
0,-0.4956364631652832,-455.37475967407227,0.004363536834716797,0,0.004363536834716797
0,-0.5,-455.87475967407227,-0.004363536834716797,1,0.0
0,-0.5,-456.37475967407227,0.0,0,0.0
0,-0.5,-456.87475967407227,0.0,1,0.0
0,-0.4990050792694092,-457.3737647533417,0.0009949207305908203,0,0.0009949207305908203
0,-0.49949097633361816,-457.8732557296753,-0.0004858970642089844,1,0.0005090236663818359
0,-0.4956936836242676,-458.36894941329956,0.003797292709350586,0,0.004306316375732422
0,-0.49897336959838867,-458.86792278289795,-0.0032796859741210938,1,0.0010266304016113281
0,-0.49900174140930176,-459.36692452430725,-2.8371810913085938e-05,0,0.0009982585906982422
0,-0.5,-459.86692452430725,-0.0009982585906982422,1,0.0
0,-0.5,-460.36692452430725,0.0,0,0.0
0,-0.4979867935180664,-460.8649113178253,0.0020132064819335938,1,0.0020132064819335938
0,-0.49779653549194336,-461.36270785331726,0.00019025802612304688,0,0.0022034645080566406
0,-0.5,-461.86270785331726,-0.0022034645080566406,1,0.0
0,-0.48369312286376953,-462.34640097618103,0.01630687713623047,0,0.01630687713623047
0,-0.4994955062866211,-462.84589648246765,-0.015802383422851562,1,0.0005044937133789062
0,-0.5,-463.34589648246765,-0.0005044937133789062,0,0.0
0,-0.5,-463.84589648246765,0.0,0,0.0
0,-0.4980001449584961,-464.34389662742615,0.0019998550415039062,0,0.0019998550415039062
0,-0.5,-464.84389662742615,-0.0019998550415039062,0,0.0
0,-0.4970102310180664,-465.3409068584442,0.0029897689819335938,0,0.0029897689819335938
0,-0.49953746795654297,-465.84044432640076,-0.0025272369384765625,1,0.00046253204345703125
0,-0.49979257583618164,-466.34023690223694,-0.0002551078796386719,0,0.00020742416381835938
0,-0.5,-466.84023690223694,-0.00020742416381835938,0,0.0
0,-0.5,-467.34023690223694,0.0,0,0.0
0,-0.49889349937438965,-467.8391304016113,0.0011065006256103516,0,0.0011065006256103516
0,-0.4975156784057617,-468.3366460800171,0.0013778209686279297,0,0.0024843215942382812
0,-0.4990086555480957,-468.8356547355652,-0.0014929771423339844,1,0.0009913444519042969
0,-0.497967004776001,-469.3336217403412,0.0010416507720947266,0,0.0020329952239990234
0,-0.5,-469.8336217403412,-0.0020329952239990234,1,0.0
0,-0.49861836433410645,-470.3322401046753,0.0013816356658935547,0,0.0013816356658935547
0,-0.5,-470.8322401046753,-0.0013816356658935547,1,0.0
0,-0.5,-471.3322401046753,0.0,0,0.0
0,-0.4987204074859619,-471.83096051216125,0.001279592514038086,1,0.001279592514038086
0,-0.4927539825439453,-485.3949511051178,0.0059664249420166016,0,0.0072460174560546875
0,-0.5,-498.9661877155304,-0.0072460174560546875,1,0.0
0,-0.4990065097808838,-498.9651942253113,0.000993490219116211,0,0.000993490219116211
0,-0.5,-498.9651942253113,-0.000993490219116211,1,0.0
0,-0.49500036239624023,-498.9601945877075,0.004999637603759766,0,0.004999637603759766
0,-0.4990379810333252,-498.961302280426,-0.004037618637084961,1,0.0009620189666748047
0,-0.49723267555236816,-498.9585349559784,0.0018053054809570312,0,0.002767324447631836
0,-0.4994652271270752,-498.95852637290955,-0.0022325515747070312,0,0.0005347728729248047
0,-0.49910998344421387,-498.958327293396,0.0003552436828613281,0,0.0008900165557861328
0,-0.498002290725708,-498.95684695243835,0.0011076927185058594,0,0.001997709274291992
0,-0.498945951461792,-498.9568238258362,-0.0009436607360839844,0,0.0010540485382080078
0,-0.49967384338378906,-498.95649766921997,-0.0007278919219970703,0,0.0003261566162109375
0,-0.49967384338378906,-498.95617151260376,0.0,0,0.0003261566162109375
0,-0.5,-498.95617151260376,-0.0003261566162109375,1,0.0
0,-0.5,-498.95617151260376,0.0,0,0.0
0,-0.4994652271270752,-498.95689964294434,0.0005347728729248047,0,0.0005347728729248047
0,-0.4984581470489502,-498.9553577899933,0.001007080078125,0,0.0015418529510498047
0,-0.4989922046661377,-498.95536708831787,-0.0005340576171875,1,0.0010077953338623047
0,-0.49704551696777344,-498.95241260528564,0.0019466876983642578,0,0.0029544830322265625
0,-0.5,-498.95327162742615,-0.0029544830322265625,1,0.0
0,-0.4989914894104004,-498.95226311683655,0.0010085105895996094,0,0.0010085105895996094
0,-0.5,-498.9532618522644,-0.0010085105895996094,0,0.0
0,-0.5,-498.9532618522644,0.0,0,0.0
0,-0.5,-498.95426082611084,0.0,1,0.0
0,-0.49890923500061035,-498.953608751297,0.0010907649993896484,0,0.0010907649993896484
0,-0.5,-498.953608751297,-0.0010907649993896484,0,0.0
0,-0.49500060081481934,-498.9498338699341,0.004999399185180664,0,0.004999399185180664
0,-0.49937009811401367,-498.9509937763214,-0.004369497299194336,1,0.0006299018859863281
0,-0.4988083839416504,-498.95038986206055,0.0005617141723632812,0,0.0011916160583496094
0,-0.5,-498.9514162540436,-0.0011916160583496094,1,0.0
0,-0.4969930648803711,-498.94943737983704,0.0030069351196289062,0,0.0030069351196289062
0,-0.5,-498.9504373073578,-0.0030069351196289062,1,0.0
0,-0.49944448471069336,-498.9498817920685,0.0005555152893066406,0,0.0005555152893066406
0,-0.5,-498.95087456703186,-0.0005555152893066406,1,0.0
0,-0.4980032444000244,-498.9488778114319,0.001996755599975586,0,0.001996755599975586
0,-0.4994831085205078,-498.95008420944214,-0.0014798641204833984,1,0.0005168914794921875
0,-0.4984607696533203,-498.9494249820709,0.0010223388671875,0,0.0015392303466796875
0,-0.5,-498.94998049736023,-0.0015392303466796875,1,0.0
0,-0.4983704090118408,-498.9493532180786,0.0016295909881591797,0,0.0016295909881591797
0,-0.5,-498.9503574371338,-0.0016295909881591797,1,0.0
0,-0.49849581718444824,-498.9517846107483,0.0015041828155517578,0,0.0015041828155517578
0,-0.5,-498.9517846107483,-0.0015041828155517578,0,0.0
0,-0.499006986618042,-498.95079159736633,0.0009930133819580078,0,0.0009930133819580078
0,-0.5,-498.95079159736633,-0.0009930133819580078,0,0.0
0,-0.5,-498.95180225372314,0.0,0,0.0
0,-0.5,-498.95180225372314,0.0,1,0.0
0,-0.49692773818969727,-498.94872999191284,0.0030722618103027344,0,0.0030722618103027344
0,-0.4997565746307373,-498.9484865665436,-0.002828836441040039,0,0.0002434253692626953
0,-0.5,-498.9484865665436,-0.0002434253692626953,0,0.0
0,-0.5,-498.949994802475,0.0,1,0.0
0,-0.5,-498.9511992931366,0.0,0,0.0
0,-0.5,-498.9511992931366,0.0,1,0.0
0,-0.4964752197265625,-498.94869923591614,0.0035247802734375,0,0.0035247802734375
0,-0.5,-498.94869923591614,-0.0035247802734375,1,0.0
0,-0.5,-498.94869923591614,0.0,0,0.0
0,-0.49962878227233887,-498.9493546485901,0.0003712177276611328,1,0.0003712177276611328
0,-0.499497652053833,-498.95128297805786,0.00013113021850585938,0,0.0005023479461669922
0,-0.49895310401916504,-498.950236082077,0.0005445480346679688,1,0.001046895980834961
0,-0.4980013370513916,-498.94982290267944,0.0009517669677734375,0,0.0019986629486083984
0,-0.5,-498.94982290267944,-0.0019986629486083984,1,0.0
0,-0.4969913959503174,-498.94681429862976,0.003008604049682617,0,0.003008604049682617
0,-0.49945497512817383,-498.94714188575745,-0.0024635791778564453,1,0.0005450248718261719
0,-0.4982149600982666,-498.9453568458557,0.0012400150299072266,0,0.0017850399017333984
0,-0.5,-498.9453568458557,-0.0017850399017333984,1,0.0
0,-0.4981050491333008,-498.943461894989,0.0018949508666992188,0,0.0018949508666992188
0,-0.5,-498.94403743743896,-0.0018949508666992188,1,0.0
0,-0.5,-498.9446129798889,0.0,0,0.0
0,-0.499497652053833,-498.94457960128784,0.0005023479461669922,1,0.0005023479461669922
0,-0.5,-498.9450888633728,-0.0005023479461669922,0,0.0
0,-0.4989793300628662,-498.94406819343567,0.001020669937133789,1,0.001020669937133789
0,-0.49579501152038574,-498.9419274330139,0.0031843185424804688,0,0.004204988479614258
0,-0.4994795322418213,-498.94140696525574,-0.003684520721435547,1,0.0005204677581787109
0,-0.5,-498.94240736961365,-0.0005204677581787109,0,0.0
0,-0.49942517280578613,-498.94183254241943,0.0005748271942138672,0,0.0005748271942138672
0,-0.5,-498.9428253173828,-0.0005748271942138672,0,0.0
0,-0.4994938373565674,-498.9433376789093,0.0005061626434326172,1,0.0005061626434326172
0,-0.4994938373565674,-498.94485449790955,0.0,0,0.0005061626434326172
0,-0.5,-498.94485449790955,-0.0005061626434326172,1,0.0
0,-0.49800634384155273,-498.9448652267456,0.0019936561584472656,0,0.0019936561584472656
0,-0.49949002265930176,-498.9453670978546,-0.0014836788177490234,1,0.0005099773406982422
0,-0.49949002265930176,-498.9469168186188,0.0,0,0.0005099773406982422
0,-0.4989938735961914,-498.94591069221497,0.0004961490631103516,0,0.0010061264038085938
0,-0.4990043640136719,-498.94491505622864,-1.049041748046875e-05,0,0.000995635986328125
0,-0.5,-498.94491505622864,-0.000995635986328125,1,0.0
0,-0.4984166622161865,-498.9433317184448,0.0015833377838134766,0,0.0015833377838134766
0,-0.49898791313171387,-498.9433264732361,-0.0005712509155273438,1,0.0010120868682861328
0,-0.4959697723388672,-498.9413495063782,0.0030181407928466797,0,0.0040302276611328125
0,-0.49965715408325195,-498.9410066604614,-0.0036873817443847656,0,0.0003428459167480469
0,-0.5,-498.94243478775024,-0.0003428459167480469,0,0.0
0,-0.5,-498.94243478775024,0.0,0,0.0
0,-0.5,-498.9444282054901,0.0,0,0.0
0,-0.49948644638061523,-498.9439146518707,0.0005135536193847656,0,0.0005135536193847656
0,-0.49899959564208984,-498.9429142475128,0.0004868507385253906,0,0.0010004043579101562
0,-0.5,-498.9429142475128,-0.0010004043579101562,1,0.0
0,-0.49883246421813965,-498.94174671173096,0.0011675357818603516,0,0.0011675357818603516
0,-0.49800705909729004,-498.93975377082825,0.0008254051208496094,0,0.001992940902709961
0,-0.4940309524536133,-498.93492698669434,0.003976106643676758,0,0.005969047546386719
0,-0.5,-498.93492698669434,-0.005969047546386719,1,0.0
0,-0.49900293350219727,-498.93392992019653,0.0009970664978027344,0,0.0009970664978027344
0,-0.49944162368774414,-498.9333715438843,-0.000438690185546875,0,0.0005583763122558594
0,-0.4973759651184082,-498.9307475090027,0.0020656585693359375,0,0.002624034881591797
0,-0.5,-498.93171191215515,-0.002624034881591797,1,0.0
0,-0.5,-498.9347131252289,0.0,0,0.0
0,-0.5,-498.93570923805237,0.0,1,0.0
0,-0.4955713748931885,-498.9332709312439,0.0044286251068115234,0,0.0044286251068115234
0,-0.4989912509918213,-498.9322621822357,-0.0034198760986328125,1,0.001008749008178711
0,-0.4979119300842285,-498.93017411231995,0.0010793209075927734,0,0.0020880699157714844
0,-0.5,-498.93017411231995,-0.0020880699157714844,1,0.0
0,-0.4994969367980957,-498.9349858760834,0.0005030632019042969,0,0.0005030632019042969
0,-0.5,-498.935400724411,-0.0005030632019042969,1,0.0
0,-0.5,-498.93590331077576,0.0,0,0.0
0,-0.4990262985229492,-498.9349296092987,0.0009737014770507812,0,0.0009737014770507812
0,-0.49759364128112793,-498.93743324279785,0.001432657241821289,0,0.0024063587188720703
0,-0.49899911880493164,-498.93769097328186,-0.001405477523803711,1,0.0010008811950683594
0,-0.4980041980743408,-498.9366958141327,0.0009949207305908203,0,0.0019958019256591797
0,-0.49947619438171387,-498.9361720085144,-0.0014719963073730469,1,0.0005238056182861328
0,-0.4984917640686035,-498.9397642612457,0.0009844303131103516,0,0.0015082359313964844
0,-0.49897217750549316,-498.9387364387512,-0.00048041343688964844,1,0.001027822494506836
0,-0.49693799018859863,-498.93667221069336,0.0020341873168945312,0,0.003062009811401367
0,-0.4994049072265625,-498.93708968162537,-0.002466917037963867,1,0.0005950927734375
0,-0.49884748458862305,-498.9400336742401,0.0005574226379394531,0,0.0011525154113769531
0,-0.4989359378814697,-498.93976163864136,-8.845329284667969e-05,1,0.0010640621185302734
0,-0.4979419708251953,-498.93970251083374,0.000993967056274414,0,0.0020580291748046875
0,-0.4989345073699951,-498.9396708011627,-0.0009925365447998047,1,0.0010654926300048828
0,-0.4971323013305664,-498.93880820274353,0.001802206039428711,0,0.0028676986694335938
0,-0.5,-498.93981170654297,-0.0028676986694335938,1,0.0
0,-0.5,-498.94181847572327,0.0,0,0.0
0,-0.49949193000793457,-498.9423084259033,0.0005080699920654297,1,0.0005080699920654297
0,-0.5,-498.9434816837311,-0.0005080699920654297,0,0.0
0,-0.5,-498.9434816837311,0.0,1,0.0
0,-0.5,-498.9434816837311,0.0,0,0.0
0,-0.4994966983795166,-498.9429783821106,0.0005033016204833984,1,0.0005033016204833984
0,-0.49650144577026367,-498.93947982788086,0.0029952526092529297,0,0.003498554229736328
0,-0.5,-498.93947982788086,-0.003498554229736328,1,0.0
0,-0.4987311363220215,-498.94426703453064,0.0012688636779785156,0,0.0012688636779785156
0,-0.5,-498.94426703453064,-0.0012688636779785156,1,0.0
0,-0.5,-498.94426703453064,0.0,0,0.0
0,-0.5,-498.94453167915344,0.0,1,0.0
0,-0.4979431629180908,-498.9445323944092,0.0020568370819091797,0,0.0020568370819091797
0,-0.5,-498.9445323944092,-0.0020568370819091797,1,0.0
0,-0.5,-498.9445323944092,0.0,0,0.0
0,-0.5,-498.9445323944092,0.0,0,0.0
0,-0.5,-498.9465272426605,0.0,0,0.0
0,-0.49990391731262207,-498.94842290878296,9.608268737792969e-05,1,9.608268737792969e-05
0,-0.4989638328552246,-498.95137190818787,0.0009400844573974609,0,0.0010361671447753906
0,-0.4989933967590332,-498.9503653049469,-2.956390380859375e-05,0,0.0010066032409667969
0,-0.49794793128967285,-498.9483132362366,0.0010454654693603516,0,0.0020520687103271484
0,-0.49944186210632324,-498.9477550983429,-0.0014939308166503906,1,0.0005581378936767578
0,-0.49944186210632324,-498.9471969604492,0.0,0,0.0005581378936767578
0,-0.5,-498.9471969604492,-0.0005581378936767578,1,0.0
0,-0.5,-498.9471969604492,0.0,0,0.0
0,-0.5,-498.9471969604492,0.0,0,0.0
0,-0.5,-498.9471969604492,0.0,0,0.0
0,-0.5,-498.9471969604492,0.0,0,0.0
0,-0.5,-498.9471969604492,0.0,0,0.0
0,-0.5,-498.9482033252716,0.0,1,0.0
0,-0.49857068061828613,-498.9505364894867,0.0014293193817138672,0,0.0014293193817138672
0,-0.5,-498.9505364894867,-0.0014293193817138672,1,0.0
0,-0.49602413177490234,-498.9485547542572,0.003975868225097656,0,0.003975868225097656
0,-0.5,-498.9485547542572,-0.003975868225097656,1,0.0
0,-0.4994945526123047,-498.9504473209381,0.0005054473876953125,0,0.0005054473876953125
0,-0.5,-498.9504473209381,-0.0005054473876953125,0,0.0
0,-0.5,-498.9514446258545,0.0,0,0.0
0,-0.4990088939666748,-498.95045351982117,0.0009911060333251953,0,0.0009911060333251953
0,-0.4995551109313965,-498.95200276374817,-0.0005462169647216797,0,0.0004448890686035156
0,-0.5,-498.95200276374817,-0.0004448890686035156,1,0.0
0,-0.4954657554626465,-498.9495527744293,0.004534244537353516,0,0.004534244537353516
0,-0.5,-498.9495527744293,-0.004534244537353516,1,0.0
0,-0.4994966983795166,-498.94904947280884,0.0005033016204833984,0,0.0005033016204833984
0,-0.5,-498.94904947280884,-0.0005033016204833984,0,0.0
0,-0.4990062713623047,-498.94805574417114,0.0009937286376953125,0,0.0009937286376953125
0,-0.49942755699157715,-498.9474833011627,-0.00042128562927246094,1,0.0005724430084228516
0,-0.4979362487792969,-498.945419549942,0.0014913082122802734,0,0.002063751220703125
0,-0.5,-498.945419549942,-0.002063751220703125,1,0.0
0,-0.5,-498.95072746276855,0.0,0,0.0
0,-0.5,-498.95072746276855,0.0,1,0.0
0,-0.49920058250427246,-498.9499280452728,0.0007994174957275391,0,0.0007994174957275391
0,-0.5,-498.9499280452728,-0.0007994174957275391,1,0.0
0,-0.4981498718261719,-498.948077917099,0.001850128173828125,0,0.001850128173828125
0,-0.49948835372924805,-498.94756627082825,-0.0013384819030761719,1,0.0005116462707519531
0,-0.49948835372924805,-498.9470546245575,0.0,0,0.0005116462707519531
0,-0.5,-498.9470546245575,-0.0005116462707519531,1,0.0
0,-0.49900126457214355,-498.94605588912964,0.0009987354278564453,0,0.0009987354278564453
0,-0.4994344711303711,-498.94582629203796,-0.00043320655822753906,1,0.0005655288696289062
0,-0.5,-498.94638299942017,-0.0005655288696289062,0,0.0
0,-0.5,-498.94638299942017,0.0,1,0.0
0,-0.5,-498.94638299942017,0.0,0,0.0
0,-0.5,-498.948805809021,0.0,1,0.0
0,-0.5,-498.9542989730835,0.0,0,0.0
0,-0.5,-498.9542989730835,0.0,1,0.0
0,-0.4990050792694092,-498.95530223846436,0.0009949207305908203,0,0.0009949207305908203
0,-0.49941420555114746,-498.9547164440155,-0.00040912628173828125,1,0.0005857944488525391
0,-0.49890565872192383,-498.95765948295593,0.0005085468292236328,0,0.0010943412780761719
0,-0.5,-498.95765948295593,-0.0010943412780761719,1,0.0
0,-0.49900293350219727,-498.95666241645813,0.0009970664978027344,0,0.0009970664978027344
0,-0.5,-498.95766830444336,-0.0009970664978027344,1,0.0
0,-0.5,-498.9606566429138,0.0,0,0.0
0,-0.5,-498.9606566429138,0.0,1,0.0
0,-0.4990065097808838,-498.9596631526947,0.000993490219116211,0,0.000993490219116211
0,-0.5,-498.9596631526947,-0.000993490219116211,1,0.0
0,-0.5,-498.9596631526947,0.0,0,0.0
0,-0.5,-498.96067929267883,0.0,0,0.0
0,-0.4990541934967041,-498.96172046661377,0.0009458065032958984,0,0.0009458065032958984
0,-0.5,-498.96172046661377,-0.0009458065032958984,1,0.0
0,-0.4994974136352539,-498.96221590042114,0.0005025863647460938,0,0.0005025863647460938
0,-0.49953222274780273,-498.96174812316895,-3.4809112548828125e-05,0,0.0004677772521972656
0,-0.4993896484375,-498.96113777160645,0.00014257431030273438,0,0.0006103515625
0,-0.5,-498.96213126182556,-0.0006103515625,0,0.0
0,-0.5,-498.9631247520447,0.0,0,0.0
0,-0.5,-498.9631247520447,0.0,1,0.0
0,-0.4990499019622803,-498.96217465400696,0.0009500980377197266,0,0.0009500980377197266
0,-0.5,-498.96217465400696,-0.0009500980377197266,1,0.0
0,-0.49949216842651367,-498.9666657447815,0.0005078315734863281,0,0.0005078315734863281
0,-0.5,-498.9666657447815,-0.0005078315734863281,1,0.0
0,-0.5,-498.9691812992096,0.0,0,0.0
0,-0.5,-498.9691812992096,0.0,1,0.0
0,-0.4980769157409668,-498.9682538509369,0.0019230842590332031,0,0.0019230842590332031
0,-0.5,-498.96932458877563,-0.0019230842590332031,1,0.0
0,-0.4991145133972168,-498.9693887233734,0.0008854866027832031,0,0.0008854866027832031
0,-0.49771761894226074,-498.9671063423157,0.0013968944549560547,1,0.002282381057739258
0,-0.49593067169189453,-498.9660348892212,0.001786947250366211,0,0.004069328308105469
0,-0.5,-498.96711015701294,-0.004069328308105469,1,0.0
0,-0.49510622024536133,-498.96615767478943,0.004893779754638672,0,0.004893779754638672
0,-0.5,-498.96615767478943,-0.004893779754638672,1,0.0
0,-0.5,-498.96615767478943,0.0,0,0.0
0,-0.5,-498.96615767478943,0.0,1,0.0
0,-0.49523115158081055,-498.9644331932068,0.004768848419189453,0,0.004768848419189453
0,-0.4993858337402344,-498.963819026947,-0.004154682159423828,1,0.000614166259765625
0,-0.49878811836242676,-498.96260714530945,0.0005977153778076172,0,0.0012118816375732422
0,-0.4989151954650879,-498.96152234077454,-0.0001270771026611328,1,0.0010848045349121094
0,-0.49597764015197754,-498.95955324172974,0.0029375553131103516,0,0.004022359848022461
0,-0.4991326332092285,-498.95868587493896,-0.0031549930572509766,1,0.0008673667907714844
0,-0.4972727298736572,-498.95854687690735,0.001859903335571289,0,0.0027272701263427734
0,-0.49890661239624023,-498.9574534893036,-0.0016338825225830078,1,0.0010933876037597656
0,-0.4969296455383301,-498.9553825855255,0.0019769668579101562,0,0.003070354461669922
0,-0.5,-498.9553825855255,-0.003070354461669922,0,0.0
0,-0.49930286407470703,-498.9546854496002,0.0006971359252929688,0,0.0006971359252929688
0,-0.5,-498.9546854496002,-0.0006971359252929688,1,0.0
0,-0.49889612197875977,-498.953581571579,0.0011038780212402344,0,0.0011038780212402344
0,-0.5,-498.9538953304291,-0.0011038780212402344,1,0.0
0,-0.499497652053833,-498.9533929824829,0.0005023479461669922,0,0.0005023479461669922
0,-0.5,-498.9544036388397,-0.0005023479461669922,1,0.0
0,-0.493588924407959,-498.9479925632477,0.006411075592041016,0,0.006411075592041016
0,-0.5,-498.94916892051697,-0.006411075592041016,1,0.0
0,-0.5,-498.95212626457214,0.0,0,0.0
0,-0.5,-498.95212626457214,0.0,0,0.0
0,-0.5,-498.9532537460327,0.0,0,0.0
0,-0.4994392395019531,-498.95269298553467,0.000560760498046875,1,0.000560760498046875
0,-0.5,-498.95369052886963,-0.000560760498046875,0,0.0
0,-0.5,-498.95369052886963,0.0,1,0.0
0,-0.49838924407958984,-498.9531846046448,0.0016107559204101562,0,0.0016107559204101562
0,-0.5,-498.9531846046448,-0.0016107559204101562,0,0.0
0,-0.49865126609802246,-498.9518358707428,0.001348733901977539,0,0.001348733901977539
0,-0.5,-498.9518358707428,-0.001348733901977539,1,0.0
0,-0.49549055099487305,-498.94732642173767,0.004509449005126953,0,0.004509449005126953
0,-0.4994924068450928,-498.94681882858276,-0.0040018558502197266,1,0.0005075931549072266
0,-0.49722909927368164,-498.94404792785645,0.002263307571411133,0,0.0027709007263183594
0,-0.5,-498.94404792785645,-0.0027709007263183594,1,0.0
0,-0.49863600730895996,-498.9437851905823,0.001363992691040039,0,0.001363992691040039
0,-0.5,-498.9437851905823,-0.001363992691040039,1,0.0
0,-0.4989655017852783,-498.94275069236755,0.0010344982147216797,0,0.0010344982147216797
0,-0.5,-498.94375348091125,-0.0010344982147216797,0,0.0
0,-0.49899888038635254,-498.94374418258667,0.001001119613647461,0,0.001001119613647461
0,-0.49961090087890625,-498.9433550834656,-0.0006120204925537109,1,0.00038909912109375
0,-0.499251127243042,-498.9426062107086,0.0003597736358642578,0,0.0007488727569580078
0,-0.5,-498.94376587867737,-0.0007488727569580078,1,0.0
0,-0.5,-498.9449255466461,0.0,0,0.0
0,-0.5,-498.9449255466461,0.0,1,0.0
0,-0.49949145317077637,-498.9444169998169,0.0005085468292236328,0,0.0005085468292236328
0,-0.5,-498.9453663825989,-0.0005085468292236328,1,0.0
0,-0.49694013595581055,-498.9453499317169,0.003059864044189453,0,0.003059864044189453
0,-0.49949216842651367,-498.9458668231964,-0.002552032470703125,1,0.0005078315734863281
0,-0.5,-498.947851896286,-0.0005078315734863281,0,0.0
0,-0.49897098541259766,-498.9472451210022,0.0010290145874023438,1,0.0010290145874023438
0,-0.49795961380004883,-498.9479022026062,0.0010113716125488281,0,0.002040386199951172
0,-0.5,-498.9479959011078,-0.002040386199951172,0,0.0
0,-0.4979550838470459,-498.94666504859924,0.0020449161529541016,0,0.0020449161529541016
0,-0.5,-498.94666504859924,-0.0020449161529541016,1,0.0
0,-0.5,-498.9476652145386,0.0,0,0.0
0,-0.49931883811950684,-498.9469840526581,0.0006811618804931641,1,0.0006811618804931641
0,-0.4989950656890869,-498.94597911834717,0.0003237724304199219,0,0.001004934310913086
0,-0.4992551803588867,-498.9462649822235,-0.0002601146697998047,0,0.0007448196411132812
0,-0.4982740879058838,-498.94852352142334,0.0009810924530029297,0,0.001725912094116211
0,-0.5,-498.94852352142334,-0.001725912094116211,1,0.0
0,-0.5,-498.95343351364136,0.0,0,0.0
0,-0.4989304542541504,-498.95337653160095,0.0010695457458496094,1,0.0010695457458496094
0,-0.4959373474121094,-498.9515264034271,0.0029931068420410156,0,0.004062652587890625
0,-0.49848461151123047,-498.95001101493835,-0.0025472640991210938,0,0.0015153884887695312
0,-0.4989969730377197,-498.9490079879761,-0.0005123615264892578,0,0.0010030269622802734
0,-0.49892735481262207,-498.9489359855652,6.961822509765625e-05,1,0.0010726451873779297
0,-0.4979896545410156,-498.9499168395996,0.0009377002716064453,0,0.002010345458984375
0,-0.5,-498.9513418674469,-0.002010345458984375,1,0.0
0,-0.5,-498.9584836959839,0.0,0,0.0
0,-0.5,-498.9595112800598,0.0,1,0.0
0,-0.49900269508361816,-498.96052265167236,0.000997304916381836,0,0.000997304916381836
0,-0.5,-498.9615304470062,-0.000997304916381836,1,0.0
0,-0.4969310760498047,-498.961478471756,0.0030689239501953125,0,0.0030689239501953125
0,-0.4989926815032959,-498.9643771648407,-0.002061605453491211,0,0.0010073184967041016
0,-0.4981532096862793,-498.96743178367615,0.0008394718170166016,0,0.0018467903137207031
0,-0.4994466304779053,-498.9677028656006,-0.0012934207916259766,1,0.0005533695220947266
0,-0.4994466304779053,-498.9671494960785,0.0,0,0.0005533695220947266
0,-0.49898767471313477,-498.9661371707916,0.0004589557647705078,0,0.0010123252868652344
0,-0.4969675540924072,-498.96310472488403,0.002020120620727539,0,0.0030324459075927734
0,-0.5,-498.9636001586914,-0.0030324459075927734,1,0.0
0,-0.49906277656555176,-498.9627757072449,0.0009372234344482422,0,0.0009372234344482422
0,-0.5,-498.9627757072449,-0.0009372234344482422,1,0.0
0,-0.5,-498.9627757072449,0.0,0,0.0
0,-0.5,-498.96378898620605,0.0,1,0.0
0,-0.5,-498.9667749404907,0.0,0,0.0
0,-0.5,-498.9667749404907,0.0,1,0.0
0,-0.4950242042541504,-498.9617991447449,0.004975795745849609,0,0.004975795745849609
0,-0.5,-498.9617991447449,-0.004975795745849609,0,0.0
0,-0.5,-498.96381187438965,0.0,0,0.0
0,-0.5,-498.96381187438965,0.0,0,0.0
0,-0.49900317192077637,-498.96417331695557,0.0009968280792236328,0,0.0009968280792236328
0,-0.4994230270385742,-498.96359634399414,-0.00041985511779785156,1,0.0005769729614257812
0,-0.49886441230773926,-498.96346259117126,0.0005586147308349609,0,0.0011355876922607422
0,-0.5,-498.96346259117126,-0.0011355876922607422,1,0.0
0,-0.49898862838745117,-498.96340465545654,0.0010113716125488281,0,0.0010113716125488281
0,-0.49898862838745117,-498.96338748931885,0.0,1,0.0010113716125488281
0,-0.49816012382507324,-498.9615476131439,0.0008285045623779297,0,0.0018398761749267578
0,-0.5,-498.9615476131439,-0.0018398761749267578,1,0.0
0,-0.5,-498.9615476131439,0.0,0,0.0
0,-0.4988884925842285,-498.96146726608276,0.0011115074157714844,0,0.0011115074157714844
0,-0.49755215644836426,-498.96412444114685,0.0013363361358642578,0,0.002447843551635742
0,-0.498974084854126,-498.9639456272125,-0.0014219284057617188,0,0.0010259151458740234
0,-0.4959843158721924,-498.96037006378174,0.0029897689819335938,0,0.004015684127807617
0,-0.49943089485168457,-498.9598009586334,-0.0034465789794921875,1,0.0005691051483154297
0,-0.49637722969055176,-498.956178188324,0.0030536651611328125,0,0.003622770309448242
0,-0.5,-498.9572389125824,-0.003622770309448242,0,0.0
0,-0.5,-498.9602289199829,0.0,0,0.0
0,-0.5,-498.9602289199829,0.0,1,0.0
0,-0.49944496154785156,-498.9622480869293,0.0005550384521484375,0,0.0005550384521484375
0,-0.5,-498.9622480869293,-0.0005550384521484375,0,0.0
0,-0.49892473220825195,-498.9641706943512,0.0010752677917480469,0,0.0010752677917480469
0,-0.49939680099487305,-498.96356749534607,-0.00047206878662109375,1,0.0006031990051269531
0,-0.5,-498.9645187854767,-0.0006031990051269531,0,0.0
0,-0.49898672103881836,-498.9655992984772,0.0010132789611816406,0,0.0010132789611816406
0,-0.49799275398254395,-498.96626591682434,0.000993967056274414,0,0.0020072460174560547
0,-0.499253511428833,-498.9655194282532,-0.0012607574462890625,1,0.0007464885711669922
0,-0.4986608028411865,-498.96624875068665,0.0005927085876464844,0,0.0013391971588134766
0,-0.5,-498.9668698310852,-0.0013391971588134766,0,0.0
0,-0.4981358051300049,-498.9650056362152,0.0018641948699951172,0,0.0018641948699951172
0,-0.49965596199035645,-498.96466159820557,-0.0015201568603515625,1,0.0003440380096435547
0,-0.49983739852905273,-498.9679615497589,-0.00018143653869628906,0,0.00016260147094726562
0,-0.5,-498.96895599365234,-0.00016260147094726562,1,0.0
0,-0.4989783763885498,-498.96893525123596,0.0010216236114501953,0,0.0010216236114501953
0,-0.4994971752166748,-498.96943831443787,-0.000518798828125,1,0.0005028247833251953
0,-0.5,-498.9734308719635,-0.0005028247833251953,0,0.0
0,-0.5,-498.9734308719635,0.0,1,0.0
0,-0.49900221824645996,-498.97243309020996,0.000997781753540039,0,0.000997781753540039
0,-0.4987456798553467,-498.9722352027893,0.00025653839111328125,1,0.0012543201446533203
0,-0.4953908920288086,-498.9686825275421,0.003354787826538086,0,0.004609107971191406
0,-0.5,-498.9686825275421,-0.004609107971191406,0,0.0
0,-0.4988820552825928,-498.9675645828247,0.0011179447174072266,0,0.0011179447174072266
0,-0.5,-498.9675645828247,-0.0011179447174072266,1,0.0
0,-0.4945261478424072,-498.9620907306671,0.0054738521575927734,0,0.0054738521575927734
0,-0.5,-498.9630310535431,-0.0054738521575927734,1,0.0
0,-0.5,-498.96696186065674,0.0,0,0.0
0,-0.5,-498.96696186065674,0.0,1,0.0
0,-0.49330759048461914,-498.96026945114136,0.006692409515380859,0,0.006692409515380859
0,-0.5,-498.96026945114136,-0.006692409515380859,1,0.0
0,-0.5,-498.96026945114136,0.0,0,0.0
0,-0.5,-498.96026945114136,0.0,0,0.0
0,-0.49437499046325684,-498.9546444416046,0.005625009536743164,0,0.005625009536743164
0,-0.5,-498.9546444416046,-0.005625009536743164,1,0.0
0,-0.5,-498.9561529159546,0.0,0,0.0
0,-0.5,-498.957154750824,0.0,1,0.0
0,-0.49947500228881836,-498.95762181282043,0.0005249977111816406,0,0.0005249977111816406
0,-0.5,-498.95762181282043,-0.0005249977111816406,1,0.0
0,-0.5,-498.95762181282043,0.0,0,0.0
0,-0.5,-498.95809531211853,0.0,0,0.0
0,-0.5,-498.95809531211853,0.0,0,0.0
0,-0.4989969730377197,-498.95709228515625,0.0010030269622802734,1,0.0010030269622802734
0,-0.4959554672241211,-498.9540650844574,0.003041505813598633,0,0.004044532775878906
0,-0.4994819164276123,-498.953547000885,-0.003526449203491211,1,0.0005180835723876953
0,-0.4979403018951416,-498.95148730278015,0.0015416145324707031,0,0.0020596981048583984
0,-0.49890780448913574,-498.9503951072693,-0.0009675025939941406,1,0.0010921955108642578
0,-0.497089147567749,-498.9514217376709,0.0018186569213867188,0,0.0029108524322509766
0,-0.49949026107788086,-498.9509119987488,-0.002401113510131836,0,0.0005097389221191406
0,-0.49893617630004883,-498.9498481750488,0.0005540847778320312,0,0.0010638236999511719
0,-0.5,-498.9508979320526,-0.0010638236999511719,0,0.0
0,-0.49498462677001953,-498.94794058799744,0.005015373229980469,0,0.005015373229980469
0,-0.4994809627532959,-498.9484043121338,-0.004496335983276367,1,0.0005190372467041016
0,-0.4992208480834961,-498.9488697052002,0.0002601146697998047,0,0.0007791519165039062
0,-0.5,-498.9488697052002,-0.0007791519165039062,0,0.0
0,-0.5,-498.9488697052002,0.0,0,0.0
0,-0.5,-498.9488697052002,0.0,1,0.0
0,-0.4985687732696533,-498.9494321346283,0.0014312267303466797,0,0.0014312267303466797
0,-0.5,-498.9494321346283,-0.0014312267303466797,1,0.0
0,-0.5,-498.9494321346283,0.0,0,0.0
0,-0.5,-498.9494321346283,0.0,1,0.0
0,-0.49791717529296875,-498.94734930992126,0.00208282470703125,0,0.00208282470703125
0,-0.5,-498.94734930992126,-0.00208282470703125,1,0.0
0,-0.5,-498.9484167098999,0.0,0,0.0
0,-0.5,-498.94892835617065,0.0,1,0.0
0,-0.49849629402160645,-498.94844102859497,0.0015037059783935547,0,0.0015037059783935547
0,-0.5,-498.94844102859497,-0.0015037059783935547,1,0.0
0,-0.5,-498.949538230896,0.0,0,0.0
0,-0.5,-498.949538230896,0.0,1,0.0
0,-0.49475646018981934,-498.9442946910858,0.005243539810180664,0,0.005243539810180664
0,-0.5,-498.9453811645508,-0.005243539810180664,0,0.0
0,-0.5,-498.9494547843933,0.0,0,0.0
0,-0.49928879737854004,-498.9497654438019,0.0007112026214599609,0,0.0007112026214599609
0,-0.49630260467529297,-498.95011591911316,0.0029861927032470703,0,0.0036973953247070312
0,-0.5,-498.95011591911316,-0.0036973953247070312,0,0.0
0,-0.496049165725708,-498.94616508483887,0.003950834274291992,0,0.003950834274291992
0,-0.499434232711792,-498.94662380218506,-0.0033850669860839844,0,0.0005657672882080078
0,-0.5,-498.9486618041992,-0.0005657672882080078,0,0.0
0,-0.4989304542541504,-498.94759225845337,0.0010695457458496094,1,0.0010695457458496094
0,-0.4980154037475586,-498.9456076622009,0.0009150505065917969,0,0.0019845962524414062
0,-0.4987168312072754,-498.9443244934082,-0.0007014274597167969,0,0.0012831687927246094
0,-0.49823832511901855,-498.9435636997223,0.00047850608825683594,0,0.0017616748809814453
0,-0.4989769458770752,-498.94254064559937,-0.0007386207580566406,1,0.0010230541229248047
0,-0.49596238136291504,-498.93950152397156,0.0030145645141601562,0,0.004037618637084961
0,-0.5,-498.9405059814453,-0.004037618637084961,1,0.0
0,-0.4989926815032959,-498.9404971599579,0.0010073184967041016,0,0.0010073184967041016
0,-0.4990041255950928,-498.94001507759094,-1.1444091796875e-05,1,0.0009958744049072266
0,-0.49800896644592285,-498.94102144241333,0.0009951591491699219,0,0.0019910335540771484
0,-0.5,-498.94102144241333,-0.0019910335540771484,1,0.0
0,-0.49845457077026367,-498.94447684288025,0.0015454292297363281,0,0.0015454292297363281
0,-0.5,-498.94447684288025,-0.0015454292297363281,1,0.0
0,-0.49900388717651367,-498.94348073005676,0.0009961128234863281,0,0.0009961128234863281
0,-0.4994981288909912,-498.94297885894775,-0.0004942417144775391,1,0.0005018711090087891
0,-0.5,-498.94297885894775,-0.0005018711090087891,0,0.0
0,-0.4989283084869385,-498.94235396385193,0.0010716915130615234,1,0.0010716915130615234
0,-0.4990062713623047,-498.9420540332794,-7.796287536621094e-05,0,0.0009937286376953125
0,-0.5,-498.9420540332794,-0.0009937286376953125,1,0.0
0,-0.5,-498.9440653324127,0.0,0,0.0
0,-0.49899864196777344,-498.9430639743805,0.0010013580322265625,0,0.0010013580322265625
0,-0.4970102310180664,-498.94007420539856,0.0019884109497070312,0,0.0029897689819335938
0,-0.49943971633911133,-498.9400534629822,-0.002429485321044922,0,0.0005602836608886719
0,-0.49943971633911133,-498.9407796859741,0.0,0,0.0005602836608886719
0,-0.5,-498.9417827129364,-0.0005602836608886719,0,0.0
0,-0.4993152618408203,-498.9410979747772,0.0006847381591796875,0,0.0006847381591796875
0,-0.5,-498.94211411476135,-0.0006847381591796875,1,0.0
0,-0.5,-498.9461727142334,0.0,0,0.0
0,-0.5,-498.9466814994812,0.0,0,0.0
0,-0.4977998733520508,-498.94566440582275,0.0022001266479492188,0,0.0022001266479492188
0,-0.5,-498.94566440582275,-0.0022001266479492188,1,0.0
0,-0.49944162368774414,-498.9471173286438,0.0005583763122558594,0,0.0005583763122558594
0,-0.499004602432251,-498.94612193107605,0.00043702125549316406,1,0.0009953975677490234
0,-0.4978673458099365,-498.943989276886,0.0011372566223144531,0,0.0021326541900634766
0,-0.5,-498.9449987411499,-0.0021326541900634766,1,0.0
0,-0.4984862804412842,-498.9495282173157,0.0015137195587158203,0,0.0015137195587158203
0,-0.5,-498.9495282173157,-0.0015137195587158203,1,0.0
0,-0.5,-498.95100021362305,0.0,0,0.0
0,-0.5,-498.95100021362305,0.0,1,0.0
0,-0.4984250068664551,-498.9494252204895,0.0015749931335449219,0,0.0015749931335449219
0,-0.498981237411499,-498.949414730072,-0.0005562305450439453,1,0.0010187625885009766
0,-0.4970114231109619,-498.94903898239136,0.0019698143005371094,0,0.002988576889038086
0,-0.5,-498.95013213157654,-0.002988576889038086,1,0.0
0,-0.5,-498.9541976451874,0.0,0,0.0
0,-0.5,-498.9541976451874,0.0,0,0.0
0,-0.5,-498.9541976451874,0.0,0,0.0
0,-0.49948954582214355,-498.95477294921875,0.0005104541778564453,1,0.0005104541778564453
0,-0.5,-498.95779180526733,-0.0005104541778564453,0,0.0
0,-0.5,-498.958820104599,0.0,1,0.0
0,-0.4889042377471924,-498.94972825050354,0.011095762252807617,0,0.011095762252807617
0,-0.49948978424072266,-498.94921803474426,-0.010585546493530273,1,0.0005102157592773438
0,-0.5,-498.9502463340759,-0.0005102157592773438,0,0.0
0,-0.5,-498.9502463340759,0.0,0,0.0
0,-0.5,-498.9502463340759,0.0,0,0.0
0,-0.5,-498.95031929016113,0.0,1,0.0
0,-0.5,-498.95119285583496,0.0,0,0.0
0,-0.5,-498.9522659778595,0.0,1,0.0
0,-0.49900031089782715,-498.9532833099365,0.0009996891021728516,0,0.0009996891021728516
0,-0.5,-498.9532833099365,-0.0009996891021728516,1,0.0
0,-0.5,-498.958300113678,0.0,0,0.0
0,-0.5,-498.9592971801758,0.0,0,0.0
0,-0.4949660301208496,-498.9552631378174,0.005033969879150391,0,0.005033969879150391
0,-0.49947667121887207,-498.95473980903625,-0.004510641098022461,1,0.0005233287811279297
0,-0.4977152347564697,-498.9524550437927,0.0017614364624023438,0,0.0022847652435302734
0,-0.4992365837097168,-498.95169162750244,-0.0015213489532470703,0,0.0007634162902832031
0,-0.49771881103515625,-498.95248079299927,0.0015177726745605469,0,0.00228118896484375
0,-0.4994962215423584,-498.95305943489075,-0.0017774105072021484,1,0.0005037784576416016
0,-0.49900007247924805,-498.95612812042236,0.0004961490631103516,0,0.0009999275207519531
0,-0.5,-498.95612812042236,-0.0009999275207519531,1,0.0
0,-0.49518537521362305,-498.9538223743439,0.004814624786376953,0,0.004814624786376953
0,-0.49957966804504395,-498.9544503688812,-0.0043942928314208984,1,0.0004203319549560547
0,-0.49869394302368164,-498.95521330833435,0.0008857250213623047,0,0.0013060569763183594
0,-0.5,-498.95521330833435,-0.0013060569763183594,1,0.0
0,-0.49886012077331543,-498.95407342910767,0.0011398792266845703,0,0.0011398792266845703
0,-0.4986279010772705,-498.95270133018494,0.00023221969604492188,1,0.0013720989227294922
0,-0.49544787406921387,-498.94814920425415,0.0031800270080566406,0,0.004552125930786133
0,-0.49884748458862305,-498.9479970932007,-0.0033996105194091797,1,0.0011525154113769531
0,-0.49884748458862305,-498.94884037971497,0.0,0,0.0011525154113769531
0,-0.5,-498.94884037971497,-0.0011525154113769531,1,0.0
0,-0.49598240852355957,-498.94631838798523,0.00401759147644043,0,0.00401759147644043
0,-0.5,-498.94731855392456,-0.00401759147644043,1,0.0
0,-0.49899840354919434,-498.94787073135376,0.001001596450805664,0,0.001001596450805664
0,-0.4994196891784668,-498.94831895828247,-0.00042128562927246094,1,0.0005803108215332031
0,-0.49736571311950684,-498.94875025749207,0.002053976058959961,0,0.002634286880493164
0,-0.5,-498.9489371776581,-0.002634286880493164,0,0.0
0,-0.49904751777648926,-498.94798469543457,0.0009524822235107422,0,0.0009524822235107422
0,-0.4994819164276123,-498.9474666118622,-0.0004343986511230469,1,0.0005180835723876953
0,-0.4994819164276123,-498.951945066452,0.0,0,0.0005180835723876953
0,-0.49895811080932617,-498.95090317726135,0.0005238056182861328,1,0.0010418891906738281
0,-0.4980173110961914,-498.94998836517334,0.0009407997131347656,0,0.0019826889038085938
0,-0.5,-498.94998836517334,-0.0019826889038085938,1,0.0
0,-0.49803709983825684,-498.95156812667847,0.001962900161743164,0,0.001962900161743164
0,-0.5,-498.95156812667847,-0.001962900161743164,1,0.0
0,-0.4989969730377197,-498.95356798171997,0.0010030269622802734,0,0.0010030269622802734
0,-0.5,-498.95356798171997,-0.0010030269622802734,1,0.0
0,-0.4985380172729492,-498.95262598991394,0.0014619827270507812,0,0.0014619827270507812
0,-0.49899840354919434,-498.95162439346313,-0.0004603862762451172,0,0.001001596450805664
0,-0.49202704429626465,-498.9436514377594,0.0069713592529296875,0,0.007972955703735352
0,-0.4995005130767822,-498.9431519508362,-0.007473468780517578,1,0.0004994869232177734
0,-0.49941420555114746,-498.94364619255066,8.630752563476562e-05,0,0.0005857944488525391
0,-0.4990534782409668,-498.94462752342224,0.00036072731018066406,1,0.0009465217590332031
0,-0.4990055561065674,-498.94662404060364,4.792213439941406e-05,0,0.0009944438934326172
0,-0.5,-498.94662404060364,-0.0009944438934326172,1,0.0
0,-0.4994955062866211,-498.9471182823181,0.0005044937133789062,0,0.0005044937133789062
0,-0.49886488914489746,-498.945983171463,0.0006306171417236328,1,0.001135110855102539
0,-0.4984769821166992,-498.9444601535797,0.0003879070281982422,0,0.0015230178833007812
0,-0.49900221824645996,-498.9444694519043,-0.0005252361297607422,0,0.000997781753540039
0,-0.49634623527526855,-498.94481110572815,0.0026559829711914062,0,0.0036537647247314453
0,-0.4989135265350342,-498.9437246322632,-0.002567291259765625,0,0.0010864734649658203
0,-0.4959084987640381,-498.9396331310272,0.0030050277709960938,0,0.004091501235961914
0,-0.5,-498.9396331310272,-0.004091501235961914,1,0.0
0,-0.4994940757751465,-498.94158720970154,0.0005059242248535156,0,0.0005059242248535156
0,-0.5,-498.94158720970154,-0.0005059242248535156,0,0.0
0,-0.5,-498.94158720970154,0.0,0,0.0
0,-0.49942731857299805,-498.94101452827454,0.0005726814270019531,1,0.0005726814270019531
0,-0.49794602394104004,-498.9439561367035,0.0014812946319580078,0,0.002053976058959961
0,-0.498992919921875,-498.9440002441406,-0.001046895980834961,0,0.001007080078125
0,-0.49689269065856934,-498.94183373451233,0.002100229263305664,0,0.003107309341430664
0,-0.5,-498.94183373451233,-0.003107309341430664,0,0.0
0,-0.5,-498.94183373451233,0.0,0,0.0
0,-0.5,-498.94183373451233,0.0,1,0.0
0,-0.49900364875793457,-498.94083738327026,0.0009963512420654297,0,0.0009963512420654297
0,-0.5,-498.94083738327026,-0.0009963512420654297,1,0.0
0,-0.5,-498.9428503513336,0.0,0,0.0
0,-0.5,-498.9438488483429,0.0,1,0.0
0,-0.4949920177459717,-498.94282484054565,0.00500798225402832,0,0.00500798225402832
0,-0.5,-498.94282484054565,-0.00500798225402832,1,0.0
0,-0.49949026107788086,-498.94231510162354,0.0005097389221191406,0,0.0005097389221191406
0,-0.5,-498.94231510162354,-0.0005097389221191406,0,0.0
0,-0.5,-498.94423270225525,0.0,0,0.0
0,-0.5,-498.9452314376831,0.0,0,0.0
0,-0.4982736110687256,-498.94749188423157,0.001726388931274414,0,0.001726388931274414
0,-0.5,-498.94749188423157,-0.001726388931274414,0,0.0
0,-0.4990050792694092,-498.94749426841736,0.0009949207305908203,0,0.0009949207305908203
0,-0.49992990493774414,-498.9478859901428,-0.0009248256683349609,1,7.009506225585938e-05
0,-0.4984860420227051,-498.9484944343567,0.0014438629150390625,0,0.0015139579772949219
0,-0.4989933967590332,-498.9474878311157,-0.000507354736328125,1,0.0010066032409667969
0,-0.49895739555358887,-498.9480354785919,3.600120544433594e-05,0,0.0010426044464111328
0,-0.5,-498.94854521751404,-0.0010426044464111328,1,0.0
0,-0.4994964599609375,-498.9487090110779,0.0005035400390625,0,0.0005035400390625
0,-0.5,-498.949177980423,-0.0005035400390625,1,0.0
0,-0.5,-498.9520013332367,0.0,0,0.0
0,-0.5,-498.9520013332367,0.0,0,0.0
0,-0.49848198890686035,-498.95148181915283,0.0015180110931396484,0,0.0015180110931396484
0,-0.49897027015686035,-498.9504520893097,-0.00048828125,1,0.0010297298431396484
0,-0.49596357345581055,-498.94741439819336,0.0030066967010498047,0,0.004036426544189453
0,-0.49947428703308105,-498.94688868522644,-0.003510713577270508,1,0.0005257129669189453
0,-0.4963669776916504,-498.9432556629181,0.003107309341430664,0,0.0036330223083496094
0,-0.5,-498.9432556629181,-0.0036330223083496094,1,0.0
0,-0.5,-498.9472894668579,0.0,0,0.0
0,-0.49947690963745117,-498.9477744102478,0.0005230903625488281,1,0.0005230903625488281
0,-0.5,-498.9497699737549,-0.0005230903625488281,0,0.0
0,-0.5,-498.9504382610321,0.0,1,0.0
0,-0.4949936866760254,-498.9517152309418,0.005006313323974609,0,0.005006313323974609
0,-0.5,-498.9517152309418,-0.005006313323974609,1,0.0
0,-0.5,-498.9517152309418,0.0,0,0.0
0,-0.5,-498.95274209976196,0.0,1,0.0
0,-0.4990067481994629,-498.955753326416,0.0009932518005371094,0,0.0009932518005371094
0,-0.5,-498.95675587654114,-0.0009932518005371094,0,0.0
0,-0.5,-498.95979928970337,0.0,0,0.0
0,-0.49892377853393555,-498.9587230682373,0.0010762214660644531,0,0.0010762214660644531
0,-0.49564218521118164,-498.9543652534485,0.0032815933227539062,0,0.004357814788818359
0,-0.49958348274230957,-498.9539487361908,-0.00394129753112793,1,0.0004165172576904297
0,-0.4985222816467285,-498.95748114585876,0.0010612010955810547,0,0.0014777183532714844
0,-0.49897313117980957,-498.9564542770386,-0.0004508495330810547,0,0.0010268688201904297
0,-0.499004602432251,-498.96005511283875,-3.147125244140625e-05,0,0.0009953975677490234
0,-0.49949002265930176,-498.95954513549805,-0.00048542022705078125,1,0.0005099773406982422
0,-0.4949822425842285,-498.96107816696167,0.004507780075073242,0,0.005017757415771484
0,-0.4997897148132324,-498.9608678817749,-0.004807472229003906,1,0.00021028518676757812
0,-0.5,-498.9608678817749,-0.00021028518676757812,0,0.0
0,-0.5,-498.9618763923645,0.0,1,0.0
0,-0.499006986618042,-498.96493101119995,0.0009930133819580078,0,0.0009930133819580078
0,-0.5,-498.9655017852783,-0.0009930133819580078,1,0.0
0,-0.499006986618042,-498.96812772750854,0.0009930133819580078,0,0.0009930133819580078
0,-0.49900293350219727,-498.96814370155334,4.0531158447265625e-06,0,0.0009970664978027344
0,-0.49601292610168457,-498.9662036895752,0.0029900074005126953,0,0.00398707389831543
0,-0.5,-498.9662036895752,-0.00398707389831543,1,0.0
0,-0.5,-498.9672017097473,0.0,0,0.0
0,-0.49963974952697754,-498.96789622306824,0.00036025047302246094,1,0.00036025047302246094
0,-0.4950120449066162,-498.9674472808838,0.004627704620361328,0,0.004987955093383789
0,-0.5,-498.9684739112854,-0.004987955093383789,1,0.0
0,-0.4979584217071533,-498.97041606903076,0.0020415782928466797,0,0.0020415782928466797
0,-0.4994828701019287,-498.9709553718567,-0.0015244483947753906,1,0.0005171298980712891
0,-0.49640583992004395,-498.9694240093231,0.0030770301818847656,0,0.0035941600799560547
0,-0.5,-498.9694240093231,-0.0035941600799560547,0,0.0
0,-0.5,-498.97262930870056,0.0,0,0.0
0,-0.5,-498.97262930870056,0.0,1,0.0
0,-0.49900126457214355,-498.97262954711914,0.0009987354278564453,0,0.0009987354278564453
0,-0.5,-498.97262954711914,-0.0009987354278564453,1,0.0
0,-0.4990067481994629,-498.9764847755432,0.0009932518005371094,0,0.0009932518005371094
0,-0.49949193000793457,-498.9773037433624,-0.0004851818084716797,1,0.0005080699920654297
0,-0.4979066848754883,-498.97754168510437,0.001585245132446289,0,0.0020933151245117188
0,-0.5,-498.9779179096222,-0.0020933151245117188,1,0.0
0,-0.5,-498.9779179096222,0.0,0,0.0
0,-0.5,-498.9789435863495,0.0,0,0.0
0,-0.5,-498.9829931259155,0.0,0,0.0
0,-0.5,-498.9840133190155,0.0,0,0.0
0,-0.5,-498.9880406856537,0.0,0,0.0
0,-0.4994974136352539,-498.98753809928894,0.0005025863647460938,0,0.0005025863647460938
0,-0.49849891662597656,-498.9860370159149,0.0009984970092773438,0,0.0015010833740234375
0,-0.5,-498.98706889152527,-0.0015010833740234375,1,0.0
0,-0.4970099925994873,-498.9850826263428,0.0029900074005126953,0,0.0029900074005126953
0,-0.5,-498.9850826263428,-0.0029900074005126953,0,0.0
0,-0.4965076446533203,-498.9815902709961,0.0034923553466796875,0,0.0034923553466796875
0,-0.49898743629455566,-498.98057770729065,-0.0024797916412353516,0,0.001012563705444336
0,-0.499009370803833,-498.9840431213379,-2.193450927734375e-05,0,0.0009906291961669922
0,-0.4989941120147705,-498.98355293273926,1.52587890625e-05,0,0.0010058879852294922
0,-0.49695849418640137,-498.98289680480957,0.0020356178283691406,0,0.003041505813598633
0,-0.4989790916442871,-498.98187589645386,-0.002020597457885742,1,0.0010209083557128906
0,-0.49625062942504883,-498.97902727127075,0.0027284622192382812,0,0.003749370574951172
0,-0.5,-498.97902727127075,-0.003749370574951172,1,0.0
0,-0.49948740005493164,-498.9785146713257,0.0005125999450683594,0,0.0005125999450683594
0,-0.5,-498.9785146713257,-0.0005125999450683594,1,0.0
0,-0.5,-498.9785146713257,0.0,0,0.0
0,-0.4985501766204834,-498.97806215286255,0.0014498233795166016,1,0.0014498233795166016
0,-0.49549245834350586,-498.9745500087738,0.003057718276977539,0,0.004507541656494141
0,-0.4989950656890869,-498.97374534606934,-0.0035026073455810547,1,0.001004934310913086
0,-0.4959545135498047,-498.96969985961914,0.0030405521392822266,0,0.0040454864501953125
0,-0.49948596954345703,-498.9691858291626,-0.0035314559936523438,1,0.0005140304565429688
0,-0.4960017204284668,-498.96518754959106,0.0034842491149902344,0,0.003998279571533203
0,-0.5,-498.9662036895752,-0.003998279571533203,1,0.0
0,-0.5,-498.9681975841522,0.0,0,0.0
0,-0.49949097633361816,-498.96820306777954,0.0005090236663818359,0,0.0005090236663818359
0,-0.5,-498.97120118141174,-0.0005090236663818359,0,0.0
0,-0.4989943504333496,-498.9701955318451,0.0010056495666503906,1,0.0010056495666503906
0,-0.4990043640136719,-498.96919989585876,-1.0013580322265625e-05,0,0.000995635986328125
0,-0.5,-498.96919989585876,-0.000995635986328125,1,0.0
0,-0.4979989528656006,-498.96719884872437,0.002001047134399414,0,0.002001047134399414
0,-0.5,-498.96719884872437,-0.002001047134399414,1,0.0
0,-0.5,-498.96719884872437,0.0,0,0.0
0,-0.49993133544921875,-498.9671301841736,6.866455078125e-05,1,6.866455078125e-05
0,-0.49811482429504395,-498.9652450084686,0.0018165111541748047,0,0.0018851757049560547
0,-0.5,-498.9652450084686,-0.0018851757049560547,1,0.0
0,-0.4984405040740967,-498.9636855125427,0.0015594959259033203,0,0.0015594959259033203
0,-0.5,-498.9636855125427,-0.0015594959259033203,1,0.0
0,-0.497941255569458,-498.9616267681122,0.002058744430541992,0,0.002058744430541992
0,-0.4998586177825928,-498.9614853858948,-0.0019173622131347656,1,0.00014138221740722656
0,-0.4993562698364258,-498.96190333366394,0.0005023479461669922,0,0.0006437301635742188
0,-0.4994211196899414,-498.9623386859894,-6.4849853515625e-05,1,0.0005788803100585938
0,-0.4994211196899414,-498.9657485485077,0.0,0,0.0005788803100585938
0,-0.4989893436431885,-498.9647378921509,0.0004317760467529297,1,0.0010106563568115234
0,-0.49701523780822754,-498.96367168426514,0.0019741058349609375,0,0.002984762191772461
0,-0.49948930740356445,-498.9631609916687,-0.002474069595336914,1,0.0005106925964355469
0,-0.4954385757446289,-498.95859956741333,0.004050731658935547,0,0.004561424255371094
0,-0.5,-498.95859956741333,-0.004561424255371094,1,0.0
0,-0.5,-498.9596610069275,0.0,0,0.0
0,-0.5,-498.9596610069275,0.0,1,0.0
0,-0.4994943141937256,-498.9601538181305,0.0005056858062744141,0,0.0005056858062744141
0,-0.5,-498.9601538181305,-0.0005056858062744141,0,0.0
0,-0.4990043640136719,-498.96007442474365,0.000995635986328125,0,0.000995635986328125
0,-0.4987599849700928,-498.9608702659607,0.00024437904357910156,1,0.0012400150299072266
0,-0.4973464012145996,-498.9616947174072,0.001413583755493164,0,0.0026535987854003906
0,-0.5,-498.9616947174072,-0.0026535987854003906,0,0.0
0,-0.4979994297027588,-498.96019673347473,0.002000570297241211,0,0.002000570297241211
0,-0.4994988441467285,-498.96108078956604,-0.0014994144439697266,1,0.0005011558532714844
0,-0.49843358993530273,-498.95951437950134,0.0010652542114257812,0,0.0015664100646972656
0,-0.5,-498.95951437950134,-0.0015664100646972656,0,0.0
0,-0.49900221824645996,-498.9595251083374,0.000997781753540039,0,0.000997781753540039
0,-0.5,-498.9595251083374,-0.000997781753540039,0,0.0
0,-0.4989931583404541,-498.95851826667786,0.0010068416595458984,0,0.0010068416595458984
0,-0.5,-498.9596049785614,-0.0010068416595458984,1,0.0
0,-0.5,-498.96372985839844,0.0,0,0.0
0,-0.49945068359375,-498.9643862247467,0.00054931640625,1,0.00054931640625
0,-0.49712395668029785,-498.9663598537445,0.0023267269134521484,0,0.0028760433197021484
0,-0.49892115592956543,-498.96603298187256,-0.0017971992492675781,1,0.0010788440704345703
0,-0.4959418773651123,-498.96246314048767,0.002979278564453125,0,0.004058122634887695
0,-0.498995304107666,-498.96145844459534,-0.003053426742553711,1,0.0010046958923339844
0,-0.49809932708740234,-498.95955777168274,0.0008959770202636719,0,0.0019006729125976562
0,-0.49893665313720703,-498.95849442481995,-0.0008373260498046875,0,0.0010633468627929688
0,-0.4979279041290283,-498.95784544944763,0.001008749008178711,0,0.0020720958709716797
0,-0.5,-498.95784544944763,-0.0020720958709716797,1,0.0
0,-0.5,-498.9598355293274,0.0,0,0.0
0,-0.5,-498.96352910995483,0.0,1,0.0
0,-0.5,-498.9682295322418,0.0,0,0.0
0,-0.49900341033935547,-498.9672329425812,0.0009965896606445312,0,0.0009965896606445312
0,-0.49133849143981934,-498.9595835208893,0.007664918899536133,0,0.008661508560180664
0,-0.5,-498.9595835208893,-0.008661508560180664,0,0.0
0,-0.5,-498.9595835208893,0.0,0,0.0
0,-0.5,-498.9595835208893,0.0,1,0.0
0,-0.49799442291259766,-498.9575779438019,0.0020055770874023438,0,0.0020055770874023438
0,-0.5,-498.95819664001465,-0.0020055770874023438,1,0.0
0,-0.4954395294189453,-498.95538544654846,0.0045604705810546875,0,0.0045604705810546875
0,-0.49949049949645996,-498.9553482532501,-0.0040509700775146484,1,0.0005095005035400391
0,-0.49949049949645996,-498.9560284614563,0.0,0,0.0005095005035400391
0,-0.5,-498.9560284614563,-0.0005095005035400391,1,0.0
0,-0.4980032444000244,-498.9571475982666,0.001996755599975586,0,0.001996755599975586
0,-0.5,-498.95816588401794,-0.001996755599975586,0,0.0
0,-0.4958949089050293,-498.96012902259827,0.004105091094970703,0,0.004105091094970703
0,-0.5,-498.96012902259827,-0.004105091094970703,1,0.0
0,-0.5,-498.96114587783813,0.0,0,0.0
0,-0.5,-498.96114587783813,0.0,1,0.0
0,-0.49776220321655273,-498.9589080810547,0.0022377967834472656,0,0.0022377967834472656
0,-0.49971914291381836,-498.9586272239685,-0.001956939697265625,1,0.0002808570861816406
0,-0.49971914291381836,-498.9628665447235,0.0,0,0.0002808570861816406
0,-0.5,-498.96394777297974,-0.0002808570861816406,1,0.0
0,-0.5,-498.9679284095764,0.0,0,0.0
0,-0.5,-498.9679284095764,0.0,1,0.0
0,-0.5,-498.9698119163513,0.0,0,0.0
0,-0.5,-498.9698119163513,0.0,0,0.0
0,-0.49915432929992676,-498.9733028411865,0.0008456707000732422,0,0.0008456707000732422
0,-0.498978853225708,-498.97320103645325,0.00017547607421875,1,0.0010211467742919922
0,-0.4959394931793213,-498.97256731987,0.0030393600463867188,0,0.004060506820678711
0,-0.5,-498.97256731987,-0.004060506820678711,1,0.0
0,-0.5,-498.9742045402527,0.0,0,0.0
0,-0.5,-498.9742045402527,0.0,1,0.0
0,-0.49898505210876465,-498.97479581832886,0.0010149478912353516,0,0.0010149478912353516
0,-0.5,-498.97479581832886,-0.0010149478912353516,1,0.0
0,-0.49816155433654785,-498.9747200012207,0.0018384456634521484,0,0.0018384456634521484
0,-0.5,-498.9747200012207,-0.0018384456634521484,1,0.0
0,-0.4989314079284668,-498.97365140914917,0.0010685920715332031,0,0.0010685920715332031
0,-0.5,-498.97365140914917,-0.0010685920715332031,0,0.0
0,-0.5,-498.97365140914917,0.0,0,0.0
0,-0.4994513988494873,-498.973694562912,0.0005486011505126953,1,0.0005486011505126953
0,-0.49930572509765625,-498.9756729602814,0.0001456737518310547,0,0.00069427490234375
0,-0.49931931495666504,-498.97600626945496,-1.3589859008789062e-05,0,0.0006806850433349609
0,-0.496823787689209,-498.97400736808777,0.0024955272674560547,0,0.0031762123107910156
0,-0.49896907806396484,-498.97297644615173,-0.0021452903747558594,1,0.0010309219360351562
0,-0.4959299564361572,-498.97349786758423,0.003039121627807617,0,0.0040700435638427734
0,-0.5,-498.97464203834534,-0.0040700435638427734,0,0.0
0,-0.4974799156188965,-498.97307658195496,0.0025200843811035156,0,0.0025200843811035156
0,-0.5,-498.97338700294495,-0.0025200843811035156,0,0.0
0,-0.4990048408508301,-498.9734230041504,0.0009951591491699219,0,0.0009951591491699219
0,-0.5,-498.9734230041504,-0.0009951591491699219,1,0.0
0,-0.49898481369018555,-498.9729104042053,0.0010151863098144531,0,0.0010151863098144531
0,-0.5,-498.97350430488586,-0.0010151863098144531,1,0.0
0,-0.4989173412322998,-498.97613167762756,0.0010826587677001953,0,0.0010826587677001953
0,-0.4994924068450928,-498.9766535758972,-0.0005750656127929688,1,0.0005075931549072266
0,-0.4994924068450928,-498.9782454967499,0.0,0,0.0005075931549072266
0,-0.5,-498.9782454967499,-0.0005075931549072266,1,0.0
0,-0.5,-498.9793231487274,0.0,0,0.0
0,-0.5,-498.9793231487274,0.0,1,0.0
0,-0.5,-498.98140597343445,0.0,0,0.0
0,-0.5,-498.98140597343445,0.0,0,0.0
0,-0.5,-498.9833793640137,0.0,0,0.0
0,-0.5,-498.9833793640137,0.0,1,0.0
0,-0.4983208179473877,-498.982697725296,0.0016791820526123047,0,0.0016791820526123047
0,-0.5,-498.982697725296,-0.0016791820526123047,1,0.0
0,-0.49900388717651367,-498.986212015152,0.0009961128234863281,0,0.0009961128234863281
0,-0.5,-498.986212015152,-0.0009961128234863281,1,0.0
0,-0.49949121475219727,-498.98631286621094,0.0005087852478027344,0,0.0005087852478027344
0,-0.4989790916442871,-498.9852919578552,0.0005121231079101562,1,0.0010209083557128906
0,-0.49598169326782227,-498.98127365112305,0.0029973983764648438,0,0.004018306732177734
0,-0.5,-498.98206520080566,-0.004018306732177734,1,0.0
0,-0.5,-498.98206520080566,0.0,0,0.0
0,-0.49898457527160645,-498.98104977607727,0.0010154247283935547,1,0.0010154247283935547
0,-0.4979982376098633,-498.98404240608215,0.000986337661743164,0,0.0020017623901367188
0,-0.5,-498.98404240608215,-0.0020017623901367188,1,0.0
0,-0.5,-498.98570013046265,0.0,0,0.0
0,-0.4989948272705078,-498.98521089553833,0.0010051727294921875,1,0.0010051727294921875
0,-0.49694132804870605,-498.98215222358704,0.002053499221801758,0,0.0030586719512939453
0,-0.5,-498.98215222358704,-0.0030586719512939453,1,0.0
0,-0.4989960193634033,-498.98114824295044,0.0010039806365966797,0,0.0010039806365966797
0,-0.5,-498.98114824295044,-0.0010039806365966797,1,0.0
0,-0.49900221824645996,-498.9811427593231,0.000997781753540039,0,0.000997781753540039
0,-0.5,-498.9821398258209,-0.000997781753540039,0,0.0
0,-0.4984891414642334,-498.9810609817505,0.0015108585357666016,0,0.0015108585357666016
0,-0.5,-498.9810609817505,-0.0015108585357666016,1,0.0
0,-0.49800562858581543,-498.98660135269165,0.0019943714141845703,0,0.0019943714141845703
0,-0.5,-498.98660135269165,-0.0019943714141845703,0,0.0
0,-0.49748682975769043,-498.98408818244934,0.0025131702423095703,0,0.0025131702423095703
0,-0.4990534782409668,-498.9842221736908,-0.0015666484832763672,0,0.0009465217590332031
0,-0.49796104431152344,-498.98583459854126,0.0010924339294433594,0,0.0020389556884765625
0,-0.49933886528015137,-498.9851734638214,-0.0013778209686279297,0,0.0006611347198486328
0,-0.49943065643310547,-498.9846041202545,-9.179115295410156e-05,0,0.0005693435668945312
0,-0.5,-498.9846041202545,-0.0005693435668945312,0,0.0
0,-0.5,-498.9846041202545,0.0,0,0.0
0,-0.5,-498.9846041202545,0.0,0,0.0
0,-0.49648189544677734,-498.99311566352844,0.0035181045532226562,0,0.0035181045532226562
0,-0.5,-498.99411058425903,-0.0035181045532226562,0,0.0
0,-0.49793148040771484,-498.9932713508606,0.0020685195922851562,0,0.0020685195922851562
0,-0.5,-498.9932713508606,-0.0020685195922851562,1,0.0
0,-0.49677324295043945,-498.99004459381104,0.003226757049560547,0,0.003226757049560547
0,-0.49900174140930176,-498.99057626724243,-0.0022284984588623047,1,0.0009982585906982422
0,-0.4960141181945801,-498.9895873069763,0.0029876232147216797,0,0.003985881805419922
0,-0.5,-498.9906120300293,-0.003985881805419922,1,0.0
0,-0.49797582626342773,-498.99079966545105,0.0020241737365722656,0,0.0020241737365722656
0,-0.499131441116333,-498.9899311065674,-0.0011556148529052734,1,0.0008685588836669922
0,-0.49700236320495605,-498.9884045124054,0.002129077911376953,0,0.0029976367950439453
0,-0.5,-498.9884045124054,-0.0029976367950439453,0,0.0
0,-0.497943639755249,-498.9881193637848,0.0020563602447509766,0,0.0020563602447509766
0,-0.5,-498.98862957954407,-0.0020563602447509766,1,0.0
0,-0.5,-498.99221682548523,0.0,0,0.0
0,-0.4994320869445801,-498.992680311203,0.0005679130554199219,1,0.0005679130554199219
0,-0.4994320869445801,-498.9932119846344,0.0,0,0.0005679130554199219
0,-0.5,-498.9941885471344,-0.0005679130554199219,1,0.0
0,-0.4979386329650879,-498.99416756629944,0.0020613670349121094,0,0.0020613670349121094
0,-0.4992043972015381,-498.993371963501,-0.0012657642364501953,1,0.0007956027984619141
0,-0.49857592582702637,-498.991947889328,0.0006284713745117188,0,0.0014240741729736328
0,-0.5,-498.991947889328,-0.0014240741729736328,1,0.0
0,-0.5,-498.991947889328,0.0,0,0.0
0,-0.5,-498.99296021461487,0.0,1,0.0
0,-0.4984922409057617,-498.99388241767883,0.0015077590942382812,0,0.0015077590942382812
0,-0.5,-498.99388241767883,-0.0015077590942382812,0,0.0
0,-0.5,-498.99687576293945,0.0,0,0.0
0,-0.49947524070739746,-498.99635100364685,0.0005247592926025391,1,0.0005247592926025391
0,-0.49611353874206543,-498.9924645423889,0.0033617019653320312,0,0.0038864612579345703
0,-0.4989907741546631,-498.9919738769531,-0.0028772354125976562,0,0.001009225845336914
0,-0.49556756019592285,-498.99216985702515,0.0034232139587402344,0,0.0044324398040771484
0,-0.5,-498.99318075180054,-0.0044324398040771484,1,0.0
0,-0.5,-498.99618196487427,0.0,0,0.0
0,-0.5,-498.996710062027,0.0,1,0.0
0,-0.5,-498.9978096485138,0.0,0,0.0
0,-0.4990508556365967,-498.9968605041504,0.0009491443634033203,1,0.0009491443634033203
0,-0.4972372055053711,-498.9951593875885,0.001813650131225586,0,0.0027627944946289062
0,-0.5,-498.99575304985046,-0.0027627944946289062,1,0.0
0,-0.49883556365966797,-498.9976909160614,0.0011644363403320312,0,0.0011644363403320312
0,-0.4994947910308838,-498.9971857070923,-0.0006592273712158203,1,0.0005052089691162109
0,-0.4989919662475586,-498.99617767333984,0.0005028247833251953,0,0.0010080337524414062
0,-0.4994962215423584,-498.9956738948822,-0.0005042552947998047,1,0.0005037784576416016
0,-0.5,-499.0046606063843,-0.0005037784576416016,0,0.0
0,-0.5,-499.00560879707336,0.0,1,0.0
0,-0.49896907806396484,-499.00657510757446,0.0010309219360351562,0,0.0010309219360351562
0,-0.5,-499.0071339607239,-0.0010309219360351562,1,0.0
0,-0.49799370765686035,-499.0091245174408,0.0020062923431396484,0,0.0020062923431396484
0,-0.4996209144592285,-499.0097494125366,-0.001627206802368164,1,0.0003790855407714844
0,-0.499492883682251,-499.0108516216278,0.00012803077697753906,0,0.0005071163177490234
0,-0.5,-499.01136898994446,-0.0005071163177490234,1,0.0
0,-0.5,-499.01499009132385,0.0,0,0.0
0,-0.5,-499.0160129070282,0.0,1,0.0
0,-0.49769067764282227,-499.0147497653961,0.0023093223571777344,0,0.0023093223571777344
0,-0.5,-499.0147497653961,-0.0023093223571777344,1,0.0
0,-0.5,-499.0162968635559,0.0,0,0.0
0,-0.4994935989379883,-499.0168137550354,0.0005064010620117188,0,0.0005064010620117188
0,-0.5,-499.0188617706299,-0.0005064010620117188,0,0.0
0,-0.49899744987487793,-499.01785922050476,0.0010025501251220703,0,0.0010025501251220703
0,-0.49501824378967285,-499.01287746429443,0.003979206085205078,0,0.0049817562103271484
0,-0.5,-499.0139629840851,-0.0049817562103271484,0,0.0
0,-0.4994969367980957,-499.01551938056946,0.0005030632019042969,0,0.0005030632019042969
0,-0.5,-499.0160274505615,-0.0005030632019042969,1,0.0
0,-0.5,-499.0165355205536,0.0,0,0.0
0,-0.5,-499.01754450798035,0.0,1,0.0
0,-0.4994978904724121,-499.0197093486786,0.0005021095275878906,0,0.0005021095275878906
0,-0.5,-499.0202896595001,-0.0005021095275878906,1,0.0
0,-0.4968259334564209,-499.02074670791626,0.0031740665435791016,0,0.0031740665435791016
0,-0.5,-499.02074670791626,-0.0031740665435791016,1,0.0
0,-0.49948620796203613,-499.0207405090332,0.0005137920379638672,0,0.0005137920379638672
0,-0.5,-499.0237720012665,-0.0005137920379638672,0,0.0
0,-0.4964911937713623,-499.0212631225586,0.0035088062286376953,0,0.0035088062286376953
0,-0.4996020793914795,-499.0208652019501,-0.0031108856201171875,1,0.0003979206085205078
0,-0.499497652053833,-499.0234000682831,0.00010442733764648438,0,0.0005023479461669922
0,-0.4994537830352783,-499.023868560791,4.38690185546875e-05,0,0.0005462169647216797
0,-0.4994537830352783,-499.02423667907715,0.0,0,0.0005462169647216797
0,-0.5,-499.02423667907715,-0.0005462169647216797,1,0.0
0,-0.5,-499.02423667907715,0.0,0,0.0
0,-0.4989762306213379,-499.0232129096985,0.0010237693786621094,1,0.0010237693786621094
0,-0.4969639778137207,-499.0201768875122,0.0020122528076171875,0,0.003036022186279297
0,-0.5,-499.0217146873474,-0.003036022186279297,1,0.0
0,-0.4990067481994629,-499.0252423286438,0.0009932518005371094,0,0.0009932518005371094
0,-0.5,-499.02627754211426,-0.0009932518005371094,1,0.0
0,-0.498945951461792,-499.027325630188,0.0010540485382080078,0,0.0010540485382080078
0,-0.49948811531066895,-499.02770376205444,-0.0005421638488769531,0,0.0005118846893310547
0,-0.4964926242828369,-499.0272328853607,0.0029954910278320312,0,0.003507375717163086
0,-0.4989495277404785,-499.0261824131012,-0.0024569034576416016,1,0.0010504722595214844
0,-0.49826741218566895,-499.02615690231323,0.0006821155548095703,0,0.0017325878143310547
0,-0.5,-499.0282196998596,-0.0017325878143310547,1,0.0
0,-0.497936487197876,-499.0300896167755,0.0020635128021240234,0,0.0020635128021240234
0,-0.5,-499.03059935569763,-0.0020635128021240234,1,0.0
0,-0.49909520149230957,-499.03020429611206,0.0009047985076904297,0,0.0009047985076904297
0,-0.49948668479919434,-499.03092908859253,-0.0003914833068847656,1,0.0005133152008056641
0,-0.5,-499.03242206573486,-0.0005133152008056641,0,0.0
0,-0.5,-499.03242206573486,0.0,0,0.0
0,-0.5,-499.03242206573486,0.0,0,0.0
0,-0.5,-499.03342843055725,0.0,0,0.0
0,-0.49957871437072754,-499.03599548339844,0.00042128562927246094,0,0.00042128562927246094
0,-0.5,-499.03599548339844,-0.00042128562927246094,1,0.0
0,-0.49500107765197754,-499.03271770477295,0.004998922348022461,0,0.004998922348022461
0,-0.5,-499.0341286659241,-0.004998922348022461,1,0.0
0,-0.4984891414642334,-499.03528666496277,0.0015108585357666016,0,0.0015108585357666016
0,-0.49900031089782715,-499.03487396240234,-0.00051116943359375,0,0.0009996891021728516
0,-0.4970085620880127,-499.0367591381073,0.001991748809814453,0,0.0029914379119873047
0,-0.49949169158935547,-499.03625082969666,-0.0024831295013427734,0,0.0005083084106445312
0,-0.49898338317871094,-499.03744554519653,0.0005083084106445312,0,0.0010166168212890625
0,-0.49897217750549316,-499.036417722702,1.1205673217773438e-05,1,0.001027822494506836
0,-0.49757933616638184,-499.0339970588684,0.0013928413391113281,0,0.002420663833618164
0,-0.4991610050201416,-499.03315806388855,-0.0015816688537597656,1,0.0008389949798583984
0,-0.49890613555908203,-499.0360598564148,0.0002548694610595703,0,0.0010938644409179688
0,-0.49948954582214355,-499.03554940223694,-0.0005834102630615234,1,0.0005104541778564453
0,-0.4964430332183838,-499.03349566459656,0.0030465126037597656,0,0.003556966781616211
0,-0.4994823932647705,-499.03348112106323,-0.0030393600463867188,1,0.0005176067352294922
0,-0.49891090393066406,-499.0328950881958,0.0005714893341064453,0,0.0010890960693359375
0,-0.49898529052734375,-499.03290247917175,-7.43865966796875e-05,1,0.00101470947265625
0,-0.4983811378479004,-499.033411026001,0.0006041526794433594,0,0.0016188621520996094
0,-0.499392032623291,-499.03318309783936,-0.001010894775390625,1,0.0006079673767089844
0,-0.498366117477417,-499.0315492153168,0.0010259151458740234,0,0.0016338825225830078
0,-0.5,-499.0315492153168,-0.0016338825225830078,0,0.0
0,-0.499072790145874,-499.03062200546265,0.0009272098541259766,0,0.0009272098541259766
0,-0.5,-499.03062200546265,-0.0009272098541259766,1,0.0
0,-0.5,-499.035621881485,0.0,0,0.0
0,-0.5,-499.035621881485,0.0,1,0.0
0,-0.49900245666503906,-499.0355145931244,0.0009975433349609375,0,0.0009975433349609375
0,-0.5,-499.0355145931244,-0.0009975433349609375,0,0.0
0,-0.4974558353424072,-499.0329704284668,0.0025441646575927734,0,0.0025441646575927734
0,-0.5,-499.03347182273865,-0.0025441646575927734,1,0.0
0,-0.49695730209350586,-499.03192949295044,0.0030426979064941406,0,0.0030426979064941406
0,-0.5,-499.03243803977966,-0.0030426979064941406,1,0.0
0,-0.4962916374206543,-499.0287296772003,0.003708362579345703,0,0.003708362579345703
0,-0.5,-499.0287296772003,-0.003708362579345703,0,0.0
0,-0.4994983673095703,-499.0282280445099,0.0005016326904296875,0,0.0005016326904296875
0,-0.5,-499.0282280445099,-0.0005016326904296875,1,0.0
0,-0.4941573143005371,-499.0223853588104,0.005842685699462891,0,0.005842685699462891
0,-0.5,-499.023401260376,-0.005842685699462891,1,0.0
0,-0.5,-499.02746057510376,0.0,0,0.0
0,-0.5,-499.02797198295593,0.0,1,0.0
0,-0.5,-499.0294909477234,0.0,0,0.0
0,-0.5,-499.0294909477234,0.0,0,0.0
0,-0.49899864196777344,-499.02848958969116,0.0010013580322265625,0,0.0010013580322265625
0,-0.5,-499.0289993286133,-0.0010013580322265625,0,0.0
0,-0.4984402656555176,-499.0279493331909,0.0015597343444824219,0,0.0015597343444824219
0,-0.5,-499.0279493331909,-0.0015597343444824219,1,0.0
0,-0.4980041980743408,-499.02695965766907,0.0019958019256591797,0,0.0019958019256591797
0,-0.5,-499.02695965766907,-0.0019958019256591797,1,0.0
0,-0.49535608291625977,-499.0223157405853,0.004643917083740234,0,0.004643917083740234
0,-0.4994215965270996,-499.0217373371124,-0.004065513610839844,1,0.0005784034729003906
0,-0.4976489543914795,-499.02038836479187,0.0017726421356201172,0,0.002351045608520508
0,-0.5,-499.02089977264404,-0.002351045608520508,0,0.0
0,-0.49793505668640137,-499.0193462371826,0.002064943313598633,0,0.002064943313598633
0,-0.5,-499.0193462371826,-0.002064943313598633,1,0.0
0,-0.5,-499.02393412590027,0.0,0,0.0
0,-0.5,-499.02445912361145,0.0,0,0.0
0,-0.5,-499.02501130104065,0.0,0,0.0
0,-0.4996829032897949,-499.0257375240326,0.0003170967102050781,1,0.0003170967102050781
0,-0.5,-499.02750396728516,-0.0003170967102050781,0,0.0
0,-0.49898242950439453,-499.0274851322174,0.0010175704956054688,1,0.0010175704956054688
0,-0.49791765213012695,-499.02814054489136,0.0010647773742675781,0,0.002082347869873047
0,-0.5,-499.02814054489136,-0.002082347869873047,1,0.0
0,-0.5,-499.02814054489136,0.0,0,0.0
0,-0.49936532974243164,-499.0275058746338,0.0006346702575683594,1,0.0006346702575683594
0,-0.4958534240722656,-499.0288317203522,0.0035119056701660156,0,0.004146575927734375
0,-0.5,-499.0298488140106,-0.004146575927734375,0,0.0
0,-0.4988274574279785,-499.0286762714386,0.0011725425720214844,0,0.0011725425720214844
0,-0.5,-499.02972960472107,-0.0011725425720214844,1,0.0
0,-0.4979441165924072,-499.0336322784424,0.0020558834075927734,0,0.0020558834075927734
0,-0.5,-499.03463792800903,-0.0020558834075927734,0,0.0
0,-0.5,-499.0356433391571,0.0,0,0.0
0,-0.49948930740356445,-499.03513264656067,0.0005106925964355469,1,0.0005106925964355469
0,-0.4987320899963379,-499.03821849823,0.0007572174072265625,0,0.0012679100036621094
0,-0.5,-499.03821849823,-0.0012679100036621094,0,0.0
0,-0.49900341033935547,-499.04023265838623,0.0009965896606445312,0,0.0009965896606445312
0,-0.5,-499.04023265838623,-0.0009965896606445312,1,0.0
0,-0.499495267868042,-499.04476404190063,0.0005047321319580078,0,0.0005047321319580078
0,-0.5,-499.04577016830444,-0.0005047321319580078,0,0.0
0,-0.49795031547546387,-499.0477499961853,0.002049684524536133,0,0.002049684524536133
0,-0.5,-499.0477499961853,-0.002049684524536133,1,0.0
0,-0.5,-499.04830861091614,0.0,0,0.0
0,-0.5,-499.04830861091614,0.0,1,0.0
0,-0.49904441833496094,-499.0491726398468,0.0009555816650390625,0,0.0009555816650390625
0,-0.5,-499.0491726398468,-0.0009555816650390625,1,0.0
0,-0.4979994297027588,-499.04717206954956,0.002000570297241211,0,0.002000570297241211
0,-0.5,-499.04750871658325,-0.002000570297241211,1,0.0
0,-0.4980950355529785,-499.04560375213623,0.0019049644470214844,0,0.0019049644470214844
0,-0.4994845390319824,-499.0450882911682,-0.0013895034790039062,1,0.0005154609680175781
0,-0.4965035915374756,-499.0461513996124,0.002980947494506836,0,0.003496408462524414
0,-0.5,-499.0471487045288,-0.003496408462524414,1,0.0
0,-0.5,-499.049768447876,0.0,0,0.0
0,-0.4994926452636719,-499.04926109313965,0.000507354736328125,1,0.000507354736328125
0,-0.4994926452636719,-499.0487537384033,0.0,0,0.000507354736328125
0,-0.5,-499.0487537384033,-0.000507354736328125,1,0.0
0,-0.49562573432922363,-499.04874300956726,0.004374265670776367,0,0.004374265670776367
0,-0.4980742931365967,-499.04681730270386,-0.002448558807373047,1,0.0019257068634033203
0,-0.5,-499.04681730270386,-0.0019257068634033203,0,0.0
0,-0.4989469051361084,-499.04576420783997,0.0010530948638916016,1,0.0010530948638916016
0,-0.49794888496398926,-499.04470801353455,0.0009980201721191406,0,0.002051115036010742
0,-0.5,-499.0452170372009,-0.002051115036010742,0,0.0
0,-0.5,-499.04952335357666,0.0,0,0.0
0,-0.49948716163635254,-499.0500371456146,0.0005128383636474609,1,0.0005128383636474609
0,-0.49544358253479004,-499.0464789867401,0.0040435791015625,0,0.004556417465209961
0,-0.49948859214782715,-499.04596757888794,-0.004045009613037109,1,0.0005114078521728516
0,-0.49799489974975586,-499.0439624786377,0.001493692398071289,0,0.0020051002502441406
0,-0.5,-499.04597568511963,-0.0020051002502441406,1,0.0
0,-0.5,-499.0481791496277,0.0,0,0.0
0,-0.5,-499.0481791496277,0.0,0,0.0
0,-0.4994323253631592,-499.0639183521271,0.0005676746368408203,0,0.0005676746368408203
0,-0.5,-499.06442284584045,-0.0005676746368408203,1,0.0
0,-0.5,-499.06442284584045,0.0,0,0.0
0,-0.5,-499.06442284584045,0.0,0,0.0
0,-0.4982445240020752,-499.06466722488403,0.0017554759979248047,0,0.0017554759979248047
0,-0.5,-499.06466722488403,-0.0017554759979248047,1,0.0
0,-0.49900341033935547,-499.0666604042053,0.0009965896606445312,0,0.0009965896606445312
0,-0.4989941120147705,-499.06611704826355,9.298324584960938e-06,1,0.0010058879852294922
0,-0.4985642433166504,-499.064888715744,0.0004298686981201172,0,0.0014357566833496094
0,-0.5,-499.064888715744,-0.0014357566833496094,0,0.0
0,-0.4949963092803955,-499.0598850250244,0.005003690719604492,0,0.005003690719604492
0,-0.49953269958496094,-499.060524225235,-0.00453639030456543,1,0.0004673004150390625
0,-0.4990231990814209,-499.06203174591064,0.0005095005035400391,0,0.0009768009185791016
0,-0.5,-499.06302309036255,-0.0009768009185791016,1,0.0
0,-0.4979524612426758,-499.0630085468292,0.0020475387573242188,0,0.0020475387573242188
0,-0.5,-499.0630085468292,-0.0020475387573242188,1,0.0
0,-0.5,-499.0643901824951,0.0,0,0.0
0,-0.5,-499.0643901824951,0.0,1,0.0
0,-0.4983334541320801,-499.0627236366272,0.0016665458679199219,0,0.0016665458679199219
0,-0.49949169158935547,-499.0634949207306,-0.0011582374572753906,1,0.0005083084106445312
0,-0.5,-499.07074093818665,-0.0005083084106445312,0,0.0
0,-0.4994945526123047,-499.07023549079895,0.0005054473876953125,1,0.0005054473876953125
110,5.27312970161438,5.27312970161438,5.27312970161438,23,5.77312970161438
108,5.277848958969116,10.550978660583496,0.004719257354736328,0,5.777848958969116
22,-0.49892473220825195,10.052053928375244,-5.776773691177368,0,0.0010752677917480469
18,-0.49793577194213867,9.554118156433105,0.0009889602661132812,0,0.002064228057861328
19,-0.4994935989379883,9.054624557495117,-0.0015578269958496094,1,0.0005064010620117188
17,-0.5,8.554624557495117,-0.0005064010620117188,1,0.0
12,-0.5,8.054624557495117,0.0,1,0.0
15,-0.5,7.554624557495117,0.0,1,0.0
11,-0.4989926815032959,7.055631875991821,0.0010073184967041016,0,0.0010073184967041016
14,-0.49700236320495605,6.558629512786865,0.0019903182983398438,0,0.0029976367950439453
8,-0.49907851219177246,6.059551000595093,-0.0020761489868164062,1,0.0009214878082275391
8,-0.4993095397949219,5.560241460800171,-0.00023102760314941406,1,0.000690460205078125
9,-0.5,5.060241460800171,-0.000690460205078125,1,0.0
3,-0.4994313716888428,4.560810089111328,0.0005686283111572266,0,0.0005686283111572266
3,-0.49837827682495117,4.062431812286377,0.0010530948638916016,0,0.0016217231750488281
1,-0.5,3.562431812286377,-0.0016217231750488281,3,0.0
0,-0.5,3.062431812286377,0.0,1,0.0
1,-0.4950072765350342,2.5674245357513428,0.00499272346496582,0,0.00499272346496582
0,-0.499497652053833,2.0679268836975098,-0.004490375518798828,0,0.0005023479461669922
0,-0.5,1.5679268836975098,-0.0005023479461669922,1,0.0
0,-0.4988522529602051,1.0690746307373047,0.0011477470397949219,0,0.0011477470397949219
0,-0.5,0.5690746307373047,-0.0011477470397949219,1,0.0
0,-0.4989931583404541,0.07008147239685059,0.0010068416595458984,0,0.0010068416595458984
0,-0.49951863288879395,-0.42943716049194336,-0.0005254745483398438,1,0.0004813671112060547
0,-0.4990088939666748,-0.9284460544586182,0.0005097389221191406,0,0.0009911060333251953
0,-0.4997735023498535,-1.4282195568084717,-0.0007646083831787109,1,0.00022649765014648438
0,-0.4992794990539551,-1.9274990558624268,0.0004940032958984375,0,0.0007205009460449219
0,-0.49933767318725586,-2.4268367290496826,-5.817413330078125e-05,0,0.0006623268127441406
0,-0.49631261825561523,-2.923149347305298,0.003025054931640625,0,0.0036873817443847656
0,-0.5,-3.423149347305298,-0.0036873817443847656,0,0.0
0,-0.4990060329437256,-3.9221553802490234,0.000993967056274414,0,0.000993967056274414
0,-0.5,-4.422155380249023,-0.000993967056274414,1,0.0
0,-0.4994978904724121,-4.9216532707214355,0.0005021095275878906,0,0.0005021095275878906
0,-0.49898624420166016,-5.420639514923096,0.0005116462707519531,1,0.0010137557983398438
0,-0.49699974060058594,-5.917639255523682,0.0019865036010742188,0,0.0030002593994140625
0,-0.4994966983795166,-6.417135953903198,-0.002496957778930664,1,0.0005033016204833984
0,-0.49900054931640625,-6.9161365032196045,0.0004961490631103516,0,0.00099945068359375
0,-0.5,-7.4161365032196045,-0.00099945068359375,0,0.0
0,-0.49899959564208984,-7.915136098861694,0.0010004043579101562,0,0.0010004043579101562
0,-0.5,-8.415136098861694,-0.0010004043579101562,0,0.0
0,-0.5,-8.915136098861694,0.0,0,0.0
0,-0.5,-9.415136098861694,0.0,1,0.0
0,-0.5,-9.915136098861694,0.0,0,0.0
0,-0.499492883682251,-10.414628982543945,0.0005071163177490234,1,0.0005071163177490234
0,-0.4990808963775635,-10.913709878921509,0.0004119873046875,0,0.0009191036224365234
0,-0.5,-11.413709878921509,-0.0009191036224365234,1,0.0
0,-0.49798130989074707,-11.911691188812256,0.0020186901092529297,0,0.0020186901092529297
0,-0.4985330104827881,-12.410224199295044,-0.0005517005920410156,1,0.001466989517211914
0,-0.49615478515625,-12.906378984451294,0.002378225326538086,0,0.00384521484375
0,-0.4989650249481201,-13.405344009399414,-0.002810239791870117,1,0.0010349750518798828
0,-0.4980165958404541,-13.903360605239868,0.0009484291076660156,0,0.0019834041595458984
0,-0.4986739158630371,-14.402034521102905,-0.0006573200225830078,1,0.0013260841369628906
0,-0.498990535736084,-14.90102505683899,-0.000316619873046875,0,0.0010094642639160156
0,-0.49900126457214355,-15.400026321411133,-1.0728836059570312e-05,1,0.0009987354278564453
0,-0.4983808994293213,-15.898407220840454,0.0006203651428222656,0,0.001619100570678711
0,-0.49956846237182617,-16.39797568321228,-0.0011875629425048828,1,0.0004315376281738281
0,-0.4994847774505615,-16.897460460662842,8.368492126464844e-05,0,0.0005152225494384766
0,-0.5,-17.397460460662842,-0.0005152225494384766,0,0.0
0,-0.5,-17.897460460662842,0.0,0,0.0
0,-0.49949002265930176,-18.396950483322144,0.0005099773406982422,0,0.0005099773406982422
0,-0.49847912788391113,-18.895429611206055,0.001010894775390625,0,0.0015208721160888672
0,-0.5,-19.395429611206055,-0.0015208721160888672,1,0.0
0,-0.5,-19.895429611206055,0.0,0,0.0
0,-0.5,-20.395429611206055,0.0,1,0.0
0,-0.4946119785308838,-20.89004158973694,0.005388021469116211,0,0.005388021469116211
0,-0.49899792671203613,-21.389039516448975,-0.004385948181152344,1,0.0010020732879638672
0,-0.49801111221313477,-21.88705062866211,0.0009868144989013672,0,0.0019888877868652344
0,-0.49969029426574707,-22.386740922927856,-0.0016791820526123047,1,0.0003097057342529297
0,-0.5,-22.886740922927856,-0.0003097057342529297,0,0.0
0,-0.49898767471313477,-23.38572859764099,0.0010123252868652344,1,0.0010123252868652344
0,-0.499004602432251,-23.884733200073242,-1.6927719116210938e-05,0,0.0009953975677490234
0,-0.5,-24.384733200073242,-0.0009953975677490234,1,0.0
0,-0.499492883682251,-24.884226083755493,0.0005071163177490234,0,0.0005071163177490234
0,-0.5,-25.384226083755493,-0.0005071163177490234,0,0.0
0,-0.5,-25.884226083755493,0.0,0,0.0
0,-0.4994823932647705,-26.383708477020264,0.0005176067352294922,1,0.0005176067352294922
0,-0.4954216480255127,-26.879130125045776,0.0040607452392578125,0,0.004578351974487305
0,-0.5,-27.379130125045776,-0.004578351974487305,1,0.0
0,-0.49900245666503906,-27.878132581710815,0.0009975433349609375,0,0.0009975433349609375
0,-0.5,-28.378132581710815,-0.0009975433349609375,1,0.0
0,-0.4962635040283203,-28.874396085739136,0.0037364959716796875,0,0.0037364959716796875
0,-0.5,-29.374396085739136,-0.0037364959716796875,1,0.0
0,-0.49942922592163086,-29.873825311660767,0.0005707740783691406,0,0.0005707740783691406
0,-0.5,-30.373825311660767,-0.0005707740783691406,1,0.0
0,-0.4931199550628662,-30.866945266723633,0.006880044937133789,0,0.006880044937133789
0,-0.5,-31.366945266723633,-0.006880044937133789,1,0.0
0,-0.5,-31.866945266723633,0.0,0,0.0
0,-0.5,-32.36694526672363,0.0,1,0.0
0,-0.49892187118530273,-32.865867137908936,0.0010781288146972656,0,0.0010781288146972656
0,-0.5,-33.365867137908936,-0.0010781288146972656,1,0.0
0,-0.5,-33.865867137908936,0.0,0,0.0
0,-0.5,-34.365867137908936,0.0,0,0.0
0,-0.49799394607543945,-34.863861083984375,0.002006053924560547,0,0.002006053924560547
0,-0.49895548820495605,-35.36281657218933,-0.0009615421295166016,1,0.0010445117950439453
0,-0.4979541301727295,-35.86077070236206,0.0010013580322265625,0,0.002045869827270508
0,-0.4990072250366211,-36.35977792739868,-0.0010530948638916016,1,0.0009927749633789062
0,-0.49520087242126465,-36.854978799819946,0.0038063526153564453,0,0.0047991275787353516
0,-0.49899864196777344,-37.35397744178772,-0.003797769546508789,1,0.0010013580322265625
0,-0.49900126457214355,-37.85297870635986,-2.6226043701171875e-06,0,0.0009987354278564453
0,-0.5,-38.35297870635986,-0.0009987354278564453,1,0.0
0,-0.4994971752166748,-38.85247588157654,0.0005028247833251953,0,0.0005028247833251953
0,-0.5,-39.35247588157654,-0.0005028247833251953,1,0.0
0,-0.5,-39.85247588157654,0.0,0,0.0
0,-0.5,-40.35247588157654,0.0,1,0.0
0,-0.4950673580169678,-40.847543239593506,0.0049326419830322266,0,0.0049326419830322266
0,-0.49959754943847656,-41.34714078903198,-0.004530191421508789,1,0.0004024505615234375
0,-0.4995999336242676,-41.84674072265625,-2.384185791015625e-06,0,0.0004000663757324219
0,-0.49898457527160645,-42.345725297927856,0.0006153583526611328,1,0.0010154247283935547
0,-0.4970715045928955,-42.84279680252075,0.0019130706787109375,0,0.002928495407104492
0,-0.4989769458770752,-43.34177374839783,-0.0019054412841796875,0,0.0010230541229248047
0,-0.498110294342041,-43.83988404273987,0.0008666515350341797,0,0.0018897056579589844
0,-0.4997079372406006,-44.33959197998047,-0.0015976428985595703,1,0.00029206275939941406
0,-0.5,-44.83959197998047,-0.00029206275939941406,0,0.0
0,-0.49982690811157227,-45.33941888809204,0.00017309188842773438,1,0.00017309188842773438
0,-0.5,-45.83941888809204,-0.00017309188842773438,0,0.0
0,-0.49953389167785645,-46.3389527797699,0.0004661083221435547,1,0.0004661083221435547
0,-0.5,-46.8389527797699,-0.0004661083221435547,0,0.0
0,-0.4989912509918213,-47.33794403076172,0.001008749008178711,1,0.001008749008178711
0,-0.4979379177093506,-47.83588194847107,0.0010533332824707031,0,0.002062082290649414
0,-0.5,-48.33588194847107,-0.002062082290649414,1,0.0
0,-0.5,-48.83588194847107,0.0,0,0.0
0,-0.49948811531066895,-49.33537006378174,0.0005118846893310547,0,0.0005118846893310547
0,-0.4989488124847412,-49.83431887626648,0.0005393028259277344,0,0.001051187515258789
0,-0.499420166015625,-50.333739042282104,-0.00047135353088378906,1,0.000579833984375
0,-0.496368408203125,-50.83010745048523,0.0030517578125,0,0.003631591796875
0,-0.5,-51.33010745048523,-0.003631591796875,1,0.0
0,-0.5,-51.83010745048523,0.0,0,0.0
0,-0.5,-52.33010745048523,0.0,1,0.0
0,-0.4989964962005615,-52.82910394668579,0.0010035037994384766,0,0.0010035037994384766
0,-0.49862241744995117,-53.32772636413574,0.00037407875061035156,1,0.0013775825500488281
0,-0.4986398220062256,-53.82636618614197,-1.7404556274414062e-05,0,0.001360177993774414
0,-0.5,-54.32636618614197,-0.001360177993774414,0,0.0
0,-0.4952049255371094,-54.82157111167908,0.004795074462890625,0,0.004795074462890625
0,-0.4985663890838623,-55.32013750076294,-0.0033614635467529297,1,0.0014336109161376953
0,-0.49861931800842285,-55.81875681877136,-5.2928924560546875e-05,0,0.0013806819915771484
0,-0.4994232654571533,-56.318180084228516,-0.0008039474487304688,1,0.0005767345428466797
0,-0.4994232654571533,-56.81760334968567,0.0,0,0.0005767345428466797
0,-0.4997403621673584,-57.31734371185303,-0.0003170967102050781,1,0.00025963783264160156
0,-0.49871134757995605,-57.81605505943298,0.0010290145874023438,0,0.0012886524200439453
0,-0.49949002265930176,-58.315545082092285,-0.0007786750793457031,1,0.0005099773406982422
0,-0.4954099655151367,-58.81095504760742,0.004080057144165039,0,0.004590034484863281
0,-0.5,-59.31095504760742,-0.004590034484863281,1,0.0
0,-0.5,-59.81095504760742,0.0,0,0.0
0,-0.49948930740356445,-60.310444355010986,0.0005106925964355469,1,0.0005106925964355469
0,-0.49948930740356445,-60.80993366241455,0.0,0,0.0005106925964355469
0,-0.4989790916442871,-61.30891275405884,0.0005102157592773438,1,0.0010209083557128906
0,-0.49798583984375,-61.80689859390259,0.0009932518005371094,0,0.00201416015625
0,-0.499159574508667,-62.306058168411255,-0.0011737346649169922,1,0.0008404254913330078
0,-0.4980602264404297,-62.804118394851685,0.0010993480682373047,0,0.0019397735595703125
0,-0.5,-63.304118394851685,-0.0019397735595703125,1,0.0
0,-0.5,-63.804118394851685,0.0,0,0.0
0,-0.5,-64.30411839485168,0.0,1,0.0
0,-0.5,-64.80411839485168,0.0,0,0.0
0,-0.4990041255950928,-65.30312252044678,0.0009958744049072266,0,0.0009958744049072266
0,-0.49794888496398926,-65.80107140541077,0.0010552406311035156,0,0.002051115036010742
0,-0.4994940757751465,-66.30056548118591,-0.0015451908111572266,0,0.0005059242248535156
0,-0.5,-66.80056548118591,-0.0005059242248535156,0,0.0
0,-0.5,-67.30056548118591,0.0,1,0.0
0,-0.49770522117614746,-67.79827070236206,0.002294778823852539,0,0.002294778823852539
0,-0.5,-68.29827070236206,-0.002294778823852539,1,0.0
0,-0.499497652053833,-68.7977683544159,0.0005023479461669922,0,0.0005023479461669922
0,-0.5,-69.2977683544159,-0.0005023479461669922,1,0.0
0,-0.5,-69.7977683544159,0.0,0,0.0
0,-0.49968504905700684,-70.2974534034729,0.00031495094299316406,1,0.00031495094299316406
0,-0.4998152256011963,-70.7972686290741,-0.00013017654418945312,0,0.00018477439880371094
0,-0.49898195266723633,-71.29625058174133,0.0008332729339599609,1,0.0010180473327636719
0,-0.49901509284973145,-71.79526567459106,-3.314018249511719e-05,0,0.0009849071502685547
0,-0.499802827835083,-72.29506850242615,-0.0007877349853515625,1,0.0001971721649169922
0,-0.5,-72.79506850242615,-0.0001971721649169922,0,0.0
0,-0.5,-73.29506850242615,0.0,0,0.0
0,-0.5,-73.79506850242615,0.0,0,0.0
0,-0.5,-74.29506850242615,0.0,1,0.0
0,-0.4990062713623047,-74.79407477378845,0.0009937286376953125,0,0.0009937286376953125
0,-0.5,-75.29407477378845,-0.0009937286376953125,1,0.0
0,-0.5,-75.79407477378845,0.0,0,0.0
0,-0.49945759773254395,-76.293532371521,0.0005424022674560547,0,0.0005424022674560547
0,-0.4994940757751465,-76.79302644729614,-3.647804260253906e-05,0,0.0005059242248535156
0,-0.5,-77.29302644729614,-0.0005059242248535156,0,0.0
0,-0.5,-77.79302644729614,0.0,0,0.0
0,-0.5,-78.29302644729614,0.0,0,0.0
0,-0.5,-78.79302644729614,0.0,0,0.0
0,-0.5,-79.29302644729614,0.0,0,0.0
0,-0.4994988441467285,-79.79252529144287,0.0005011558532714844,0,0.0005011558532714844
0,-0.5,-80.29252529144287,-0.0005011558532714844,0,0.0
0,-0.5,-80.79252529144287,0.0,0,0.0
0,-0.4994959831237793,-81.29202127456665,0.0005040168762207031,1,0.0005040168762207031
0,-0.5,-81.79202127456665,-0.0005040168762207031,0,0.0
0,-0.49898791313171387,-82.29100918769836,0.0010120868682861328,0,0.0010120868682861328
0,-0.49837660789489746,-82.78938579559326,0.0006113052368164062,0,0.001623392105102539
0,-0.5,-83.28938579559326,-0.001623392105102539,1,0.0
0,-0.5,-83.78938579559326,0.0,0,0.0
0,-0.4989356994628906,-84.28832149505615,0.001064300537109375,0,0.001064300537109375
0,-0.4979860782623291,-84.78630757331848,0.0009496212005615234,0,0.0020139217376708984
0,-0.5,-85.28630757331848,-0.0020139217376708984,0,0.0
0,-0.49874281883239746,-85.78505039215088,0.001257181167602539,0,0.001257181167602539
0,-0.5,-86.28505039215088,-0.001257181167602539,1,0.0
0,-0.49799418449401855,-86.7830445766449,0.0020058155059814453,0,0.0020058155059814453
0,-0.49944543838500977,-87.28249001502991,-0.001451253890991211,1,0.0005545616149902344
0,-0.4984397888183594,-87.78092980384827,0.0010056495666503906,0,0.001560211181640625
0,-0.49899792671203613,-88.2799277305603,-0.0005581378936767578,0,0.0010020732879638672
0,-0.5,-88.7799277305603,-0.0010020732879638672,0,0.0
0,-0.5,-89.2799277305603,0.0,1,0.0
0,-0.49949193000793457,-89.77941966056824,0.0005080699920654297,0,0.0005080699920654297
0,-0.5,-90.27941966056824,-0.0005080699920654297,0,0.0
0,-0.5,-90.77941966056824,0.0,0,0.0
0,-0.4997544288635254,-91.27917408943176,0.0002455711364746094,1,0.0002455711364746094
0,-0.5,-91.77917408943176,-0.0002455711364746094,0,0.0
0,-0.5,-92.27917408943176,0.0,1,0.0
0,-0.5,-92.77917408943176,0.0,0,0.0
0,-0.5,-93.27917408943176,0.0,0,0.0
0,-0.498868465423584,-93.77804255485535,0.0011315345764160156,0,0.0011315345764160156
0,-0.49881529808044434,-94.27685785293579,5.316734313964844e-05,1,0.001184701919555664
0,-0.4968578815460205,-94.77371573448181,0.001957416534423828,0,0.003142118453979492
0,-0.49948596954345703,-95.27320170402527,-0.0026280879974365234,1,0.0005140304565429688
0,-0.4984285831451416,-95.77163028717041,0.0010573863983154297,0,0.0015714168548583984
0,-0.5,-96.27163028717041,-0.0015714168548583984,1,0.0
0,-0.5,-96.77163028717041,0.0,0,0.0
0,-0.49947571754455566,-97.27110600471497,0.0005242824554443359,1,0.0005242824554443359
0,-0.49898648262023926,-97.7700924873352,0.0004892349243164062,0,0.0010135173797607422
0,-0.4999113082885742,-98.27000379562378,-0.0009248256683349609,1,8.869171142578125e-05
0,-0.4994220733642578,-98.76942586898804,0.0004892349243164062,0,0.0005779266357421875
0,-0.5,-99.26942586898804,-0.0005779266357421875,1,0.0
0,-0.49861717224121094,-99.76804304122925,0.0013828277587890625,0,0.0013828277587890625
0,-0.5,-100.26804304122925,-0.0013828277587890625,1,0.0
0,-0.49899744987487793,-100.76704049110413,0.0010025501251220703,0,0.0010025501251220703
0,-0.4995419979095459,-101.26658248901367,-0.0005445480346679688,1,0.00045800209045410156
0,-0.49949026107788086,-101.76607275009155,5.173683166503906e-05,0,0.0005097389221191406
0,-0.5,-102.26607275009155,-0.0005097389221191406,3,0.0
0,-0.49800658226013184,-102.76407933235168,0.001993417739868164,2,0.001993417739868164
0,-0.49509692192077637,-103.25917625427246,0.0029096603393554688,1,0.004903078079223633
0,-0.49111175537109375,-103.75028800964355,0.003985166549682617,0,0.00888824462890625
0,-0.5,-104.25028800964355,-0.00888824462890625,0,0.0
0,-0.5,-104.75028800964355,0.0,0,0.0
0,-0.4989938735961914,-105.24928188323975,0.0010061264038085938,0,0.0010061264038085938
0,-0.5,-105.74928188323975,-0.0010061264038085938,0,0.0
0,-0.4996223449707031,-106.24890422821045,0.000377655029296875,1,0.000377655029296875
0,-0.4985487461090088,-106.74745297431946,0.001073598861694336,0,0.001451253890991211
0,-0.5,-107.24745297431946,-0.001451253890991211,1,0.0
0,-0.5,-107.74745297431946,0.0,0,0.0
0,-0.5,-108.24745297431946,0.0,1,0.0
0,-0.49870848655700684,-108.74616146087646,0.001291513442993164,0,0.001291513442993164
0,-0.5,-109.24616146087646,-0.001291513442993164,0,0.0
0,-0.4991929531097412,-109.7453544139862,0.0008070468902587891,0,0.0008070468902587891
0,-0.4995310306549072,-110.24488544464111,-0.0003380775451660156,1,0.00046896934509277344
0,-0.49976277351379395,-110.74464821815491,-0.00023174285888671875,0,0.0002372264862060547
0,-0.5,-111.24464821815491,-0.0002372264862060547,1,0.0
0,-0.49822998046875,-111.74287819862366,0.00177001953125,0,0.00177001953125
0,-0.4989964962005615,-112.24187469482422,-0.0007665157318115234,1,0.0010035037994384766
0,-0.5,-112.74187469482422,-0.0010035037994384766,0,0.0
0,-0.5,-113.24187469482422,0.0,1,0.0
0,-0.499495267868042,-113.74136996269226,0.0005047321319580078,0,0.0005047321319580078
0,-0.5,-114.24136996269226,-0.0005047321319580078,1,0.0
0,-0.49900221824645996,-114.74037218093872,0.000997781753540039,0,0.000997781753540039
0,-0.4994845390319824,-115.2398567199707,-0.00048232078552246094,1,0.0005154609680175781
0,-0.49848484992980957,-115.73834156990051,0.0009996891021728516,0,0.0015151500701904297
0,-0.5,-116.23834156990051,-0.0015151500701904297,0,0.0
0,-0.5,-116.73834156990051,0.0,0,0.0
0,-0.49898576736450195,-117.23732733726501,0.0010142326354980469,1,0.0010142326354980469
0,-0.4979410171508789,-117.7352683544159,0.0010447502136230469,0,0.0020589828491210938
0,-0.4995417594909668,-118.23481011390686,-0.0016007423400878906,1,0.0004582405090332031
0,-0.4991896152496338,-118.7339997291565,0.0003521442413330078,0,0.0008103847503662109
0,-0.49948668479919434,-119.23348641395569,-0.0002970695495605469,1,0.0005133152008056641
0,-0.49793410301208496,-119.73142051696777,0.001552581787109375,0,0.002065896987915039
0,-0.5,-120.23142051696777,-0.002065896987915039,1,0.0
0,-0.49941420555114746,-120.73083472251892,0.0005857944488525391,0,0.0005857944488525391
0,-0.49930858612060547,-121.23014330863953,0.00010561943054199219,0,0.0006914138793945312
0,-0.49981236457824707,-121.72995567321777,-0.0005037784576416016,0,0.0001876354217529297
0,-0.4990561008453369,-122.22901177406311,0.0007562637329101562,1,0.0009438991546630859
0,-0.49800586700439453,-122.7270176410675,0.0010502338409423828,0,0.0019941329956054688
0,-0.5,-123.2270176410675,-0.0019941329956054688,1,0.0
0,-0.5,-123.7270176410675,0.0,0,0.0
0,-0.5,-124.2270176410675,0.0,1,0.0
0,-0.5,-124.7270176410675,0.0,0,0.0
0,-0.5,-125.2270176410675,0.0,1,0.0
0,-0.49800586700439453,-125.7250235080719,0.0019941329956054688,0,0.0019941329956054688
0,-0.49948978424072266,-126.22451329231262,-0.001483917236328125,1,0.0005102157592773438
0,-0.4978458881378174,-126.72235918045044,0.0016438961029052734,0,0.002154111862182617
0,-0.49948596954345703,-127.2218451499939,-0.0016400814056396484,1,0.0005140304565429688
0,-0.4989790916442871,-127.72082424163818,0.0005068778991699219,0,0.0010209083557128906
0,-0.49898290634155273,-128.21980714797974,-3.814697265625e-06,1,0.0010170936584472656
0,-0.4980134963989258,-128.71782064437866,0.0009694099426269531,0,0.0019865036010742188
0,-0.5,-129.21782064437866,-0.0019865036010742188,1,0.0
0,-0.4994926452636719,-129.71731328964233,0.000507354736328125,0,0.000507354736328125
0,-0.5,-130.21731328964233,-0.000507354736328125,1,0.0
0,-0.5,-130.71731328964233,0.0,0,0.0
0,-0.49948692321777344,-131.2168002128601,0.0005130767822265625,1,0.0005130767822265625
0,-0.4974632263183594,-131.71426343917847,0.0020236968994140625,0,0.002536773681640625
0,-0.5,-132.21426343917847,-0.002536773681640625,1,0.0
0,-0.5,-132.71426343917847,0.0,0,0.0
0,-0.5,-133.21426343917847,0.0,1,0.0
0,-0.49843406677246094,-133.71269750595093,0.0015659332275390625,0,0.0015659332275390625
0,-0.4989798069000244,-134.21167731285095,-0.0005457401275634766,1,0.001020193099975586
0,-0.4970824718475342,-134.7087597846985,0.0018973350524902344,0,0.0029175281524658203
0,-0.4994847774505615,-135.20824456214905,-0.0024023056030273438,1,0.0005152225494384766
0,-0.4980177879333496,-135.7062623500824,0.001466989517211914,0,0.0019822120666503906
0,-0.5,-136.2062623500824,-0.0019822120666503906,0,0.0
0,-0.5,-136.7062623500824,0.0,0,0.0
0,-0.5,-137.2062623500824,0.0,1,0.0
0,-0.4993100166320801,-137.70557236671448,0.0006899833679199219,0,0.0006899833679199219
0,-0.5,-138.20557236671448,-0.0006899833679199219,1,0.0
0,-0.4980192184448242,-138.7035915851593,0.0019807815551757812,0,0.0019807815551757812
0,-0.5,-139.2035915851593,-0.0019807815551757812,1,0.0
0,-0.5,-139.7035915851593,0.0,0,0.0
0,-0.5,-140.2035915851593,0.0,1,0.0
0,-0.4971301555633545,-140.70072174072266,0.002869844436645508,0,0.002869844436645508
0,-0.4987363815307617,-141.19945812225342,-0.0016062259674072266,1,0.0012636184692382812
0,-0.49917054176330566,-141.69862866401672,-0.0004341602325439453,0,0.0008294582366943359
0,-0.5,-142.19862866401672,-0.0008294582366943359,1,0.0
0,-0.49839162826538086,-142.6970202922821,0.0016083717346191406,0,0.0016083717346191406
0,-0.4994826316833496,-143.19650292396545,-0.00109100341796875,1,0.0005173683166503906
0,-0.4979233741760254,-143.69442629814148,0.0015592575073242188,0,0.0020766258239746094
0,-0.5,-144.19442629814148,-0.0020766258239746094,1,0.0
0,-0.49799156188964844,-144.69241786003113,0.0020084381103515625,0,0.0020084381103515625
0,-0.49942970275878906,-145.19184756278992,-0.001438140869140625,1,0.0005702972412109375
0,-0.4953460693359375,-145.68719363212585,0.0040836334228515625,0,0.0046539306640625
0,-0.5,-146.18719363212585,-0.0046539306640625,1,0.0
0,-0.4989926815032959,-146.68618631362915,0.0010073184967041016,0,0.0010073184967041016
0,-0.49866223335266113,-147.1848485469818,0.0003304481506347656,1,0.0013377666473388672
0,-0.499436616897583,-147.6842851638794,-0.000774383544921875,0,0.0005633831024169922
0,-0.5,-148.1842851638794,-0.0005633831024169922,0,0.0
0,-0.5,-148.6842851638794,0.0,0,0.0
0,-0.5,-149.1842851638794,0.0,0,0.0
0,-0.497286319732666,-149.68157148361206,0.0027136802673339844,0,0.0027136802673339844
0,-0.5,-150.18157148361206,-0.0027136802673339844,1,0.0
0,-0.5,-150.68157148361206,0.0,0,0.0
0,-0.5,-151.18157148361206,0.0,1,0.0
0,-0.4996070861816406,-151.6811785697937,0.000392913818359375,0,0.000392913818359375
0,-0.4989657402038574,-152.18014430999756,0.0006413459777832031,1,0.0010342597961425781
0,-0.4969923496246338,-152.6771366596222,0.001973390579223633,0,0.003007650375366211
0,-0.4989309310913086,-153.1760675907135,-0.0019385814666748047,1,0.0010690689086914062
0,-0.4973304271697998,-153.6733980178833,0.001600503921508789,0,0.0026695728302001953
0,-0.5,-154.1733980178833,-0.0026695728302001953,0,0.0
0,-0.4980158805847168,-154.67141389846802,0.001984119415283203,0,0.001984119415283203
0,-0.5,-155.17141389846802,-0.001984119415283203,1,0.0
0,-0.497039794921875,-155.6684536933899,0.002960205078125,0,0.002960205078125
0,-0.5,-156.1684536933899,-0.002960205078125,0,0.0
0,-0.49306559562683105,-156.66151928901672,0.006934404373168945,0,0.006934404373168945
0,-0.49985837936401367,-157.16137766838074,-0.006792783737182617,1,0.00014162063598632812
0,-0.5,-157.66137766838074,-0.00014162063598632812,0,0.0
0,-0.5,-158.16137766838074,0.0,1,0.0
0,-0.4980034828186035,-158.65938115119934,0.0019965171813964844,0,0.0019965171813964844
0,-0.4994852542877197,-159.15886640548706,-0.001481771469116211,0,0.0005147457122802734
0,-0.49698424339294434,-159.65585064888,0.0025010108947753906,0,0.003015756607055664
0,-0.49983835220336914,-160.15568900108337,-0.0028541088104248047,1,0.00016164779663085938
0,-0.4988696575164795,-160.65455865859985,0.0009686946868896484,0,0.0011303424835205078
0,-0.49948620796203613,-161.1540448665619,-0.0006165504455566406,1,0.0005137920379638672
0,-0.4962286949157715,-161.65027356147766,0.0032575130462646484,0,0.0037713050842285156
0,-0.49936699867248535,-162.14964056015015,-0.003138303756713867,1,0.0006330013275146484
0,-0.4974088668823242,-162.64704942703247,0.001958131790161133,0,0.0025911331176757812
0,-0.5,-163.14704942703247,-0.0025911331176757812,1,0.0
0,-0.5,-163.64704942703247,0.0,0,0.0
0,-0.49889421463012695,-164.1459436416626,0.0011057853698730469,1,0.0011057853698730469
0,-0.49907398223876953,-164.64501762390137,-0.00017976760864257812,0,0.0009260177612304688
0,-0.4991767406463623,-165.14419436454773,-0.00010275840759277344,1,0.0008232593536376953
0,-0.4995386600494385,-165.64373302459717,-0.0003619194030761719,0,0.00046133995056152344
0,-0.4990100860595703,-166.14274311065674,0.0005285739898681641,1,0.0009899139404296875
0,-0.4987475872039795,-166.64149069786072,0.0002624988555908203,0,0.0012524127960205078
0,-0.49948978424072266,-167.14098048210144,-0.0007421970367431641,1,0.0005102157592773438
0,-0.49948978424072266,-167.64047026634216,0.0,0,0.0005102157592773438
0,-0.49871087074279785,-168.13918113708496,0.0007789134979248047,1,0.0012891292572021484
0,-0.4970400333404541,-168.63622117042542,0.00167083740234375,0,0.0029599666595458984
0,-0.5,-169.13622117042542,-0.0029599666595458984,0,0.0
0,-0.5,-169.63622117042542,0.0,0,0.0
0,-0.5,-170.13622117042542,0.0,1,0.0
0,-0.5,-170.63622117042542,0.0,0,0.0
0,-0.5,-171.13622117042542,0.0,1,0.0
0,-0.5,-171.63622117042542,0.0,0,0.0
0,-0.5,-172.13622117042542,0.0,1,0.0
0,-0.49726176261901855,-172.63348293304443,0.0027382373809814453,0,0.0027382373809814453
0,-0.4986603260040283,-173.13214325904846,-0.0013985633850097656,1,0.0013396739959716797
0,-0.4974329471588135,-173.62957620620728,0.0012273788452148438,0,0.0025670528411865234
0,-0.5,-174.12957620620728,-0.0025670528411865234,1,0.0
0,-0.4983525276184082,-174.62792873382568,0.0016474723815917969,0,0.0016474723815917969
0,-0.4995906352996826,-175.12751936912537,-0.001238107681274414,0,0.0004093647003173828
0,-0.4994981288909912,-175.62701749801636,9.250640869140625e-05,0,0.0005018711090087891
0,-0.4999110698699951,-176.12692856788635,-0.00041294097900390625,1,8.893013000488281e-05
0,-0.4981954097747803,-176.62512397766113,0.0017156600952148438,0,0.0018045902252197266
0,-0.49948930740356445,-177.1246132850647,-0.0012938976287841797,1,0.0005106925964355469
0,-0.4974327087402344,-177.62204599380493,0.002056598663330078,0,0.002567291259765625
0,-0.5,-178.12204599380493,-0.002567291259765625,1,0.0
0,-0.49794483184814453,-178.61999082565308,0.0020551681518554688,0,0.0020551681518554688
0,-0.4994814395904541,-179.11947226524353,-0.0015366077423095703,0,0.0005185604095458984
0,-0.4984748363494873,-179.61794710159302,0.0010066032409667969,0,0.0015251636505126953
0,-0.4989926815032959,-180.1169397830963,-0.0005178451538085938,1,0.0010073184967041016
0,-0.4979414939880371,-180.61488127708435,0.001051187515258789,0,0.0020585060119628906
0,-0.49962568283081055,-181.11450695991516,-0.0016841888427734375,0,0.0003743171691894531
0,-0.4998757839202881,-181.61438274383545,-0.00025010108947753906,0,0.00012421607971191406
0,-0.5,-182.11438274383545,-0.00012421607971191406,0,0.0
0,-0.4979870319366455,-182.6123697757721,0.002012968063354492,0,0.002012968063354492
0,-0.5,-183.1123697757721,-0.002012968063354492,0,0.0
0,-0.5,-183.6123697757721,0.0,0,0.0
0,-0.49860668182373047,-184.11097645759583,0.0013933181762695312,0,0.0013933181762695312
0,-0.4982931613922119,-184.60926961898804,0.0003135204315185547,0,0.001706838607788086
0,-0.5,-185.10926961898804,-0.001706838607788086,1,0.0
0,-0.5,-185.60926961898804,0.0,0,0.0
0,-0.4998362064361572,-186.1091058254242,0.00016379356384277344,1,0.00016379356384277344
0,-0.49974942207336426,-186.60885524749756,8.678436279296875e-05,0,0.0002505779266357422
0,-0.5,-187.10885524749756,-0.0002505779266357422,0,0.0
0,-0.5,-187.60885524749756,0.0,0,0.0
0,-0.4990055561065674,-188.10786080360413,0.0009944438934326172,0,0.0009944438934326172
0,-0.4990816116333008,-188.60694241523743,-7.605552673339844e-05,0,0.0009183883666992188
0,-0.5,-189.10694241523743,-0.0009183883666992188,1,0.0
0,-0.49811720848083496,-189.60505962371826,0.001882791519165039,0,0.001882791519165039
0,-0.5,-190.10505962371826,-0.001882791519165039,1,0.0
0,-0.4984147548675537,-190.60347437858582,0.001585245132446289,0,0.001585245132446289
0,-0.4990065097808838,-191.1024808883667,-0.0005917549133300781,1,0.000993490219116211
0,-0.4990065097808838,-191.60148739814758,0.0,0,0.000993490219116211
0,-0.4994065761566162,-192.1008939743042,-0.0004000663757324219,1,0.0005934238433837891
0,-0.4994065761566162,-192.60030055046082,0.0,0,0.0005934238433837891
0,-0.5,-193.10030055046082,-0.0005934238433837891,1,0.0
0,-0.49900007247924805,-193.59930062294006,0.0009999275207519531,0,0.0009999275207519531
0,-0.5,-194.09930062294006,-0.0009999275207519531,1,0.0
0,-0.49880099296569824,-194.59810161590576,0.0011990070343017578,0,0.0011990070343017578
0,-0.5,-195.09810161590576,-0.0011990070343017578,1,0.0
0,-0.4988729953765869,-195.59697461128235,0.001127004623413086,0,0.001127004623413086
0,-0.5,-196.09697461128235,-0.001127004623413086,0,0.0
0,-0.5,-196.59697461128235,0.0,0,0.0
0,-0.49953174591064453,-197.096506357193,0.00046825408935546875,1,0.00046825408935546875
0,-0.4994924068450928,-197.5959987640381,3.933906555175781e-05,0,0.0005075931549072266
0,-0.4990379810333252,-198.0950367450714,0.0004544258117675781,0,0.0009620189666748047
0,-0.49901652336120605,-198.59405326843262,2.1457672119140625e-05,0,0.0009834766387939453
0,-0.49948859214782715,-199.09354186058044,-0.00047206878662109375,1,0.0005114078521728516
0,-0.49884891510009766,-199.59239077568054,0.0006396770477294922,0,0.0011510848999023438
0,-0.4998893737792969,-200.09228014945984,-0.0010404586791992188,1,0.000110626220703125
0,-0.4990062713623047,-200.59128642082214,0.0008831024169921875,0,0.0009937286376953125
0,-0.49948740005493164,-201.09077382087708,-0.0004811286926269531,1,0.0005125999450683594
0,-0.4988396167755127,-201.5896134376526,0.0006477832794189453,0,0.0011603832244873047
0,-0.5,-202.0896134376526,-0.0011603832244873047,1,0.0
0,-0.49370694160461426,-202.5833203792572,0.006293058395385742,0,0.006293058395385742
0,-0.4992644786834717,-203.08258485794067,-0.005557537078857422,0,0.0007355213165283203
0,-0.5,-203.58258485794067,-0.0007355213165283203,0,0.0
0,-0.49965691566467285,-204.08224177360535,0.00034308433532714844,1,0.00034308433532714844
0,-0.49890565872192383,-204.58114743232727,0.0007512569427490234,0,0.0010943412780761719
0,-0.5,-205.08114743232727,-0.0010943412780761719,1,0.0
0,-0.4955317974090576,-205.57667922973633,0.004468202590942383,0,0.004468202590942383
0,-0.4989938735961914,-206.07567310333252,-0.003462076187133789,0,0.0010061264038085938
0,-0.49924445152282715,-206.57491755485535,-0.0002505779266357422,0,0.0007555484771728516
0,-0.5,-207.07491755485535,-0.0007555484771728516,1,0.0
0,-0.49900221824645996,-207.5739197731018,0.000997781753540039,0,0.000997781753540039
0,-0.5,-208.0739197731018,-0.000997781753540039,1,0.0
0,-0.4983823299407959,-208.5723021030426,0.0016176700592041016,0,0.0016176700592041016
0,-0.5,-209.0723021030426,-0.0016176700592041016,1,0.0
0,-0.5,-209.5723021030426,0.0,0,0.0
0,-0.5,-210.0723021030426,0.0,1,0.0
0,-0.5,-210.5723021030426,0.0,0,0.0
0,-0.5,-211.0723021030426,0.0,0,0.0
0,-0.4966278076171875,-211.5689299106598,0.0033721923828125,0,0.0033721923828125
0,-0.5,-212.0689299106598,-0.0033721923828125,0,0.0
0,-0.496645450592041,-212.56557536125183,0.0033545494079589844,0,0.0033545494079589844
0,-0.5,-213.06557536125183,-0.0033545494079589844,1,0.0
0,-0.49900245666503906,-213.56457781791687,0.0009975433349609375,0,0.0009975433349609375
0,-0.5,-214.06457781791687,-0.0009975433349609375,1,0.0
0,-0.4990062713623047,-214.56358408927917,0.0009937286376953125,0,0.0009937286376953125
0,-0.5,-215.06358408927917,-0.0009937286376953125,0,0.0
0,-0.4994785785675049,-215.56306266784668,0.0005214214324951172,0,0.0005214214324951172
0,-0.5,-216.06306266784668,-0.0005214214324951172,1,0.0
0,-0.49894261360168457,-216.56200528144836,0.0010573863983154297,0,0.0010573863983154297
0,-0.5,-217.06200528144836,-0.0010573863983154297,1,0.0
0,-0.49424242973327637,-217.55624771118164,0.005757570266723633,0,0.005757570266723633
0,-0.49977731704711914,-218.05602502822876,-0.0055348873138427734,1,0.00022268295288085938
0,-0.5,-218.55602502822876,-0.00022268295288085938,0,0.0
0,-0.5,-219.05602502822876,0.0,1,0.0
0,-0.49893951416015625,-219.55496454238892,0.00106048583984375,0,0.00106048583984375
0,-0.4994785785675049,-220.05444312095642,-0.0005390644073486328,1,0.0005214214324951172
0,-0.4992225170135498,-220.55366563796997,0.0002560615539550781,0,0.0007774829864501953
0,-0.5,-221.05366563796997,-0.0007774829864501953,1,0.0
0,-0.4994974136352539,-221.55316305160522,0.0005025863647460938,0,0.0005025863647460938
0,-0.5,-222.05316305160522,-0.0005025863647460938,0,0.0
0,-0.5,-222.55316305160522,0.0,0,0.0
0,-0.5,-223.05316305160522,0.0,1,0.0
0,-0.4988064765930176,-223.55196952819824,0.0011935234069824219,0,0.0011935234069824219
0,-0.5,-224.05196952819824,-0.0011935234069824219,1,0.0
0,-0.5,-224.55196952819824,0.0,0,0.0
0,-0.5,-225.05196952819824,0.0,0,0.0
0,-0.4987056255340576,-225.5506751537323,0.0012943744659423828,0,0.0012943744659423828
0,-0.49794840812683105,-226.04862356185913,0.0007572174072265625,1,0.0020515918731689453
0,-0.4980618953704834,-226.54668545722961,-0.00011348724365234375,0,0.0019381046295166016
0,-0.49929118156433105,-227.04597663879395,-0.0012292861938476562,1,0.0007088184356689453
0,-0.4988377094268799,-227.54481434822083,0.0004534721374511719,0,0.0011622905731201172
0,-0.4994668960571289,-228.04428124427795,-0.0006291866302490234,1,0.0005331039428710938
0,-0.4989585876464844,-228.54323983192444,0.0005083084106445312,0,0.001041412353515625
0,-0.49950551986694336,-229.04274535179138,-0.0005469322204589844,1,0.0004944801330566406
0,-0.4985055923461914,-229.54125094413757,0.0009999275207519531,0,0.0014944076538085938
0,-0.49948835372924805,-230.04073929786682,-0.0009827613830566406,1,0.0005116462707519531
0,-0.5,-230.54073929786682,-0.0005116462707519531,0,0.0
0,-0.5,-231.04073929786682,0.0,0,0.0
0,-0.49546170234680176,-231.53620100021362,0.004538297653198242,0,0.004538297653198242
0,-0.5,-232.03620100021362,-0.004538297653198242,0,0.0
0,-0.5,-232.53620100021362,0.0,0,0.0
0,-0.5,-233.03620100021362,0.0,0,0.0
0,-0.5,-233.53620100021362,0.0,0,0.0
0,-0.5,-234.03620100021362,0.0,1,0.0
0,-0.4990067481994629,-234.5352077484131,0.0009932518005371094,0,0.0009932518005371094
0,-0.5,-235.0352077484131,-0.0009932518005371094,1,0.0
0,-0.5,-235.5352077484131,0.0,0,0.0
0,-0.5,-236.0352077484131,0.0,0,0.0
0,-0.49900293350219727,-236.53421068191528,0.0009970664978027344,0,0.0009970664978027344
0,-0.5,-237.03421068191528,-0.0009970664978027344,0,0.0
0,-0.5,-237.53421068191528,0.0,0,0.0
0,-0.49900245666503906,-238.03321313858032,0.0009975433349609375,1,0.0009975433349609375
0,-0.49800658226013184,-238.53121972084045,0.0009958744049072266,0,0.001993417739868164
0,-0.5,-239.03121972084045,-0.001993417739868164,1,0.0
0,-0.5,-239.53121972084045,0.0,0,0.0
0,-0.5,-240.03121972084045,0.0,0,0.0
0,-0.49808573722839355,-240.52930545806885,0.0019142627716064453,0,0.0019142627716064453
0,-0.49894285202026367,-241.0282483100891,-0.0008571147918701172,0,0.0010571479797363281
0,-0.4979863166809082,-241.52623462677002,0.0009565353393554688,0,0.002013683319091797
0,-0.5,-242.02623462677002,-0.002013683319091797,1,0.0
0,-0.5,-242.52623462677002,0.0,0,0.0
0,-0.5,-243.02623462677002,0.0,1,0.0
0,-0.49799203872680664,-243.52422666549683,0.0020079612731933594,0,0.0020079612731933594
0,-0.5,-244.02422666549683,-0.0020079612731933594,1,0.0
0,-0.5,-244.52422666549683,0.0,0,0.0
0,-0.5,-245.02422666549683,0.0,0,0.0
0,-0.49770617485046387,-245.5219328403473,0.002293825149536133,0,0.002293825149536133
0,-0.5,-246.0219328403473,-0.002293825149536133,0,0.0
0,-0.4989902973175049,-246.5209231376648,0.0010097026824951172,0,0.0010097026824951172
0,-0.5,-247.0209231376648,-0.0010097026824951172,1,0.0
0,-0.5,-247.5209231376648,0.0,0,0.0
0,-0.5,-248.0209231376648,0.0,0,0.0
0,-0.5,-248.5209231376648,0.0,0,0.0
0,-0.5,-249.0209231376648,0.0,1,0.0
0,-0.5,-249.5209231376648,0.0,0,0.0
0,-0.49900221824645996,-250.01992535591125,0.000997781753540039,1,0.000997781753540039
0,-0.4964170455932617,-250.51634240150452,0.002585172653198242,0,0.0035829544067382812
0,-0.5,-251.01634240150452,-0.0035829544067382812,1,0.0
0,-0.5,-251.51634240150452,0.0,0,0.0
0,-0.5,-252.01634240150452,0.0,1,0.0
0,-0.4979085922241211,-252.51425099372864,0.0020914077758789062,0,0.0020914077758789062
0,-0.4989316463470459,-253.01318264007568,-0.0010230541229248047,1,0.0010683536529541016
0,-0.4970989227294922,-253.51028156280518,0.001832723617553711,0,0.0029010772705078125
0,-0.5,-254.01028156280518,-0.0029010772705078125,1,0.0
0,-0.5,-254.51028156280518,0.0,0,0.0
0,-0.5,-255.01028156280518,0.0,0,0.0
0,-0.4990041255950928,-255.50928568840027,0.0009958744049072266,0,0.0009958744049072266
0,-0.5,-256.00928568840027,-0.0009958744049072266,0,0.0
0,-0.49985742568969727,-256.50914311408997,0.00014257431030273438,0,0.00014257431030273438
0,-0.5,-257.00914311408997,-0.00014257431030273438,1,0.0
0,-0.5,-257.50914311408997,0.0,0,0.0
0,-0.4989962577819824,-258.00813937187195,0.0010037422180175781,1,0.0010037422180175781
0,-0.4984774589538574,-258.5066168308258,0.000518798828125,0,0.0015225410461425781
0,-0.49899888038635254,-259.00561571121216,-0.0005214214324951172,0,0.001001119613647461
0,-0.5,-259.50561571121216,-0.001001119613647461,0,0.0
0,-0.5,-260.00561571121216,0.0,1,0.0
0,-0.4989800453186035,-260.50459575653076,0.0010199546813964844,0,0.0010199546813964844
0,-0.5,-261.00459575653076,-0.0010199546813964844,1,0.0
0,-0.49900174140930176,-261.50359749794006,0.0009982585906982422,0,0.0009982585906982422
0,-0.5,-262.00359749794006,-0.0009982585906982422,0,0.0
0,-0.4994828701019287,-262.503080368042,0.0005171298980712891,0,0.0005171298980712891
0,-0.4989480972290039,-263.002028465271,0.0005347728729248047,1,0.0010519027709960938
0,-0.4969139099121094,-263.4989423751831,0.0020341873168945312,0,0.003086090087890625
0,-0.4989891052246094,-263.9979314804077,-0.0020751953125,1,0.001010894775390625
0,-0.4971597194671631,-264.4950911998749,0.001829385757446289,0,0.002840280532836914
0,-0.5,-264.9950911998749,-0.002840280532836914,1,0.0
0,-0.49591827392578125,-265.49100947380066,0.00408172607421875,0,0.00408172607421875
0,-0.4994974136352539,-265.9905068874359,-0.0035791397094726562,0,0.0005025863647460938
0,-0.5,-266.4905068874359,-0.0005025863647460938,0,0.0
0,-0.4990057945251465,-266.98951268196106,0.0009942054748535156,1,0.0009942054748535156
0,-0.4975471496582031,-267.48705983161926,0.0014586448669433594,0,0.002452850341796875
0,-0.5,-267.98705983161926,-0.002452850341796875,1,0.0
0,-0.49900245666503906,-268.4860622882843,0.0009975433349609375,0,0.0009975433349609375
0,-0.5,-268.9860622882843,-0.0009975433349609375,0,0.0
0,-0.49903225898742676,-269.48509454727173,0.0009677410125732422,0,0.0009677410125732422
0,-0.5,-269.98509454727173,-0.0009677410125732422,0,0.0
0,-0.5,-270.48509454727173,0.0,0,0.0
0,-0.5,-270.98509454727173,0.0,1,0.0
0,-0.5,-271.48509454727173,0.0,0,0.0
0,-0.4989149570465088,-271.98400950431824,0.001085042953491211,0,0.001085042953491211
0,-0.49797749519348145,-272.4819869995117,0.0009374618530273438,0,0.0020225048065185547
0,-0.5,-272.9819869995117,-0.0020225048065185547,0,0.0
0,-0.5,-273.4819869995117,0.0,0,0.0
0,-0.49918055534362793,-273.98116755485535,0.0008194446563720703,0,0.0008194446563720703
0,-0.5,-274.48116755485535,-0.0008194446563720703,0,0.0
0,-0.4990522861480713,-274.9802198410034,0.0009477138519287109,1,0.0009477138519287109
0,-0.49900364875793457,-275.47922348976135,4.863739013671875e-05,0,0.0009963512420654297
0,-0.5,-275.97922348976135,-0.0009963512420654297,1,0.0
0,-0.5,-276.47922348976135,0.0,0,0.0
0,-0.5,-276.97922348976135,0.0,0,0.0
0,-0.5,-277.47922348976135,0.0,0,0.0
0,-0.5,-277.97922348976135,0.0,0,0.0
0,-0.5,-278.47922348976135,0.0,0,0.0
0,-0.5,-278.97922348976135,0.0,0,0.0
0,-0.5,-279.47922348976135,0.0,0,0.0
0,-0.49842309951782227,-279.9776465892792,0.0015769004821777344,1,0.0015769004821777344
0,-0.4963650703430176,-280.4740116596222,0.0020580291748046875,0,0.003634929656982422
0,-0.49900102615356445,-280.97301268577576,-0.002635955810546875,1,0.0009989738464355469
0,-0.49800801277160645,-281.47102069854736,0.0009930133819580078,0,0.0019919872283935547
0,-0.49950385093688965,-281.97052454948425,-0.0014958381652832031,1,0.0004961490631103516
0,-0.49895477294921875,-282.4694793224335,0.0005490779876708984,0,0.00104522705078125
0,-0.5,-282.9694793224335,-0.00104522705078125,1,0.0
0,-0.5,-283.4694793224335,0.0,0,0.0
0,-0.5,-283.9694793224335,0.0,0,0.0
0,-0.5,-284.4694793224335,0.0,0,0.0
0,-0.5,-284.9694793224335,0.0,1,0.0
0,-0.5,-285.4694793224335,0.0,0,0.0
0,-0.5,-285.9694793224335,0.0,1,0.0
0,-0.4989957809448242,-286.4684751033783,0.0010042190551757812,0,0.0010042190551757812
0,-0.49900174140930176,-286.9674768447876,-5.9604644775390625e-06,0,0.0009982585906982422
0,-0.49800801277160645,-287.4654848575592,0.0009937286376953125,0,0.0019919872283935547
0,-0.49899840354919434,-287.9644832611084,-0.0009903907775878906,1,0.001001596450805664
0,-0.49799537658691406,-288.4624786376953,0.0010030269622802734,0,0.0020046234130859375
0,-0.4993913173675537,-288.96186995506287,-0.0013959407806396484,1,0.0006086826324462891
0,-0.4970407485961914,-289.45891070365906,0.0023505687713623047,0,0.0029592514038085938
0,-0.499927282333374,-289.95883798599243,-0.002886533737182617,1,7.271766662597656e-05
0,-0.4995121955871582,-290.4583501815796,0.0004150867462158203,0,0.0004878044128417969
0,-0.5,-290.9583501815796,-0.0004878044128417969,1,0.0
0,-0.498445987701416,-291.456796169281,0.0015540122985839844,0,0.0015540122985839844
0,-0.5,-291.956796169281,-0.0015540122985839844,1,0.0
0,-0.4979536533355713,-292.4547498226166,0.002046346664428711,0,0.002046346664428711
0,-0.5,-292.9547498226166,-0.002046346664428711,1,0.0
0,-0.5,-293.4547498226166,0.0,0,0.0
0,-0.5,-293.9547498226166,0.0,0,0.0
0,-0.5,-294.4547498226166,0.0,0,0.0
0,-0.4994974136352539,-294.95424723625183,0.0005025863647460938,0,0.0005025863647460938
0,-0.5,-295.45424723625183,-0.0005025863647460938,0,0.0
0,-0.5,-295.95424723625183,0.0,1,0.0
0,-0.5,-296.45424723625183,0.0,0,0.0
0,-0.4989175796508789,-296.9531648159027,0.0010824203491210938,0,0.0010824203491210938
0,-0.49791383743286133,-297.45107865333557,0.0010037422180175781,0,0.002086162567138672
0,-0.5,-297.95107865333557,-0.002086162567138672,1,0.0
0,-0.4979219436645508,-298.4490005970001,0.0020780563354492188,0,0.0020780563354492188
0,-0.5,-298.9490005970001,-0.0020780563354492188,1,0.0
0,-0.5,-299.4490005970001,0.0,0,0.0
0,-0.5,-299.9490005970001,0.0,1,0.0
0,-0.49819159507751465,-300.44719219207764,0.0018084049224853516,0,0.0018084049224853516
0,-0.5,-300.94719219207764,-0.0018084049224853516,1,0.0
0,-0.49846696853637695,-301.445659160614,0.0015330314636230469,0,0.0015330314636230469
0,-0.4989311695098877,-301.9445903301239,-0.0004642009735107422,1,0.0010688304901123047
0,-0.4990572929382324,-302.44364762306213,-0.00012612342834472656,0,0.0009427070617675781
0,-0.5,-302.94364762306213,-0.0009427070617675781,1,0.0
0,-0.5,-303.44364762306213,0.0,0,0.0
0,-0.5,-303.94364762306213,0.0,1,0.0
0,-0.5,-304.44364762306213,0.0,0,0.0
0,-0.5,-304.94364762306213,0.0,1,0.0
0,-0.49622321128845215,-305.4398708343506,0.0037767887115478516,0,0.0037767887115478516
0,-0.4989762306213379,-305.9388470649719,-0.002753019332885742,1,0.0010237693786621094
0,-0.49553728103637695,-306.4343843460083,0.0034389495849609375,0,0.004462718963623047
0,-0.5,-306.9343843460083,-0.004462718963623047,1,0.0
0,-0.4979255199432373,-307.43230986595154,0.0020744800567626953,0,0.0020744800567626953
0,-0.5,-307.93230986595154,-0.0020744800567626953,1,0.0
0,-0.4984724521636963,-308.43078231811523,0.001527547836303711,0,0.001527547836303711
0,-0.5,-308.93078231811523,-0.001527547836303711,1,0.0
0,-0.5,-309.43078231811523,0.0,0,0.0
0,-0.5,-309.93078231811523,0.0,0,0.0
0,-0.4979848861694336,-310.42876720428467,0.0020151138305664062,0,0.0020151138305664062
0,-0.5,-310.92876720428467,-0.0020151138305664062,0,0.0
0,-0.5,-311.42876720428467,0.0,0,0.0
0,-0.5,-311.92876720428467,0.0,1,0.0
0,-0.48978519439697266,-312.41855239868164,0.010214805603027344,0,0.010214805603027344
0,-0.5,-312.91855239868164,-0.010214805603027344,1,0.0
0,-0.5,-313.41855239868164,0.0,0,0.0
0,-0.5,-313.91855239868164,0.0,1,0.0
0,-0.5,-314.41855239868164,0.0,0,0.0
0,-0.5,-314.91855239868164,0.0,1,0.0
0,-0.49894165992736816,-315.417494058609,0.001058340072631836,0,0.001058340072631836
0,-0.5,-315.917494058609,-0.001058340072631836,1,0.0
0,-0.4942588806152344,-316.41175293922424,0.005741119384765625,0,0.005741119384765625
0,-0.49900269508361816,-316.91075563430786,-0.004743814468383789,1,0.000997304916381836
0,-0.49800539016723633,-317.4087610244751,0.000997304916381836,0,0.001994609832763672
0,-0.5,-317.9087610244751,-0.001994609832763672,0,0.0
0,-0.49899935722351074,-318.4077603816986,0.0010006427764892578,0,0.0010006427764892578
0,-0.5,-318.9077603816986,-0.0010006427764892578,1,0.0
0,-0.498110294342041,-319.40587067604065,0.0018897056579589844,0,0.0018897056579589844
0,-0.5,-319.90587067604065,-0.0018897056579589844,0,0.0
0,-0.4980037212371826,-320.40387439727783,0.001996278762817383,0,0.001996278762817383
0,-0.5,-320.90387439727783,-0.001996278762817383,1,0.0
0,-0.49900269508361816,-321.40287709236145,0.000997304916381836,0,0.000997304916381836
0,-0.5,-321.90287709236145,-0.000997304916381836,0,0.0
0,-0.49800658226013184,-322.4008836746216,0.001993417739868164,0,0.001993417739868164
0,-0.5,-322.9008836746216,-0.001993417739868164,1,0.0
0,-0.4990060329437256,-323.3998897075653,0.000993967056274414,0,0.000993967056274414
0,-0.5,-323.8998897075653,-0.000993967056274414,1,0.0
0,-0.4994940757751465,-324.39938378334045,0.0005059242248535156,0,0.0005059242248535156
0,-0.5,-324.89938378334045,-0.0005059242248535156,1,0.0
0,-0.49907755851745605,-325.3984613418579,0.0009224414825439453,0,0.0009224414825439453
0,-0.4989774227142334,-325.89743876457214,0.00010013580322265625,1,0.0010225772857666016
0,-0.49599504470825195,-326.3934338092804,0.0029823780059814453,0,0.004004955291748047
0,-0.5,-326.8934338092804,-0.004004955291748047,1,0.0
0,-0.5,-327.3934338092804,0.0,0,0.0
0,-0.5,-327.8934338092804,0.0,1,0.0
0,-0.49900293350219727,-328.3924367427826,0.0009970664978027344,0,0.0009970664978027344
0,-0.4990212917327881,-328.8914580345154,-1.8358230590820312e-05,1,0.000978708267211914
0,-0.4980757236480713,-329.38953375816345,0.0009455680847167969,0,0.001924276351928711
0,-0.5,-329.88953375816345,-0.001924276351928711,1,0.0
0,-0.49797940254211426,-330.38751316070557,0.002020597457885742,0,0.002020597457885742
0,-0.5,-330.88751316070557,-0.002020597457885742,1,0.0
0,-0.4989163875579834,-331.38642954826355,0.0010836124420166016,0,0.0010836124420166016
0,-0.5,-331.88642954826355,-0.0010836124420166016,1,0.0
0,-0.5,-332.38642954826355,0.0,0,0.0
0,-0.49935173988342285,-332.885781288147,0.0006482601165771484,1,0.0006482601165771484
0,-0.4993569850921631,-333.38513827323914,-5.245208740234375e-06,0,0.0006430149078369141
0,-0.5,-333.88513827323914,-0.0006430149078369141,1,0.0
0,-0.5,-334.38513827323914,0.0,0,0.0
0,-0.5,-334.88513827323914,0.0,1,0.0
0,-0.5,-335.38513827323914,0.0,0,0.0
0,-0.5,-335.88513827323914,0.0,2,0.0
0,-0.49535083770751953,-336.38048911094666,0.004649162292480469,1,0.004649162292480469
0,-0.49432897567749023,-336.87481808662415,0.0010218620300292969,0,0.005671024322509766
0,-0.4989933967590332,-337.3738114833832,-0.004664421081542969,0,0.0010066032409667969
0,-0.5,-337.8738114833832,-0.0010066032409667969,1,0.0
0,-0.49800562858581543,-338.371817111969,0.0019943714141845703,0,0.0019943714141845703
0,-0.4994819164276123,-338.8712990283966,-0.001476287841796875,1,0.0005180835723876953
0,-0.49648308753967285,-339.3677821159363,0.002998828887939453,0,0.0035169124603271484
0,-0.5,-339.8677821159363,-0.0035169124603271484,1,0.0
0,-0.49800562858581543,-340.3657877445221,0.0019943714141845703,0,0.0019943714141845703
0,-0.4994926452636719,-340.86528038978577,-0.0014870166778564453,0,0.000507354736328125
0,-0.5,-341.36528038978577,-0.000507354736328125,0,0.0
0,-0.49899959564208984,-341.86427998542786,0.0010004043579101562,1,0.0010004043579101562
0,-0.5,-342.36427998542786,-0.0010004043579101562,0,0.0
0,-0.49900293350219727,-342.86328291893005,0.0009970664978027344,0,0.0009970664978027344
0,-0.4997406005859375,-343.363023519516,-0.0007376670837402344,0,0.0002593994140625
0,-0.5,-343.863023519516,-0.0002593994140625,1,0.0
0,-0.5,-344.363023519516,0.0,0,0.0
0,-0.5,-344.863023519516,0.0,0,0.0
0,-0.49900150299072266,-345.3620250225067,0.0009984970092773438,0,0.0009984970092773438
0,-0.5,-345.8620250225067,-0.0009984970092773438,0,0.0
0,-0.5,-346.3620250225067,0.0,0,0.0
0,-0.5,-346.8620250225067,0.0,1,0.0
0,-0.5,-347.3620250225067,0.0,0,0.0
0,-0.5,-347.8620250225067,0.0,1,0.0
0,-0.5,-348.3620250225067,0.0,0,0.0
0,-0.5,-348.8620250225067,0.0,1,0.0
0,-0.498002290725708,-349.3600273132324,0.001997709274291992,0,0.001997709274291992
0,-0.5,-349.8600273132324,-0.001997709274291992,0,0.0
0,-0.5,-350.3600273132324,0.0,0,0.0
0,-0.5,-350.8600273132324,0.0,0,0.0
0,-0.5,-351.3600273132324,0.0,0,0.0
0,-0.5,-351.8600273132324,0.0,0,0.0
0,-0.49899721145629883,-352.3590245246887,0.0010027885437011719,0,0.0010027885437011719
0,-0.5,-352.8590245246887,-0.0010027885437011719,1,0.0
0,-0.5,-353.3590245246887,0.0,0,0.0
0,-0.5,-353.8590245246887,0.0,1,0.0
0,-0.5,-354.3590245246887,0.0,0,0.0
0,-0.49893903732299805,-354.8579635620117,0.0010609626770019531,1,0.0010609626770019531
0,-0.4979379177093506,-355.35590147972107,0.001001119613647461,0,0.002062082290649414
0,-0.4993000030517578,-355.8552014827728,-0.0013620853424072266,0,0.0006999969482421875
0,-0.4989960193634033,-356.35419750213623,0.0003039836883544922,0,0.0010039806365966797
0,-0.5,-356.85419750213623,-0.0010039806365966797,1,0.0
0,-0.5,-357.35419750213623,0.0,0,0.0
0,-0.5,-357.85419750213623,0.0,1,0.0
0,-0.498305082321167,-358.3525025844574,0.0016949176788330078,0,0.0016949176788330078
0,-0.5,-358.8525025844574,-0.0016949176788330078,0,0.0
0,-0.4990062713623047,-359.3515088558197,0.0009937286376953125,0,0.0009937286376953125
0,-0.49979233741760254,-359.8513011932373,-0.0007860660552978516,1,0.00020766258239746094
0,-0.4994065761566162,-360.3507077693939,0.0003857612609863281,0,0.0005934238433837891
0,-0.4989917278289795,-360.8496994972229,0.00041484832763671875,1,0.0010082721710205078
0,-0.4982175827026367,-361.34791707992554,0.0007741451263427734,0,0.0017824172973632812
0,-0.5,-361.84791707992554,-0.0017824172973632812,0,0.0
0,-0.5,-362.34791707992554,0.0,0,0.0
0,-0.5,-362.84791707992554,0.0,1,0.0
0,-0.5,-363.34791707992554,0.0,0,0.0
0,-0.4989931583404541,-363.846910238266,0.0010068416595458984,0,0.0010068416595458984
0,-0.5,-364.346910238266,-0.0010068416595458984,0,0.0
0,-0.5,-364.846910238266,0.0,1,0.0
0,-0.5,-365.346910238266,0.0,0,0.0
0,-0.5,-365.846910238266,0.0,1,0.0
0,-0.4980039596557617,-366.34491419792175,0.0019960403442382812,0,0.0019960403442382812
0,-0.5,-366.84491419792175,-0.0019960403442382812,1,0.0
0,-0.49900126457214355,-367.3439154624939,0.0009987354278564453,0,0.0009987354278564453
0,-0.4989917278289795,-367.8429071903229,9.5367431640625e-06,1,0.0010082721710205078
0,-0.49701404571533203,-368.3399212360382,0.001977682113647461,0,0.0029859542846679688
0,-0.5,-368.8399212360382,-0.0029859542846679688,0,0.0
0,-0.5,-369.3399212360382,0.0,0,0.0
0,-0.4990062713623047,-369.8389275074005,0.0009937286376953125,0,0.0009937286376953125
0,-0.49800896644592285,-370.33693647384644,0.000997304916381836,0,0.0019910335540771484
0,-0.49898695945739746,-370.83592343330383,-0.0009779930114746094,1,0.001013040542602539
0,-0.4974336624145508,-371.3333570957184,0.0015532970428466797,0,0.0025663375854492188
0,-0.4996044635772705,-371.83296155929565,-0.0021708011627197266,1,0.0003955364227294922
0,-0.4983830451965332,-372.3313446044922,0.0012214183807373047,0,0.0016169548034667969
0,-0.5,-372.8313446044922,-0.0016169548034667969,1,0.0
0,-0.5,-373.3313446044922,0.0,0,0.0
0,-0.4990246295928955,-373.8303692340851,0.0009753704071044922,0,0.0009753704071044922
0,-0.4990668296813965,-374.3294360637665,-4.220008850097656e-05,0,0.0009331703186035156
0,-0.5,-374.8294360637665,-0.0009331703186035156,1,0.0
0,-0.5,-375.3294360637665,0.0,0,0.0
0,-0.5,-375.8294360637665,0.0,1,0.0
0,-0.5,-376.3294360637665,0.0,0,0.0
0,-0.5,-376.8294360637665,0.0,0,0.0
0,-0.49306631088256836,-377.32250237464905,0.006933689117431641,0,0.006933689117431641
0,-0.5,-377.82250237464905,-0.006933689117431641,1,0.0
0,-0.5,-378.32250237464905,0.0,0,0.0
0,-0.5,-378.82250237464905,0.0,1,0.0
0,-0.5,-379.32250237464905,0.0,0,0.0
0,-0.5,-379.82250237464905,0.0,1,0.0
0,-0.5,-380.32250237464905,0.0,0,0.0
0,-0.5,-380.82250237464905,0.0,1,0.0
0,-0.49883246421813965,-381.3213348388672,0.0011675357818603516,0,0.0011675357818603516
0,-0.5,-381.8213348388672,-0.0011675357818603516,1,0.0
0,-0.5,-382.3213348388672,0.0,0,0.0
0,-0.5,-382.8213348388672,0.0,1,0.0
0,-0.49739909172058105,-383.31873393058777,0.0026009082794189453,0,0.0026009082794189453
0,-0.49874424934387207,-383.81747817993164,-0.0013451576232910156,1,0.0012557506561279297
0,-0.5,-384.31747817993164,-0.0012557506561279297,0,0.0
0,-0.49900102615356445,-384.8164792060852,0.0009989738464355469,0,0.0009989738464355469
0,-0.4986855983734131,-385.3151648044586,0.0003154277801513672,0,0.001314401626586914
0,-0.49892687797546387,-385.8140916824341,-0.00024127960205078125,1,0.0010731220245361328
0,-0.49590110778808594,-386.30999279022217,0.0030257701873779297,0,0.0040988922119140625
0,-0.5,-386.80999279022217,-0.0040988922119140625,1,0.0
0,-0.5,-387.30999279022217,0.0,0,0.0
0,-0.5,-387.80999279022217,0.0,0,0.0
0,-0.4989335536956787,-388.30892634391785,0.001066446304321289,0,0.001066446304321289
0,-0.5,-388.80892634391785,-0.001066446304321289,0,0.0
0,-0.5,-389.30892634391785,0.0,0,0.0
0,-0.498981237411499,-389.80790758132935,0.0010187625885009766,1,0.0010187625885009766
0,-0.498018741607666,-390.305926322937,0.0009624958038330078,0,0.0019812583923339844
0,-0.4981961250305176,-390.80412244796753,-0.0001773834228515625,0,0.0018038749694824219
0,-0.4973292350769043,-391.30145168304443,0.0008668899536132812,0,0.002670764923095703
0,-0.4994843006134033,-391.80093598365784,-0.0021550655364990234,1,0.0005156993865966797
0,-0.49799633026123047,-392.29893231391907,0.0014879703521728516,0,0.0020036697387695312
0,-0.5,-392.79893231391907,-0.0020036697387695312,1,0.0
0,-0.5,-393.29893231391907,0.0,0,0.0
0,-0.4996664524078369,-393.7985987663269,0.00033354759216308594,1,0.00033354759216308594
0,-0.4994938373565674,-394.2980926036835,0.00017261505126953125,0,0.0005061626434326172
0,-0.5,-394.7980926036835,-0.0005061626434326172,1,0.0
0,-0.5,-395.2980926036835,0.0,0,0.0
0,-0.5,-395.7980926036835,0.0,0,0.0
0,-0.5,-396.2980926036835,0.0,0,0.0
0,-0.49892473220825195,-396.7970173358917,0.0010752677917480469,1,0.0010752677917480469
0,-0.4969797134399414,-397.29399704933167,0.0019450187683105469,0,0.0030202865600585938
0,-0.49886441230773926,-397.7928614616394,-0.0018846988677978516,0,0.0011355876922607422
0,-0.49791955947875977,-398.29078102111816,0.0009448528289794922,0,0.0020804405212402344
0,-0.5,-398.79078102111816,-0.0020804405212402344,1,0.0
0,-0.5,-399.29078102111816,0.0,0,0.0
0,-0.49978184700012207,-399.7905628681183,0.0002181529998779297,1,0.0002181529998779297
0,-0.49850964546203613,-400.2890725135803,0.0012722015380859375,0,0.0014903545379638672
0,-0.5,-400.7890725135803,-0.0014903545379638672,1,0.0
0,-0.5,-401.2890725135803,0.0,0,0.0
0,-0.49926257133483887,-401.78833508491516,0.0007374286651611328,1,0.0007374286651611328
0,-0.49926257133483887,-402.28759765625,0.0,0,0.0007374286651611328
0,-0.5,-402.78759765625,-0.0007374286651611328,1,0.0
0,-0.5,-403.28759765625,0.0,0,0.0
0,-0.4989936351776123,-403.7865912914276,0.0010063648223876953,0,0.0010063648223876953
0,-0.4975450038909912,-404.2841362953186,0.0014486312866210938,0,0.002454996109008789
0,-0.49898695945739746,-404.783123254776,-0.00144195556640625,0,0.001013040542602539
0,-0.49799251556396484,-405.28111577033997,0.0009944438934326172,0,0.0020074844360351562
0,-0.49896836280822754,-405.7800841331482,-0.0009758472442626953,1,0.001031637191772461
0,-0.4980919361114502,-406.27817606925964,0.0008764266967773438,0,0.0019080638885498047
0,-0.49969911575317383,-406.7778751850128,-0.0016071796417236328,1,0.0003008842468261719
0,-0.49907922744750977,-407.2769544124603,0.0006198883056640625,0,0.0009207725524902344
0,-0.5,-407.7769544124603,-0.0009207725524902344,1,0.0
0,-0.4989945888519287,-408.27594900131226,0.001005411148071289,0,0.001005411148071289
0,-0.49892687797546387,-408.7748758792877,6.771087646484375e-05,1,0.0010731220245361328
0,-0.4979209899902344,-409.27279686927795,0.0010058879852294922,0,0.002079010009765625
0,-0.5,-409.77279686927795,-0.002079010009765625,0,0.0
0,-0.5,-410.27279686927795,0.0,0,0.0
0,-0.5,-410.77279686927795,0.0,0,0.0
0,-0.5,-411.27279686927795,0.0,0,0.0
0,-0.49944043159484863,-411.7722373008728,0.0005595684051513672,1,0.0005595684051513672
0,-0.49944043159484863,-412.27167773246765,0.0,0,0.0005595684051513672
0,-0.5,-412.77167773246765,-0.0005595684051513672,1,0.0
0,-0.5,-413.27167773246765,0.0,0,0.0
0,-0.49964332580566406,-413.7713210582733,0.0003566741943359375,1,0.0003566741943359375
0,-0.4993579387664795,-414.2706789970398,0.0002853870391845703,0,0.0006420612335205078
0,-0.5,-414.7706789970398,-0.0006420612335205078,1,0.0
0,-0.49799537658691406,-415.2686743736267,0.0020046234130859375,0,0.0020046234130859375
0,-0.5,-415.7686743736267,-0.0020046234130859375,1,0.0
0,-0.4979214668273926,-416.2665958404541,0.002078533172607422,0,0.002078533172607422
0,-0.5,-416.7665958404541,-0.002078533172607422,1,0.0
0,-0.5,-417.2665958404541,0.0,0,0.0
0,-0.5,-417.7665958404541,0.0,0,0.0
0,-0.4983377456665039,-418.2649335861206,0.0016622543334960938,0,0.0016622543334960938
0,-0.5,-418.7649335861206,-0.0016622543334960938,1,0.0
0,-0.5,-419.2649335861206,0.0,0,0.0
0,-0.49897098541259766,-419.7639045715332,0.0010290145874023438,1,0.0010290145874023438
0,-0.4967644214630127,-420.2606689929962,0.002206563949584961,0,0.0032355785369873047
0,-0.4989891052246094,-420.7596580982208,-0.0022246837615966797,1,0.001010894775390625
0,-0.4979991912841797,-421.257657289505,0.0009899139404296875,0,0.0020008087158203125
0,-0.4990100860595703,-421.7566673755646,-0.001010894775390625,0,0.0009899139404296875
0,-0.5,-422.2566673755646,-0.0009899139404296875,0,0.0
0,-0.5,-422.7566673755646,0.0,1,0.0
0,-0.5,-423.2566673755646,0.0,0,0.0
0,-0.5,-423.7566673755646,0.0,1,0.0
0,-0.5,-424.2566673755646,0.0,0,0.0
0,-0.5,-424.7566673755646,0.0,1,0.0
0,-0.49799227714538574,-425.25465965270996,0.002007722854614258,0,0.002007722854614258
0,-0.5,-425.75465965270996,-0.002007722854614258,1,0.0
0,-0.49753761291503906,-426.252197265625,0.0024623870849609375,0,0.0024623870849609375
0,-0.4989745616912842,-426.7511718273163,-0.0014369487762451172,1,0.0010254383087158203
0,-0.4979574680328369,-427.2491292953491,0.0010170936584472656,0,0.002042531967163086
0,-0.49924182891845703,-427.7483711242676,-0.0012843608856201172,1,0.0007581710815429688
0,-0.49973416328430176,-428.2481052875519,-0.0004923343658447266,0,0.0002658367156982422
0,-0.5,-428.7481052875519,-0.0002658367156982422,1,0.0
0,-0.5,-429.2481052875519,0.0,0,0.0
0,-0.5,-429.7481052875519,0.0,0,0.0
0,-0.49920654296875,-430.24731183052063,0.00079345703125,0,0.00079345703125
0,-0.5,-430.74731183052063,-0.00079345703125,1,0.0
0,-0.5,-431.24731183052063,0.0,0,0.0
0,-0.4988827705383301,-431.74619460105896,0.0011172294616699219,1,0.0011172294616699219
0,-0.49837255477905273,-432.244567155838,0.0005102157592773438,0,0.0016274452209472656
0,-0.5,-432.744567155838,-0.0016274452209472656,0,0.0
0,-0.4975154399871826,-433.2420825958252,0.002484560012817383,0,0.002484560012817383
0,-0.49918484687805176,-433.74126744270325,-0.0016694068908691406,1,0.0008151531219482422
0,-0.4979979991912842,-434.23926544189453,0.0011868476867675781,0,0.0020020008087158203
0,-0.4991903305053711,-434.7384557723999,-0.001192331314086914,0,0.0008096694946289062
0,-0.5,-435.2384557723999,-0.0008096694946289062,0,0.0
0,-0.5,-435.7384557723999,0.0,1,0.0
0,-0.5,-436.2384557723999,0.0,0,0.0
0,-0.5,-436.7384557723999,0.0,1,0.0
0,-0.49900126457214355,-437.23745703697205,0.0009987354278564453,0,0.0009987354278564453
0,-0.5,-437.73745703697205,-0.0009987354278564453,0,0.0
0,-0.5,-438.23745703697205,0.0,0,0.0
0,-0.5,-438.73745703697205,0.0,1,0.0
0,-0.5,-439.23745703697205,0.0,0,0.0
0,-0.5,-439.73745703697205,0.0,1,0.0
0,-0.5,-440.23745703697205,0.0,0,0.0
0,-0.5,-440.73745703697205,0.0,1,0.0
0,-0.5,-441.23745703697205,0.0,0,0.0
0,-0.5,-441.73745703697205,0.0,0,0.0
0,-0.5,-442.23745703697205,0.0,1,0.0
0,-0.5,-442.73745703697205,0.0,0,0.0
0,-0.5,-443.23745703697205,0.0,0,0.0
0,-0.5,-443.73745703697205,0.0,1,0.0
0,-0.5,-444.23745703697205,0.0,0,0.0
0,-0.5,-444.73745703697205,0.0,0,0.0
0,-0.49850916862487793,-445.2359662055969,0.0014908313751220703,0,0.0014908313751220703
0,-0.49793505668640137,-445.7339012622833,0.0005741119384765625,1,0.002064943313598633
0,-0.4979419708251953,-446.2318432331085,-6.9141387939453125e-06,0,0.0020580291748046875
0,-0.4997134208679199,-446.73155665397644,-0.0017714500427246094,1,0.0002865791320800781
0,-0.49871325492858887,-447.23026990890503,0.0010001659393310547,0,0.0012867450714111328
0,-0.5,-447.73026990890503,-0.0012867450714111328,1,0.0
0,-0.5,-448.23026990890503,0.0,0,0.0
0,-0.5,-448.73026990890503,0.0,1,0.0
0,-0.5,-449.23026990890503,0.0,0,0.0
0,-0.5,-449.73026990890503,0.0,1,0.0
0,-0.5,-450.23026990890503,0.0,0,0.0
0,-0.4991772174835205,-450.72944712638855,0.0008227825164794922,0,0.0008227825164794922
0,-0.5,-451.22944712638855,-0.0008227825164794922,0,0.0
0,-0.5,-451.72944712638855,0.0,0,0.0
0,-0.4990067481994629,-452.228453874588,0.0009932518005371094,0,0.0009932518005371094
0,-0.5,-452.728453874588,-0.0009932518005371094,0,0.0
0,-0.5,-453.228453874588,0.0,0,0.0
0,-0.5,-453.728453874588,0.0,0,0.0
0,-0.5,-454.228453874588,0.0,0,0.0
0,-0.49900388717651367,-454.7274577617645,0.0009961128234863281,0,0.0009961128234863281
0,-0.5,-455.2274577617645,-0.0009961128234863281,0,0.0
0,-0.5,-455.7274577617645,0.0,1,0.0
0,-0.5,-456.2274577617645,0.0,0,0.0
0,-0.49938273429870605,-456.72684049606323,0.0006172657012939453,1,0.0006172657012939453
0,-0.5,-457.22684049606323,-0.0006172657012939453,0,0.0
0,-0.49899911880493164,-457.72583961486816,0.0010008811950683594,1,0.0010008811950683594
0,-0.4983968734741211,-458.2242364883423,0.0006022453308105469,0,0.0016031265258789062
0,-0.5,-458.7242364883423,-0.0016031265258789062,0,0.0
0,-0.5,-459.2242364883423,0.0,0,0.0
0,-0.5,-459.7242364883423,0.0,1,0.0
0,-0.5,-460.2242364883423,0.0,0,0.0
0,-0.5,-460.7242364883423,0.0,1,0.0
0,-0.49800729751586914,-461.22224378585815,0.0019927024841308594,0,0.0019927024841308594
0,-0.5,-461.72224378585815,-0.0019927024841308594,0,0.0
0,-0.5,-462.22224378585815,0.0,0,0.0
0,-0.49970316886901855,-462.7219469547272,0.0002968311309814453,1,0.0002968311309814453
0,-0.4957449436187744,-463.21769189834595,0.003958225250244141,0,0.004255056381225586
0,-0.49898433685302734,-463.716676235199,-0.0032393932342529297,1,0.0010156631469726562
0,-0.4969949722290039,-464.213671207428,0.0019893646240234375,0,0.0030050277709960938
0,-0.5,-464.713671207428,-0.0030050277709960938,1,0.0
0,-0.499006986618042,-465.212678194046,0.0009930133819580078,0,0.0009930133819580078
0,-0.5,-465.712678194046,-0.0009930133819580078,0,0.0
0,-0.4990062713623047,-466.2116844654083,0.0009937286376953125,0,0.0009937286376953125
0,-0.5,-466.7116844654083,-0.0009937286376953125,0,0.0
0,-0.4981858730316162,-467.20987033843994,0.001814126968383789,0,0.001814126968383789
0,-0.5,-467.70987033843994,-0.001814126968383789,1,0.0
0,-0.4991910457611084,-468.20906138420105,0.0008089542388916016,0,0.0008089542388916016
0,-0.4988284111022949,-468.70788979530334,0.00036263465881347656,1,0.0011715888977050781
0,-0.49733924865722656,-469.20522904396057,0.0014891624450683594,0,0.0026607513427734375
0,-0.5,-469.70522904396057,-0.0026607513427734375,1,0.0
0,-0.5,-470.20522904396057,0.0,0,0.0
0,-0.5,-470.70522904396057,0.0,1,0.0
0,-0.5,-471.20522904396057,0.0,0,0.0
0,-0.5,-471.70522904396057,0.0,1,0.0
0,-0.49899935722351074,-472.2042284011841,0.0010006427764892578,0,0.0010006427764892578
0,-0.49959540367126465,-472.70382380485535,-0.0005960464477539062,1,0.00040459632873535156
0,-0.4984130859375,-473.20223689079285,0.0011823177337646484,0,0.0015869140625
0,-0.5,-473.70223689079285,-0.0015869140625,0,0.0
0,-0.5,-474.20223689079285,0.0,0,0.0
0,-0.5,-474.70223689079285,0.0,0,0.0
0,-0.4959888458251953,-475.19822573661804,0.0040111541748046875,0,0.0040111541748046875
0,-0.5,-475.69822573661804,-0.0040111541748046875,0,0.0
0,-0.5,-476.19822573661804,0.0,0,0.0
0,-0.49898695945739746,-476.69721269607544,0.001013040542602539,1,0.001013040542602539
0,-0.49900293350219727,-477.19621562957764,-1.5974044799804688e-05,0,0.0009970664978027344
0,-0.5,-477.69621562957764,-0.0009970664978027344,1,0.0
0,-0.5,-478.19621562957764,0.0,0,0.0
0,-0.4990370273590088,-478.69525265693665,0.0009629726409912109,1,0.0009629726409912109
0,-0.49797821044921875,-479.19323086738586,0.001058816909790039,0,0.00202178955078125
0,-0.5,-479.69323086738586,-0.00202178955078125,1,0.0
0,-0.5,-480.19323086738586,0.0,0,0.0
0,-0.5,-480.69323086738586,0.0,0,0.0
0,-0.4990060329437256,-481.1922369003296,0.000993967056274414,0,0.000993967056274414
0,-0.5,-481.6922369003296,-0.000993967056274414,0,0.0
0,-0.5,-482.1922369003296,0.0,0,0.0
0,-0.5,-482.6922369003296,0.0,1,0.0
0,-0.5,-483.1922369003296,0.0,0,0.0
0,-0.4989888668060303,-483.6912257671356,0.0010111331939697266,1,0.0010111331939697266
0,-0.4982285499572754,-484.1894543170929,0.0007603168487548828,0,0.0017714500427246094
0,-0.5,-484.6894543170929,-0.0017714500427246094,1,0.0
0,-0.5,-485.1894543170929,0.0,0,0.0
0,-0.5,-485.6894543170929,0.0,1,0.0
0,-0.4989969730377197,-486.1884512901306,0.0010030269622802734,0,0.0010030269622802734
0,-0.4986002445220947,-486.6870515346527,0.000396728515625,1,0.0013997554779052734
0,-0.4985659122467041,-487.1856174468994,3.4332275390625e-05,0,0.0014340877532958984
0,-0.5,-487.6856174468994,-0.0014340877532958984,1,0.0
0,-0.5,-493.4587471485138,0.0,0,0.0
336,18.845134973526,18.845134973526,18.845134973526,117,19.345134973526
418,18.850118160247803,37.695253133773804,0.004983186721801758,0,19.350118160247803
91,-0.4989743232727051,37.1962788105011,-19.349092483520508,1,0.0010256767272949219
106,-0.5,36.6962788105011,-0.0010256767272949219,1,0.0
97,-0.5,36.1962788105011,0.0,1,0.0
84,-0.4994823932647705,35.69679641723633,0.0005176067352294922,1,0.0005176067352294922
92,-0.5,35.19679641723633,-0.0005176067352294922,0,0.0
103,-0.5,34.69679641723633,0.0,0,0.0
94,-0.4994792938232422,34.197317123413086,0.0005207061767578125,1,0.0005207061767578125
86,-0.5,33.697317123413086,-0.0005207061767578125,1,0.0
98,-0.5,33.197317123413086,0.0,1,0.0
103,-0.5,32.697317123413086,0.0,0,0.0
93,-0.5,32.197317123413086,0.0,0,0.0
88,-0.4996020793914795,31.697715044021606,0.0003979206085205078,1,0.0003979206085205078
89,-0.5,31.197715044021606,-0.0003979206085205078,0,0.0
100,-0.5,30.697715044021606,0.0,0,0.0
89,-0.4989187717437744,30.198796272277832,0.001081228256225586,1,0.001081228256225586
76,-0.49900031089782715,29.699795961380005,-8.153915405273438e-05,1,0.0009996891021728516
78,-0.5,29.199795961380005,-0.0009996891021728516,0,0.0
90,-0.5,28.699795961380005,0.0,0,0.0
87,-0.49900341033935547,28.20079255104065,0.0009965896606445312,1,0.0009965896606445312
77,-0.5,27.70079255104065,-0.0009965896606445312,0,0.0
79,-0.5,27.20079255104065,0.0,0,0.0
75,-0.4989743232727051,26.701818227767944,0.0010256767272949219,1,0.0010256767272949219
63,-0.5,26.201818227767944,-0.0010256767272949219,0,0.0
68,-0.49744439125061035,25.704373836517334,0.0025556087493896484,0,0.0025556087493896484
63,-0.5,25.204373836517334,-0.0025556087493896484,1,0.0
61,-0.4990558624267578,24.705317974090576,0.0009441375732421875,1,0.0009441375732421875
68,-0.5,24.205317974090576,-0.0009441375732421875,1,0.0
54,-0.49900197982788086,23.706315994262695,0.0009980201721191406,1,0.0009980201721191406
48,-0.5,23.206315994262695,-0.0009980201721191406,1,0.0
43,-0.5,22.706315994262695,0.0,1,0.0
54,-0.4990041255950928,22.207311868667603,0.0009958744049072266,0,0.0009958744049072266
55,-0.4980049133300781,21.709306955337524,0.0009992122650146484,0,0.001995086669921875
58,-0.5,21.209306955337524,-0.001995086669921875,1,0.0
68,-0.5,20.709306955337524,0.0,1,0.0
63,-0.5,20.209306955337524,0.0,0,0.0
44,-0.5,19.709306955337524,0.0,0,0.0
52,-0.5,19.209306955337524,0.0,1,0.0
36,-0.5,18.709306955337524,0.0,1,0.0
45,-0.5,18.209306955337524,0.0,1,0.0
49,-0.5,17.709306955337524,0.0,1,0.0
37,-0.5,17.209306955337524,0.0,1,0.0
51,-0.4988975524902344,16.71040940284729,0.001102447509765625,1,0.001102447509765625
48,-0.4988973140716553,16.211512088775635,2.384185791015625e-07,1,0.0011026859283447266
35,-0.5,15.711512088775635,-0.0011026859283447266,1,0.0
37,-0.5,15.211512088775635,0.0,3,0.0
33,-0.5,14.711512088775635,0.0,8,0.0
31,-0.4989795684814453,14.21253252029419,0.0010204315185546875,10,0.0010204315185546875
30,-0.5,13.71253252029419,-0.0010204315185546875,7,0.0
25,-0.4977571964263916,13.214775323867798,0.0022428035736083984,7,0.0022428035736083984
28,-0.5,12.714775323867798,-0.0022428035736083984,0,0.0
30,-0.49927639961242676,12.215498924255371,0.0007236003875732422,0,0.0007236003875732422
24,-0.49993181228637695,11.715567111968994,-0.0006554126739501953,0,6.818771362304688e-05
26,-0.5,11.215567111968994,-6.818771362304688e-05,0,0.0
27,-0.5,10.715567111968994,0.0,0,0.0
19,-0.5,10.215567111968994,0.0,0,0.0
21,-0.5,9.715567111968994,0.0,1,0.0
17,-0.5,9.215567111968994,0.0,1,0.0
18,-0.49898242950439453,8.7165846824646,0.0010175704956054688,1,0.0010175704956054688
22,-0.5,8.2165846824646,-0.0010175704956054688,1,0.0
18,-0.5,7.7165846824646,0.0,1,0.0
10,-0.49908924102783203,7.217495441436768,0.0009107589721679688,1,0.0009107589721679688
15,-0.5,6.717495441436768,-0.0009107589721679688,1,0.0
10,-0.5,6.217495441436768,0.0,1,0.0
13,-0.5,5.717495441436768,0.0,0,0.0
8,-0.4982926845550537,5.219202756881714,0.001707315444946289,0,0.001707315444946289
4,-0.5,4.719202756881714,-0.001707315444946289,0,0.0
7,-0.4989969730377197,4.220205783843994,0.0010030269622802734,0,0.0010030269622802734
1,-0.5,3.720205783843994,-0.0010030269622802734,1,0.0
2,-0.5,3.220205783843994,0.0,1,0.0
2,-0.5,2.720205783843994,0.0,1,0.0
0,-0.5,2.220205783843994,0.0,0,0.0
0,-0.499006986618042,1.7211987972259521,0.0009930133819580078,0,0.0009930133819580078
0,-0.5,1.2211987972259521,-0.0009930133819580078,0,0.0
0,-0.5,0.7211987972259521,0.0,0,0.0
0,-0.49938297271728516,0.221815824508667,0.0006170272827148438,1,0.0006170272827148438
0,-0.4988574981689453,-0.2770416736602783,0.0005254745483398438,0,0.0011425018310546875
0,-0.49948930740356445,-0.7765309810638428,-0.0006318092346191406,1,0.0005106925964355469
0,-0.4994678497314453,-1.275998830795288,2.1457672119140625e-05,0,0.0005321502685546875
0,-0.5,-1.775998830795288,-0.0005321502685546875,1,0.0
0,-0.498995304107666,-2.274994134902954,0.0010046958923339844,0,0.0010046958923339844
0,-0.5,-2.774994134902954,-0.0010046958923339844,1,0.0
0,-0.5,-3.274994134902954,0.0,0,0.0
0,-0.49895262718200684,-3.773946762084961,0.001047372817993164,0,0.001047372817993164
0,-0.49794960021972656,-4.2718963623046875,0.0010030269622802734,0,0.0020503997802734375
0,-0.5,-4.7718963623046875,-0.0020503997802734375,1,0.0
0,-0.5,-5.2718963623046875,0.0,0,0.0
0,-0.5,-5.7718963623046875,0.0,1,0.0
0,-0.49900150299072266,-6.27089786529541,0.0009984970092773438,0,0.0009984970092773438
0,-0.5,-6.77089786529541,-0.0009984970092773438,1,0.0
0,-0.49500298500061035,-7.2659008502960205,0.0049970149993896484,0,0.0049970149993896484
0,-0.5,-7.7659008502960205,-0.0049970149993896484,1,0.0
0,-0.49907779693603516,-8.264978647232056,0.0009222030639648438,0,0.0009222030639648438
0,-0.5,-8.764978647232056,-0.0009222030639648438,1,0.0
0,-0.4974067211151123,-9.262385368347168,0.0025932788848876953,0,0.0025932788848876953
0,-0.4989793300628662,-9.761364698410034,-0.0015726089477539062,0,0.001020669937133789
0,-0.4979255199432373,-10.259290218353271,0.0010538101196289062,0,0.0020744800567626953
0,-0.5,-10.759290218353271,-0.0020744800567626953,1,0.0
0,-0.4988853931427002,-11.258175611495972,0.0011146068572998047,0,0.0011146068572998047
0,-0.4989893436431885,-11.75716495513916,-0.00010395050048828125,0,0.0010106563568115234
0,-0.4989583492279053,-12.256123304367065,3.0994415283203125e-05,0,0.0010416507720947266
0,-0.49825382232666016,-12.754377126693726,0.0007045269012451172,0,0.0017461776733398438
0,-0.4967381954193115,-13.251115322113037,0.0015156269073486328,0,0.0032618045806884766
0,-0.4989898204803467,-13.750105142593384,-0.0022516250610351562,1,0.0010101795196533203
0,-0.4981658458709717,-14.248270988464355,0.000823974609375,0,0.0018341541290283203
0,-0.5,-14.748270988464355,-0.0018341541290283203,1,0.0
0,-0.49800634384155273,-15.246277332305908,0.0019936561584472656,0,0.0019936561584472656
0,-0.5,-15.746277332305908,-0.0019936561584472656,0,0.0
0,-0.5,-16.246277332305908,0.0,0,0.0
0,-0.5,-16.746277332305908,0.0,1,0.0
0,-0.4979891777038574,-17.244266510009766,0.002010822296142578,0,0.002010822296142578
0,-0.5,-17.744266510009766,-0.002010822296142578,0,0.0
0,-0.5,-18.244266510009766,0.0,0,0.0
0,-0.5,-18.744266510009766,0.0,1,0.0
0,-0.5,-19.244266510009766,0.0,0,0.0
0,-0.49921464920043945,-19.743481159210205,0.0007853507995605469,0,0.0007853507995605469
0,-0.497877836227417,-20.241358995437622,0.001336812973022461,0,0.002122163772583008
0,-0.5,-20.741358995437622,-0.002122163772583008,0,0.0
0,-0.5,-21.241358995437622,0.0,0,0.0
0,-0.5,-21.741358995437622,0.0,1,0.0
0,-0.4989662170410156,-22.240325212478638,0.001033782958984375,0,0.001033782958984375
0,-0.4989910125732422,-22.73931622505188,-2.47955322265625e-05,0,0.0010089874267578125
0,-0.4979512691497803,-23.23726749420166,0.001039743423461914,0,0.0020487308502197266
0,-0.5,-23.73726749420166,-0.0020487308502197266,1,0.0
0,-0.499004602432251,-24.23627209663391,0.0009953975677490234,0,0.0009953975677490234
0,-0.5,-24.73627209663391,-0.0009953975677490234,1,0.0
0,-0.4968867301940918,-25.233158826828003,0.003113269805908203,0,0.003113269805908203
0,-0.49747538566589355,-25.730634212493896,-0.0005886554718017578,1,0.0025246143341064453
0,-0.4974825382232666,-26.228116750717163,-7.152557373046875e-06,0,0.0025174617767333984
0,-0.5,-26.728116750717163,-0.0025174617767333984,1,0.0
0,-0.5,-27.228116750717163,0.0,0,0.0
0,-0.5,-27.728116750717163,0.0,0,0.0
0,-0.4979438781738281,-28.22606062889099,0.002056121826171875,0,0.002056121826171875
0,-0.49898648262023926,-28.72504711151123,-0.0010426044464111328,0,0.0010135173797607422
0,-0.49811267852783203,-29.223159790039062,0.0008738040924072266,0,0.0018873214721679688
0,-0.5,-29.723159790039062,-0.0018873214721679688,0,0.0
0,-0.4979977607727051,-30.221157550811768,0.002002239227294922,0,0.002002239227294922
0,-0.4989287853240967,-30.720086336135864,-0.0009310245513916016,1,0.0010712146759033203
0,-0.4979836940765381,-31.218070030212402,0.0009450912475585938,0,0.002016305923461914
0,-0.49898433685302734,-31.71705436706543,-0.0010006427764892578,1,0.0010156631469726562
0,-0.4987452030181885,-32.21579957008362,0.0002391338348388672,0,0.0012547969818115234
0,-0.5,-32.71579957008362,-0.0012547969818115234,1,0.0
0,-0.4980049133300781,-33.213804483413696,0.001995086669921875,0,0.001995086669921875
0,-0.49962306022644043,-33.71342754364014,-0.0016181468963623047,0,0.0003769397735595703
0,-0.49910974502563477,-34.21253728866577,0.0005133152008056641,0,0.0008902549743652344
0,-0.5,-34.71253728866577,-0.0008902549743652344,0,0.0
0,-0.5,-35.21253728866577,0.0,0,0.0
0,-0.4979221820831299,-35.7104594707489,0.002077817916870117,0,0.002077817916870117
0,-0.4973773956298828,-36.207836866378784,0.0005447864532470703,0,0.0026226043701171875
0,-0.49900317192077637,-36.70684003829956,-0.0016257762908935547,1,0.0009968280792236328
0,-0.4989473819732666,-37.20578742027283,5.5789947509765625e-05,0,0.0010526180267333984
0,-0.5,-37.70578742027283,-0.0010526180267333984,1,0.0
0,-0.49554920196533203,-38.20133662223816,0.004450798034667969,0,0.004450798034667969
0,-0.5,-38.70133662223816,-0.004450798034667969,1,0.0
0,-0.49576544761657715,-39.197102069854736,0.0042345523834228516,0,0.0042345523834228516
0,-0.49948954582214355,-39.69659161567688,-0.0037240982055664062,0,0.0005104541778564453
0,-0.49948954582214355,-40.19608116149902,0.0,0,0.0005104541778564453
0,-0.49945569038391113,-40.695536851882935,3.3855438232421875e-05,1,0.0005443096160888672
0,-0.4994373321533203,-41.194974184036255,1.8358230590820312e-05,0,0.0005626678466796875
0,-0.5,-41.694974184036255,-0.0005626678466796875,1,0.0
0,-0.4994947910308838,-42.19446897506714,0.0005052089691162109,0,0.0005052089691162109
0,-0.4993727207183838,-42.69384169578552,0.0001220703125,1,0.0006272792816162109
0,-0.4977881908416748,-43.1916298866272,0.0015845298767089844,0,0.0022118091583251953
0,-0.5,-43.6916298866272,-0.0022118091583251953,1,0.0
0,-0.5,-44.1916298866272,0.0,0,0.0
0,-0.49896693229675293,-44.69059681892395,0.0010330677032470703,1,0.0010330677032470703
0,-0.4948751926422119,-45.18547201156616,0.004091739654541016,0,0.005124807357788086
0,-0.5,-45.68547201156616,-0.005124807357788086,0,0.0
0,-0.4989335536956787,-46.18440556526184,0.001066446304321289,0,0.001066446304321289
0,-0.5,-46.68440556526184,-0.001066446304321289,1,0.0
0,-0.49500322341918945,-47.17940878868103,0.004996776580810547,0,0.004996776580810547
0,-0.4993896484375,-47.67879843711853,-0.004386425018310547,1,0.0006103515625
0,-0.4997410774230957,-48.178539514541626,-0.0003514289855957031,0,0.0002589225769042969
0,-0.5,-48.678539514541626,-0.0002589225769042969,1,0.0
0,-0.49506521224975586,-49.17360472679138,0.004934787750244141,0,0.004934787750244141
0,-0.49922800064086914,-49.67283272743225,-0.004162788391113281,1,0.0007719993591308594
0,-0.5,-50.17283272743225,-0.0007719993591308594,0,0.0
0,-0.5,-50.67283272743225,0.0,1,0.0
0,-0.5,-51.17283272743225,0.0,0,0.0
0,-0.5,-51.67283272743225,0.0,1,0.0
0,-0.49799132347106934,-52.17082405090332,0.002008676528930664,0,0.002008676528930664
0,-0.5,-52.67082405090332,-0.002008676528930664,1,0.0
0,-0.49373459815979004,-53.16455864906311,0.006265401840209961,0,0.006265401840209961
0,-0.4989762306213379,-53.66353487968445,-0.0052416324615478516,1,0.0010237693786621094
0,-0.49805593490600586,-54.161590814590454,0.0009202957153320312,0,0.0019440650939941406
0,-0.4989800453186035,-54.66057085990906,-0.0009241104125976562,1,0.0010199546813964844
0,-0.4959604740142822,-55.15653133392334,0.003019571304321289,0,0.0040395259857177734
0,-0.5,-55.65653133392334,-0.0040395259857177734,0,0.0
0,-0.5,-56.15653133392334,0.0,0,0.0
0,-0.49949121475219727,-56.65602254867554,0.0005087852478027344,0,0.0005087852478027344
0,-0.49949121475219727,-57.155513763427734,0.0,0,0.0005087852478027344
0,-0.4996790885925293,-57.655192852020264,-0.00018787384033203125,1,0.0003209114074707031
0,-0.49949026107788086,-58.154683113098145,0.0001888275146484375,0,0.0005097389221191406
0,-0.4994845390319824,-58.65416765213013,5.7220458984375e-06,1,0.0005154609680175781
0,-0.4957733154296875,-59.149940967559814,0.003711223602294922,0,0.0042266845703125
0,-0.49900293350219727,-59.64894390106201,-0.0032296180725097656,1,0.0009970664978027344
0,-0.4978907108306885,-60.1468346118927,0.001112222671508789,0,0.0021092891693115234
0,-0.5,-60.6468346118927,-0.0021092891693115234,1,0.0
0,-0.4984169006347656,-61.145251512527466,0.001583099365234375,0,0.001583099365234375
0,-0.5,-61.645251512527466,-0.001583099365234375,1,0.0
0,-0.4977579116821289,-62.143009424209595,0.0022420883178710938,0,0.0022420883178710938
0,-0.5,-62.643009424209595,-0.0022420883178710938,2,0.0
0,-0.4952530860900879,-63.13826251029968,0.004746913909912109,1,0.004746913909912109
0,-0.4952530860900879,-63.63351559638977,0.0,0,0.004746913909912109
0,-0.5,-64.13351559638977,-0.004746913909912109,0,0.0
0,-0.5,-64.63351559638977,0.0,1,0.0
0,-0.49841785430908203,-65.13193345069885,0.0015821456909179688,0,0.0015821456909179688
0,-0.49951839447021484,-65.63145184516907,-0.0011005401611328125,1,0.00048160552978515625
0,-0.4986863136291504,-66.13013815879822,0.0008320808410644531,0,0.0013136863708496094
0,-0.5,-66.63013815879822,-0.0013136863708496094,1,0.0
0,-0.5,-67.13013815879822,0.0,0,0.0
0,-0.5,-67.63013815879822,0.0,1,0.0
0,-0.5,-68.13013815879822,0.0,0,0.0
0,-0.5,-68.63013815879822,0.0,0,0.0
0,-0.5,-69.13013815879822,0.0,0,0.0
0,-0.49898695945739746,-69.62912511825562,0.001013040542602539,0,0.001013040542602539
0,-0.4970111846923828,-70.126136302948,0.0019757747650146484,0,0.0029888153076171875
0,-0.5,-70.626136302948,-0.0029888153076171875,1,0.0
0,-0.49793028831481934,-71.12406659126282,0.002069711685180664,0,0.002069711685180664
0,-0.49956679344177246,-71.62363338470459,-0.001636505126953125,1,0.00043320655822753906
0,-0.4991123676300049,-72.1227457523346,0.0004544258117675781,0,0.0008876323699951172
0,-0.49900364875793457,-72.62174940109253,0.0001087188720703125,1,0.0009963512420654297
0,-0.49900364875793457,-73.12075304985046,0.0,0,0.0009963512420654297
0,-0.49900293350219727,-73.61975598335266,7.152557373046875e-07,0,0.0009970664978027344
0,-0.4970099925994873,-74.11676597595215,0.001992940902709961,0,0.0029900074005126953
0,-0.5,-74.61676597595215,-0.0029900074005126953,0,0.0
0,-0.5,-75.11676597595215,0.0,0,0.0
0,-0.5,-75.61676597595215,0.0,1,0.0
0,-0.48869872093200684,-76.10546469688416,0.011301279067993164,0,0.011301279067993164
0,-0.49932384490966797,-76.60478854179382,-0.010625123977661133,1,0.0006761550903320312
0,-0.4991023540496826,-77.1038908958435,0.00022149085998535156,0,0.0008976459503173828
0,-0.5,-77.6038908958435,-0.0008976459503173828,1,0.0
0,-0.494983434677124,-78.09887433052063,0.0050165653228759766,0,0.0050165653228759766
0,-0.5,-78.59887433052063,-0.0050165653228759766,1,0.0
0,-0.5,-79.09887433052063,0.0,0,0.0
0,-0.5,-79.59887433052063,0.0,1,0.0
0,-0.5,-80.09887433052063,0.0,0,0.0
0,-0.5,-80.59887433052063,0.0,1,0.0
0,-0.5,-81.09887433052063,0.0,0,0.0
0,-0.5,-81.59887433052063,0.0,1,0.0
0,-0.49900054931640625,-82.09787487983704,0.00099945068359375,0,0.00099945068359375
0,-0.49898290634155273,-82.59685778617859,1.7642974853515625e-05,0,0.0010170936584472656
0,-0.499004602432251,-83.09586238861084,-2.1696090698242188e-05,0,0.0009953975677490234
0,-0.5,-83.59586238861084,-0.0009953975677490234,0,0.0
0,-0.496992826461792,-84.09285521507263,0.003007173538208008,0,0.003007173538208008
0,-0.4999072551727295,-84.59276247024536,-0.0029144287109375,1,9.274482727050781e-05
0,-0.49954748153686523,-85.09230995178223,0.0003597736358642578,0,0.0004525184631347656
0,-0.5,-85.59230995178223,-0.0004525184631347656,0,0.0
0,-0.5,-86.09230995178223,0.0,0,0.0
0,-0.4995870590209961,-86.59189701080322,0.00041294097900390625,1,0.00041294097900390625
0,-0.49771714210510254,-87.08961415290833,0.0018699169158935547,0,0.002282857894897461
0,-0.5,-87.58961415290833,-0.002282857894897461,3,0.0
0,-0.49828028678894043,-88.08789443969727,0.0017197132110595703,2,0.0017197132110595703
0,-0.49828028678894043,-88.5861747264862,0.0,1,0.0017197132110595703
0,-0.49828028678894043,-89.08445501327515,0.0,0,0.0017197132110595703
0,-0.5,-89.58445501327515,-0.0017197132110595703,1,0.0
0,-0.5,-90.08445501327515,0.0,0,0.0
0,-0.5,-90.58445501327515,0.0,0,0.0
0,-0.5,-91.08445501327515,0.0,0,0.0
0,-0.5,-91.58445501327515,0.0,1,0.0
0,-0.4989919662475586,-92.0834469795227,0.0010080337524414062,0,0.0010080337524414062
0,-0.5,-92.5834469795227,-0.0010080337524414062,1,0.0
0,-0.5,-93.0834469795227,0.0,0,0.0
0,-0.4992501735687256,-93.58269715309143,0.0007498264312744141,1,0.0007498264312744141
0,-0.49872303009033203,-94.08142018318176,0.0005271434783935547,0,0.0012769699096679688
0,-0.4989888668060303,-94.5804090499878,-0.0002658367156982422,1,0.0010111331939697266
0,-0.49799418449401855,-95.07840323448181,0.0009946823120117188,0,0.0020058155059814453
0,-0.5,-95.57840323448181,-0.0020058155059814453,1,0.0
0,-0.5,-96.07840323448181,0.0,0,0.0
0,-0.5,-96.57840323448181,0.0,1,0.0
0,-0.5,-97.07840323448181,0.0,0,0.0
0,-0.4989898204803467,-97.57739305496216,0.0010101795196533203,1,0.0010101795196533203
0,-0.4989898204803467,-98.0763828754425,0.0,0,0.0010101795196533203
0,-0.4993557929992676,-98.57573866844177,-0.00036597251892089844,1,0.0006442070007324219
0,-0.49883246421813965,-99.07457113265991,0.0005233287811279297,0,0.0011675357818603516
0,-0.5,-99.57457113265991,-0.0011675357818603516,1,0.0
0,-0.4899790287017822,-100.0645501613617,0.010020971298217773,0,0.010020971298217773
0,-0.4990062713623047,-100.563556432724,-0.009027242660522461,1,0.0009937286376953125
0,-0.49086952209472656,-101.05442595481873,0.008136749267578125,0,0.009130477905273438
0,-0.5,-101.55442595481873,-0.009130477905273438,1,0.0
0,-0.4990074634552002,-102.05343341827393,0.0009925365447998047,0,0.0009925365447998047
0,-0.5,-102.55343341827393,-0.0009925365447998047,1,0.0
0,-0.4990062713623047,-103.05243968963623,0.0009937286376953125,0,0.0009937286376953125
0,-0.5,-103.55243968963623,-0.0009937286376953125,1,0.0
0,-0.49657440185546875,-104.0490140914917,0.00342559814453125,0,0.00342559814453125
0,-0.5,-104.5490140914917,-0.00342559814453125,1,0.0
0,-0.4835042953491211,-105.03251838684082,0.016495704650878906,0,0.016495704650878906
0,-0.5,-105.53251838684082,-0.016495704650878906,0,0.0
0,-0.5,-106.03251838684082,0.0,0,0.0
0,-0.5,-106.53251838684082,0.0,1,0.0
0,-0.4988718032836914,-107.03139019012451,0.0011281967163085938,0,0.0011281967163085938
0,-0.5,-107.53139019012451,-0.0011281967163085938,0,0.0
0,-0.5,-108.03139019012451,0.0,0,0.0
0,-0.5,-108.53139019012451,0.0,1,0.0
0,-0.49900174140930176,-109.03039193153381,0.0009982585906982422,0,0.0009982585906982422
0,-0.5,-109.53039193153381,-0.0009982585906982422,1,0.0
0,-0.5,-110.03039193153381,0.0,0,0.0
0,-0.498981237411499,-110.52937316894531,0.0010187625885009766,0,0.0010187625885009766
0,-0.4959545135498047,-111.02532768249512,0.003026723861694336,0,0.0040454864501953125
0,-0.5,-111.52532768249512,-0.0040454864501953125,1,0.0
0,-0.5,-112.02532768249512,0.0,0,0.0
0,-0.5,-112.52532768249512,0.0,1,0.0
0,-0.5,-113.02532768249512,0.0,0,0.0
0,-0.5,-113.52532768249512,0.0,1,0.0
0,-0.4990665912628174,-114.02439427375793,0.0009334087371826172,0,0.0009334087371826172
0,-0.4989440441131592,-114.5233383178711,0.00012254714965820312,1,0.0010559558868408203
0,-0.4969511032104492,-115.02028942108154,0.001992940902709961,0,0.0030488967895507812
0,-0.49979257583618164,-115.52008199691772,-0.002841472625732422,0,0.00020742416381835938
0,-0.49942874908447266,-116.0195107460022,0.0003638267517089844,0,0.0005712509155273438
0,-0.49965381622314453,-116.51916456222534,-0.000225067138671875,1,0.00034618377685546875
0,-0.5,-117.01916456222534,-0.00034618377685546875,0,0.0
0,-0.4990549087524414,-117.51821947097778,0.0009450912475585938,1,0.0009450912475585938
0,-0.49689626693725586,-118.01511573791504,0.002158641815185547,0,0.0031037330627441406
0,-0.5,-118.51511573791504,-0.0031037330627441406,1,0.0
0,-0.4990065097808838,-119.01412224769592,0.000993490219116211,0,0.000993490219116211
0,-0.5,-119.51412224769592,-0.000993490219116211,1,0.0
0,-0.49771881103515625,-120.01184105873108,0.00228118896484375,0,0.00228118896484375
0,-0.4998610019683838,-120.51170206069946,-0.002142190933227539,1,0.00013899803161621094
0,-0.4997594356536865,-121.01146149635315,0.00010156631469726562,0,0.00024056434631347656
0,-0.5,-121.51146149635315,-0.00024056434631347656,0,0.0
0,-0.5,-122.01146149635315,0.0,0,0.0
0,-0.5,-122.51146149635315,0.0,0,0.0
0,-0.5,-123.01146149635315,0.0,0,0.0
0,-0.5,-123.51146149635315,0.0,0,0.0
0,-0.5,-124.01146149635315,0.0,0,0.0
0,-0.5,-124.51146149635315,0.0,0,0.0
0,-0.49895811080932617,-125.01041960716248,0.0010418891906738281,0,0.0010418891906738281
0,-0.5,-125.51041960716248,-0.0010418891906738281,0,0.0
0,-0.49914050102233887,-126.00956010818481,0.0008594989776611328,0,0.0008594989776611328
0,-0.5,-126.50956010818481,-0.0008594989776611328,1,0.0
0,-0.5,-127.00956010818481,0.0,0,0.0
0,-0.5,-127.50956010818481,0.0,1,0.0
0,-0.4969942569732666,-128.00655436515808,0.0030057430267333984,0,0.0030057430267333984
0,-0.5,-128.50655436515808,-0.0030057430267333984,1,0.0
0,-0.4980783462524414,-129.00463271141052,0.0019216537475585938,0,0.0019216537475585938
0,-0.5,-129.50463271141052,-0.0019216537475585938,1,0.0
0,-0.49899768829345703,-130.00363039970398,0.0010023117065429688,0,0.0010023117065429688
0,-0.5,-130.50363039970398,-0.0010023117065429688,1,0.0
0,-0.5,-131.00363039970398,0.0,0,0.0
0,-0.49918127059936523,-131.50281167030334,0.0008187294006347656,1,0.0008187294006347656
0,-0.4985809326171875,-132.00139260292053,0.0006003379821777344,0,0.0014190673828125
0,-0.5,-132.50139260292053,-0.0014190673828125,1,0.0
0,-0.5,-133.00139260292053,0.0,0,0.0
0,-0.49960756301879883,-133.50100016593933,0.0003924369812011719,1,0.0003924369812011719
0,-0.49947500228881836,-134.00047516822815,0.00013256072998046875,0,0.0005249977111816406
0,-0.5,-134.50047516822815,-0.0005249977111816406,0,0.0
0,-0.5,-135.00047516822815,0.0,0,0.0
0,-0.5,-135.50047516822815,0.0,1,0.0
0,-0.4988222122192383,-135.9992973804474,0.0011777877807617188,0,0.0011777877807617188
0,-0.5,-136.4992973804474,-0.0011777877807617188,1,0.0
0,-0.49800586700439453,-136.99730324745178,0.0019941329956054688,0,0.0019941329956054688
0,-0.5,-137.49730324745178,-0.0019941329956054688,0,0.0
0,-0.5,-137.99730324745178,0.0,0,0.0
0,-0.4995276927947998,-138.49683094024658,0.0004723072052001953,1,0.0004723072052001953
0,-0.49949216842651367,-138.9963231086731,3.552436828613281e-05,0,0.0005078315734863281
0,-0.5,-139.4963231086731,-0.0005078315734863281,1,0.0
0,-0.5,-139.9963231086731,0.0,0,0.0
0,-0.5,-140.4963231086731,0.0,0,0.0
0,-0.5,-140.9963231086731,0.0,0,0.0
0,-0.4997243881225586,-141.49604749679565,0.00027561187744140625,1,0.00027561187744140625
0,-0.4991772174835205,-141.99522471427917,0.0005471706390380859,0,0.0008227825164794922
0,-0.5,-142.49522471427917,-0.0008227825164794922,0,0.0
0,-0.49881601333618164,-142.99404072761536,0.0011839866638183594,0,0.0011839866638183594
0,-0.5,-143.49404072761536,-0.0011839866638183594,1,0.0
0,-0.5,-143.99404072761536,0.0,0,0.0
0,-0.5,-144.49404072761536,0.0,10,0.0
0,-0.5,-144.99404072761536,0.0,10,0.0
0,-0.5,-145.49404072761536,0.0,8,0.0
0,-0.49500060081481934,-145.98904132843018,0.004999399185180664,7,0.004999399185180664
0,-0.49500060081481934,-146.484041929245,0.0,7,0.004999399185180664
0,-0.49500060081481934,-146.97904253005981,0.0,5,0.004999399185180664
0,-0.49500060081481934,-147.47404313087463,0.0,5,0.004999399185180664
0,-0.49500060081481934,-147.96904373168945,0.0,4,0.004999399185180664
0,-0.49500060081481934,-148.46404433250427,0.0,3,0.004999399185180664
0,-0.48914551734924316,-148.95318984985352,0.005855083465576172,2,0.010854482650756836
0,-0.4871070384979248,-149.44029688835144,0.0020384788513183594,1,0.012892961502075195
0,-0.48511362075805664,-149.9254105091095,0.001993417739868164,1,0.01488637924194336
0,-0.4987325668334961,-150.424143075943,-0.013618946075439453,1,0.0012674331665039062
0,-0.5,-150.924143075943,-0.0012674331665039062,0,0.0
0,-0.49900388717651367,-151.4231469631195,0.0009961128234863281,0,0.0009961128234863281
0,-0.5,-151.9231469631195,-0.0009961128234863281,0,0.0
0,-0.5,-152.4231469631195,0.0,3,0.0
0,-0.4994964599609375,-152.92264342308044,0.0005035400390625,2,0.0005035400390625
0,-0.5,-153.42264342308044,-0.0005035400390625,1,0.0
0,-0.5,-153.92264342308044,0.0,0,0.0
0,-0.5,-154.42264342308044,0.0,0,0.0
0,-0.5,-154.92264342308044,0.0,0,0.0
0,-0.5,-155.42264342308044,0.0,1,0.0
0,-0.49799394607543945,-155.92063736915588,0.002006053924560547,0,0.002006053924560547
0,-0.49895620346069336,-156.41959357261658,-0.0009622573852539062,0,0.0010437965393066406
0,-0.497938871383667,-156.91753244400024,0.0010173320770263672,0,0.002061128616333008
0,-0.5,-157.41753244400024,-0.002061128616333008,1,0.0
0,-0.4990663528442383,-157.91659879684448,0.0009336471557617188,0,0.0009336471557617188
0,-0.4974992275238037,-158.4140980243683,0.0015671253204345703,1,0.002500772476196289
0,-0.4974992275238037,-158.9115972518921,0.0,0,0.002500772476196289
0,-0.49898600578308105,-159.41058325767517,-0.0014867782592773438,1,0.0010139942169189453
0,-0.49794912338256836,-159.90853238105774,0.0010368824005126953,0,0.0020508766174316406
0,-0.49976277351379395,-160.40829515457153,-0.001813650131225586,0,0.0002372264862060547
0,-0.5,-160.90829515457153,-0.0002372264862060547,0,0.0
0,-0.4989895820617676,-161.4072847366333,0.0010104179382324219,1,0.0010104179382324219
0,-0.49800634384155273,-161.90529108047485,0.0009832382202148438,0,0.0019936561584472656
0,-0.5,-162.40529108047485,-0.0019936561584472656,1,0.0
0,-0.5,-162.90529108047485,0.0,0,0.0
0,-0.4994843006134033,-163.40477538108826,0.0005156993865966797,0,0.0005156993865966797
0,-0.49842190742492676,-163.90319728851318,0.0010623931884765625,0,0.0015780925750732422
0,-0.5,-164.40319728851318,-0.0015780925750732422,0,0.0
0,-0.5,-164.90319728851318,0.0,0,0.0
0,-0.49900293350219727,-165.40220022201538,0.0009970664978027344,0,0.0009970664978027344
0,-0.5,-165.90220022201538,-0.0009970664978027344,0,0.0
0,-0.5,-166.40220022201538,0.0,1,0.0
0,-0.5,-166.90220022201538,0.0,0,0.0
0,-0.5,-167.40220022201538,0.0,1,0.0
0,-0.5,-167.90220022201538,0.0,0,0.0
0,-0.5,-168.40220022201538,0.0,0,0.0
0,-0.4994983673095703,-168.90169858932495,0.0005016326904296875,0,0.0005016326904296875
0,-0.49899888038635254,-169.4006974697113,0.0004994869232177734,1,0.001001119613647461
0,-0.49800610542297363,-169.89870357513428,0.0009927749633789062,0,0.001993894577026367
0,-0.4989938735961914,-170.39769744873047,-0.0009877681732177734,0,0.0010061264038085938
0,-0.49794769287109375,-170.89564514160156,0.0010461807250976562,0,0.00205230712890625
0,-0.5,-171.39564514160156,-0.00205230712890625,1,0.0
0,-0.4978940486907959,-171.89353919029236,0.0021059513092041016,0,0.0021059513092041016
0,-0.49948787689208984,-172.39302706718445,-0.0015938282012939453,1,0.0005121231079101562
0,-0.49948787689208984,-172.89251494407654,0.0,0,0.0005121231079101562
0,-0.4989922046661377,-173.39150714874268,0.0004956722259521484,1,0.0010077953338623047
0,-0.5,-173.89150714874268,-0.0010077953338623047,0,0.0
0,-0.5,-174.39150714874268,0.0,1,0.0
0,-0.5,-174.89150714874268,0.0,0,0.0
0,-0.49831080436706543,-175.38981795310974,0.0016891956329345703,1,0.0016891956329345703
0,-0.49689245223999023,-175.88671040534973,0.0014183521270751953,0,0.0031075477600097656
0,-0.49894142150878906,-176.38565182685852,-0.002048969268798828,1,0.0010585784912109375
0,-0.49599361419677734,-176.8816454410553,0.0029478073120117188,0,0.004006385803222656
0,-0.49898552894592285,-177.38063097000122,-0.002991914749145508,1,0.0010144710540771484
0,-0.4978773593902588,-177.87850832939148,0.0011081695556640625,0,0.002122640609741211
0,-0.5,-178.37850832939148,-0.002122640609741211,1,0.0
0,-0.4977152347564697,-178.87622356414795,0.0022847652435302734,0,0.0022847652435302734
0,-0.49898338317871094,-179.37520694732666,-0.001268148422241211,1,0.0010166168212890625
0,-0.4976639747619629,-179.87287092208862,0.0013194084167480469,0,0.0023360252380371094
0,-0.4990527629852295,-180.37192368507385,-0.0013887882232666016,1,0.0009472370147705078
0,-0.4980130195617676,-180.86993670463562,0.001039743423461914,0,0.001986980438232422
0,-0.5,-181.36993670463562,-0.001986980438232422,0,0.0
0,-0.5,-181.86993670463562,0.0,0,0.0
0,-0.498687744140625,-182.36862444877625,0.001312255859375,1,0.001312255859375
0,-0.4984161853790283,-182.86704063415527,0.0002715587615966797,0,0.0015838146209716797
0,-0.5,-183.36704063415527,-0.0015838146209716797,0,0.0
0,-0.5,-183.86704063415527,0.0,0,0.0
0,-0.5,-184.36704063415527,0.0,1,0.0
0,-0.5,-184.86704063415527,0.0,0,0.0
0,-0.5,-185.36704063415527,0.0,0,0.0
0,-0.5,-185.86704063415527,0.0,0,0.0
0,-0.5,-186.36704063415527,0.0,1,0.0
0,-0.49900364875793457,-186.8660442829132,0.0009963512420654297,0,0.0009963512420654297
0,-0.5,-187.3660442829132,-0.0009963512420654297,1,0.0
0,-0.5,-187.8660442829132,0.0,0,0.0
0,-0.5,-188.3660442829132,0.0,1,0.0
0,-0.49900317192077637,-188.86504745483398,0.0009968280792236328,0,0.0009968280792236328
0,-0.5,-189.36504745483398,-0.0009968280792236328,0,0.0
0,-0.5,-189.86504745483398,0.0,0,0.0
0,-0.5,-190.36504745483398,0.0,0,0.0
0,-0.49991345405578613,-190.86496090888977,8.654594421386719e-05,0,8.654594421386719e-05
0,-0.5,-191.36496090888977,-8.654594421386719e-05,0,0.0
0,-0.5,-191.86496090888977,0.0,0,0.0
0,-0.5,-192.36496090888977,0.0,1,0.0
0,-0.4970066547393799,-192.86196756362915,0.002993345260620117,0,0.002993345260620117
0,-0.4987614154815674,-193.36072897911072,-0.0017547607421875,0,0.0012385845184326172
0,-0.5,-193.86072897911072,-0.0012385845184326172,0,0.0
0,-0.5,-194.36072897911072,0.0,1,0.0
0,-0.5,-194.86072897911072,0.0,0,0.0
0,-0.5,-195.36072897911072,0.0,0,0.0
0,-0.5,-195.86072897911072,0.0,0,0.0
0,-0.5,-196.36072897911072,0.0,0,0.0
0,-0.5,-196.86072897911072,0.0,0,0.0
0,-0.5,-197.36072897911072,0.0,1,0.0
0,-0.5,-197.86072897911072,0.0,0,0.0
0,-0.5,-198.36072897911072,0.0,0,0.0
0,-0.4989941120147705,-198.8597230911255,0.0010058879852294922,0,0.0010058879852294922
0,-0.4991261959075928,-199.35884928703308,-0.00013208389282226562,0,0.0008738040924072266
0,-0.4994511604309082,-199.858300447464,-0.0003249645233154297,0,0.0005488395690917969
0,-0.5,-200.358300447464,-0.0005488395690917969,1,0.0
0,-0.4979977607727051,-200.8562982082367,0.002002239227294922,0,0.002002239227294922
0,-0.5,-201.3562982082367,-0.002002239227294922,1,0.0
0,-0.5,-201.8562982082367,0.0,0,0.0
0,-0.499004602432251,-202.35530281066895,0.0009953975677490234,1,0.0009953975677490234
0,-0.499004602432251,-202.8543074131012,0.0,0,0.0009953975677490234
0,-0.49927520751953125,-203.35358262062073,-0.00027060508728027344,0,0.00072479248046875
0,-0.4991919994354248,-203.85277462005615,8.320808410644531e-05,0,0.0008080005645751953
0,-0.49989962577819824,-204.35267424583435,-0.0007076263427734375,0,0.00010037422180175781
0,-0.49948811531066895,-204.85216236114502,0.0004115104675292969,0,0.0005118846893310547
0,-0.4998459815979004,-205.35200834274292,-0.0003578662872314453,1,0.00015401840209960938
0,-0.5,-205.85200834274292,-0.00015401840209960938,0,0.0
0,-0.5,-206.35200834274292,0.0,1,0.0
0,-0.5,-206.85200834274292,0.0,0,0.0
0,-0.5,-207.35200834274292,0.0,1,0.0
0,-0.49799489974975586,-207.85000324249268,0.0020051002502441406,0,0.0020051002502441406
0,-0.4995689392089844,-208.34957218170166,-0.0015740394592285156,1,0.000431060791015625
0,-0.49726009368896484,-208.84683227539062,0.0023088455200195312,0,0.0027399063110351562
0,-0.4989817142486572,-209.34581398963928,-0.0017216205596923828,1,0.0010182857513427734
0,-0.49799299240112305,-209.8438069820404,0.0009887218475341797,0,0.002007007598876953
0,-0.49935054779052734,-210.34315752983093,-0.0013575553894042969,1,0.0006494522094726562
0,-0.5,-210.84315752983093,-0.0006494522094726562,0,0.0
0,-0.4989926815032959,-211.34215021133423,0.0010073184967041016,1,0.0010073184967041016
0,-0.4979531764984131,-211.84010338783264,0.0010395050048828125,0,0.002046823501586914
0,-0.5,-212.34010338783264,-0.002046823501586914,0,0.0
0,-0.5,-212.84010338783264,0.0,0,0.0
0,-0.49900364875793457,-213.33910703659058,0.0009963512420654297,1,0.0009963512420654297
0,-0.49800610542297363,-213.83711314201355,0.0009975433349609375,0,0.001993894577026367
0,-0.4989950656890869,-214.33610820770264,-0.0009889602661132812,1,0.001004934310913086
0,-0.49698495864868164,-214.83309316635132,0.0020101070404052734,0,0.0030150413513183594
0,-0.49900269508361816,-215.33209586143494,-0.0020177364349365234,0,0.000997304916381836
0,-0.5,-215.83209586143494,-0.000997304916381836,0,0.0
0,-0.5,-216.33209586143494,0.0,1,0.0
0,-0.49900269508361816,-216.83109855651855,0.000997304916381836,0,0.000997304916381836
0,-0.5,-217.33109855651855,-0.000997304916381836,0,0.0
0,-0.5,-217.83109855651855,0.0,0,0.0
0,-0.5,-218.33109855651855,0.0,0,0.0
0,-0.498990535736084,-218.83008909225464,0.0010094642639160156,0,0.0010094642639160156
0,-0.4988985061645508,-219.3289875984192,9.202957153320312e-05,1,0.0011014938354492188
0,-0.49788832664489746,-219.8268759250641,0.0010101795196533203,0,0.002111673355102539
0,-0.5,-220.3268759250641,-0.002111673355102539,1,0.0
0,-0.4993016719818115,-220.8261775970459,0.0006983280181884766,0,0.0006983280181884766
0,-0.49900364875793457,-221.32518124580383,0.0002980232238769531,0,0.0009963512420654297
0,-0.4996364116668701,-221.8248176574707,-0.0006327629089355469,0,0.0003635883331298828
0,-0.5,-222.3248176574707,-0.0003635883331298828,0,0.0
0,-0.5,-222.8248176574707,0.0,0,0.0
0,-0.5,-223.3248176574707,0.0,1,0.0
0,-0.49900197982788086,-223.82381963729858,0.0009980201721191406,0,0.0009980201721191406
0,-0.49968433380126953,-224.32350397109985,-0.0006823539733886719,0,0.00031566619873046875
0,-0.49900388717651367,-224.82250785827637,0.0006804466247558594,0,0.0009961128234863281
0,-0.5,-225.32250785827637,-0.0009961128234863281,0,0.0
0,-0.4990067481994629,-225.82151460647583,0.0009932518005371094,0,0.0009932518005371094
0,-0.5,-226.32151460647583,-0.0009932518005371094,1,0.0
0,-0.49741148948669434,-226.81892609596252,0.002588510513305664,0,0.002588510513305664
0,-0.4989902973175049,-227.31791639328003,-0.0015788078308105469,0,0.0010097026824951172
0,-0.5,-227.81791639328003,-0.0010097026824951172,0,0.0
0,-0.49692821502685547,-228.31484460830688,0.0030717849731445312,1,0.0030717849731445312
0,-0.4969604015350342,-228.81180500984192,-3.218650817871094e-05,0,0.0030395984649658203
0,-0.49988245964050293,-229.31168746948242,-0.00292205810546875,1,0.00011754035949707031
0,-0.49948573112487793,-229.8111732006073,0.000396728515625,0,0.0005142688751220703
0,-0.4989476203918457,-230.31012082099915,0.0005381107330322266,0,0.0010523796081542969
0,-0.5,-230.81012082099915,-0.0010523796081542969,0,0.0
0,-0.49897003173828125,-231.30909085273743,0.00102996826171875,1,0.00102996826171875
0,-0.4971580505371094,-231.80624890327454,0.001811981201171875,0,0.002841949462890625
0,-0.49900317192077637,-232.3052520751953,-0.0018451213836669922,1,0.0009968280792236328
0,-0.4980039596557617,-232.80325603485107,0.0009992122650146484,0,0.0019960403442382812
0,-0.5,-233.30325603485107,-0.0019960403442382812,0,0.0
0,-0.5,-233.80325603485107,0.0,0,0.0
0,-0.5,-234.30325603485107,0.0,1,0.0
0,-0.5,-234.80325603485107,0.0,0,0.0
0,-0.5,-235.30325603485107,0.0,1,0.0
0,-0.49793243408203125,-235.8011884689331,0.00206756591796875,0,0.00206756591796875
0,-0.5,-236.3011884689331,-0.00206756591796875,0,0.0
0,-0.5,-236.8011884689331,0.0,0,0.0
0,-0.49898362159729004,-237.3001720905304,0.001016378402709961,1,0.001016378402709961
0,-0.4979829788208008,-237.7981550693512,0.0010006427764892578,0,0.0020170211791992188
0,-0.5,-238.2981550693512,-0.0020170211791992188,1,0.0
0,-0.5,-238.7981550693512,0.0,0,0.0
0,-0.49917054176330566,-239.2973256111145,0.0008294582366943359,0,0.0008294582366943359
0,-0.5,-239.7973256111145,-0.0008294582366943359,0,0.0
0,-0.5,-240.2973256111145,0.0,1,0.0
0,-0.49500322341918945,-240.7923288345337,0.004996776580810547,0,0.004996776580810547
0,-0.5,-241.2923288345337,-0.004996776580810547,0,0.0
0,-0.49900174140930176,-241.791330575943,0.0009982585906982422,0,0.0009982585906982422
0,-0.4989042282104492,-242.29023480415344,9.751319885253906e-05,0,0.0010957717895507812
0,-0.5,-242.79023480415344,-0.0010957717895507812,0,0.0
0,-0.4989895820617676,-243.2892243862152,0.0010104179382324219,1,0.0010104179382324219
0,-0.49801087379455566,-243.78723526000977,0.000978708267211914,0,0.001989126205444336
0,-0.5,-244.28723526000977,-0.001989126205444336,1,0.0
0,-0.5,-244.78723526000977,0.0,0,0.0
0,-0.5,-245.28723526000977,0.0,0,0.0
0,-0.4989964962005615,-245.78623175621033,0.0010035037994384766,0,0.0010035037994384766
0,-0.4989750385284424,-246.28520679473877,2.1457672119140625e-05,1,0.0010249614715576172
0,-0.49895811080932617,-246.7841649055481,1.6927719116210938e-05,0,0.0010418891906738281
0,-0.5,-247.2841649055481,-0.0010418891906738281,0,0.0
0,-0.49845409393310547,-247.7826189994812,0.0015459060668945312,0,0.0015459060668945312
0,-0.5,-248.2826189994812,-0.0015459060668945312,0,0.0
0,-0.4979538917541504,-248.78057289123535,0.0020461082458496094,0,0.0020461082458496094
0,-0.5,-249.28057289123535,-0.0020461082458496094,1,0.0
0,-0.5,-249.78057289123535,0.0,0,0.0
0,-0.5,-250.28057289123535,0.0,1,0.0
0,-0.49900150299072266,-250.77957439422607,0.0009984970092773438,0,0.0009984970092773438
0,-0.5,-251.27957439422607,-0.0009984970092773438,1,0.0
0,-0.5,-251.77957439422607,0.0,0,0.0
0,-0.5,-252.27957439422607,0.0,1,0.0
0,-0.5,-252.77957439422607,0.0,0,0.0
0,-0.5,-253.27957439422607,0.0,1,0.0
0,-0.49799633026123047,-253.7775707244873,0.0020036697387695312,0,0.0020036697387695312
0,-0.4992713928222656,-254.27684211730957,-0.0012750625610351562,1,0.000728607177734375
0,-0.5,-254.77684211730957,-0.000728607177734375,0,0.0
0,-0.49896240234375,-255.27580451965332,0.00103759765625,1,0.00103759765625
0,-0.49801087379455566,-255.77381539344788,0.0009515285491943359,0,0.001989126205444336
0,-0.498960018157959,-256.27277541160583,-0.0009491443634033203,1,0.0010399818420410156
0,-0.49790048599243164,-256.77067589759827,0.0010595321655273438,0,0.0020995140075683594
0,-0.5,-257.27067589759827,-0.0020995140075683594,1,0.0
0,-0.5,-257.77067589759827,0.0,0,0.0
0,-0.4989955425262451,-258.2696714401245,0.0010044574737548828,1,0.0010044574737548828
0,-0.4979991912841797,-258.7676706314087,0.0009963512420654297,0,0.0020008087158203125
0,-0.5,-259.2676706314087,-0.0020008087158203125,0,0.0
0,-0.4990060329437256,-259.7666766643524,0.000993967056274414,0,0.000993967056274414
0,-0.5,-260.2666766643524,-0.000993967056274414,1,0.0
0,-0.49892449378967285,-260.7656011581421,0.0010755062103271484,0,0.0010755062103271484
0,-0.4979996681213379,-261.2636008262634,0.0009248256683349609,0,0.0020003318786621094
0,-0.4989492893218994,-261.7625501155853,-0.0009496212005615234,0,0.001050710678100586
0,-0.5,-262.2625501155853,-0.001050710678100586,1,0.0
0,-0.49906468391418457,-262.7616147994995,0.0009353160858154297,0,0.0009353160858154297
0,-0.49961352348327637,-263.2612283229828,-0.0005488395690917969,1,0.0003864765167236328
0,-0.4998345375061035,-263.7610628604889,-0.00022101402282714844,0,0.00016546249389648438
0,-0.49898362159729004,-264.2600464820862,0.0008509159088134766,1,0.001016378402709961
0,-0.4980044364929199,-264.7580509185791,0.0009791851043701172,0,0.001995563507080078
0,-0.5,-265.2580509185791,-0.001995563507080078,1,0.0
0,-0.5,-265.7580509185791,0.0,0,0.0
0,-0.5,-266.2580509185791,0.0,1,0.0
0,-0.5,-266.7580509185791,0.0,0,0.0
0,-0.5,-267.2580509185791,0.0,1,0.0
0,-0.4994523525238037,-267.7575032711029,0.0005476474761962891,0,0.0005476474761962891
0,-0.5,-268.2575032711029,-0.0005476474761962891,1,0.0
0,-0.5,-268.7575032711029,0.0,0,0.0
0,-0.5,-269.2575032711029,0.0,1,0.0
0,-0.49699997901916504,-269.75450325012207,0.003000020980834961,0,0.003000020980834961
0,-0.4990549087524414,-270.2535581588745,-0.002054929733276367,0,0.0009450912475585938
0,-0.5,-270.7535581588745,-0.0009450912475585938,0,0.0
0,-0.5,-271.2535581588745,0.0,1,0.0
0,-0.5,-271.7535581588745,0.0,0,0.0
0,-0.5,-272.2535581588745,0.0,0,0.0
0,-0.5,-272.7535581588745,0.0,0,0.0
0,-0.5,-273.2535581588745,0.0,0,0.0
0,-0.49801111221313477,-273.75156927108765,0.0019888877868652344,0,0.0019888877868652344
0,-0.49978208541870117,-274.25135135650635,-0.0017709732055664062,1,0.00021791458129882812
0,-0.49939441680908203,-274.75074577331543,0.0003876686096191406,0,0.0006055831909179688
0,-0.49948811531066895,-275.2502338886261,-9.369850158691406e-05,0,0.0005118846893310547
0,-0.5,-275.7502338886261,-0.0005118846893310547,0,0.0
0,-0.49898862838745117,-276.24922251701355,0.0010113716125488281,1,0.0010113716125488281
0,-0.4969971179962158,-276.74621963500977,0.0019915103912353516,0,0.0030028820037841797
0,-0.5,-277.24621963500977,-0.0030028820037841797,0,0.0
0,-0.5,-277.74621963500977,0.0,0,0.0
0,-0.5,-278.24621963500977,0.0,1,0.0
0,-0.49900364875793457,-278.7452232837677,0.0009963512420654297,0,0.0009963512420654297
0,-0.499500036239624,-279.2447233200073,-0.0004963874816894531,0,0.0004999637603759766
0,-0.5,-279.7447233200073,-0.0004999637603759766,0,0.0
0,-0.5,-280.2447233200073,0.0,0,0.0
0,-0.49347496032714844,-280.7381982803345,0.0065250396728515625,0,0.0065250396728515625
0,-0.49948954582214355,-281.2376878261566,-0.006014585494995117,1,0.0005104541778564453
0,-0.49851560592651367,-281.73620343208313,0.0009739398956298828,0,0.0014843940734863281
0,-0.5,-282.23620343208313,-0.0014843940734863281,1,0.0
0,-0.497434139251709,-282.73363757133484,0.0025658607482910156,0,0.0025658607482910156
0,-0.5,-283.23363757133484,-0.0025658607482910156,1,0.0
0,-0.5,-283.73363757133484,0.0,0,0.0
0,-0.5,-284.23363757133484,0.0,1,0.0
0,-0.5,-284.73363757133484,0.0,0,0.0
0,-0.5,-285.23363757133484,0.0,1,0.0
0,-0.49900293350219727,-285.73264050483704,0.0009970664978027344,0,0.0009970664978027344
0,-0.49950337409973145,-286.23214387893677,-0.0005004405975341797,0,0.0004966259002685547
0,-0.5,-286.73214387893677,-0.0004966259002685547,0,0.0
0,-0.4989314079284668,-287.23107528686523,0.0010685920715332031,0,0.0010685920715332031
0,-0.4979422092437744,-287.729017496109,0.0009891986846923828,0,0.002057790756225586
0,-0.4988999366760254,-288.22791743278503,-0.0009577274322509766,1,0.0011000633239746094
0,-0.49802517890930176,-288.72594261169434,0.0008747577667236328,0,0.001974821090698242
0,-0.5,-289.22594261169434,-0.001974821090698242,1,0.0
0,-0.5,-289.72594261169434,0.0,0,0.0
0,-0.5,-290.22594261169434,0.0,0,0.0
0,-0.5,-290.72594261169434,0.0,0,0.0
0,-0.5,-291.22594261169434,0.0,1,0.0
0,-0.49900341033935547,-291.7249460220337,0.0009965896606445312,0,0.0009965896606445312
0,-0.5,-292.2249460220337,-0.0009965896606445312,1,0.0
0,-0.4990048408508301,-292.7239508628845,0.0009951591491699219,0,0.0009951591491699219
0,-0.5,-293.2239508628845,-0.0009951591491699219,0,0.0
0,-0.5,-293.7239508628845,0.0,0,0.0
0,-0.5,-294.2239508628845,0.0,0,0.0
0,-0.4992079734802246,-294.72315883636475,0.0007920265197753906,0,0.0007920265197753906
0,-0.5,-295.22315883636475,-0.0007920265197753906,0,0.0
0,-0.5,-295.72315883636475,0.0,0,0.0
0,-0.49901247024536133,-296.2221713066101,0.0009875297546386719,0,0.0009875297546386719
0,-0.4989168643951416,-296.72108817100525,9.560585021972656e-05,0,0.0010831356048583984
0,-0.5,-297.22108817100525,-0.0010831356048583984,1,0.0
0,-0.5,-297.72108817100525,0.0,0,0.0
0,-0.5,-298.22108817100525,0.0,1,0.0
0,-0.4989931583404541,-298.7200813293457,0.0010068416595458984,0,0.0010068416595458984
0,-0.5,-299.2200813293457,-0.0010068416595458984,0,0.0
0,-0.5,-299.7200813293457,0.0,0,0.0
0,-0.4986381530761719,-300.2187194824219,0.001361846923828125,0,0.001361846923828125
0,-0.49899935722351074,-300.7177188396454,-0.0003612041473388672,0,0.0010006427764892578
0,-0.5,-301.2177188396454,-0.0010006427764892578,0,0.0
0,-0.4979972839355469,-301.71571612358093,0.002002716064453125,0,0.002002716064453125
0,-0.5,-302.21571612358093,-0.002002716064453125,1,0.0
0,-0.4980030059814453,-302.7137191295624,0.0019969940185546875,0,0.0019969940185546875
0,-0.5,-303.2137191295624,-0.0019969940185546875,1,0.0
0,-0.5,-303.7137191295624,0.0,0,0.0
0,-0.49942970275878906,-304.21314883232117,0.0005702972412109375,1,0.0005702972412109375
0,-0.49894165992736816,-304.71209049224854,0.00048804283142089844,0,0.001058340072631836
0,-0.49900102615356445,-305.2110915184021,-5.936622619628906e-05,0,0.0009989738464355469
0,-0.4989492893218994,-305.710040807724,5.173683166503906e-05,0,0.001050710678100586
0,-0.49895524978637695,-306.2089960575104,-5.9604644775390625e-06,1,0.0010447502136230469
0,-0.49800944328308105,-306.70700550079346,0.0009458065032958984,0,0.0019905567169189453
0,-0.49895501136779785,-307.20596051216125,-0.0009455680847167969,1,0.0010449886322021484
0,-0.49794936180114746,-307.7039098739624,0.0010056495666503906,0,0.002050638198852539
0,-0.5,-308.2039098739624,-0.002050638198852539,0,0.0
0,-0.5,-308.7039098739624,0.0,0,0.0
0,-0.5,-309.2039098739624,0.0,0,0.0
0,-0.49898672103881836,-309.7028965950012,0.0010132789611816406,0,0.0010132789611816406
0,-0.49890995025634766,-310.20180654525757,7.677078247070312e-05,1,0.0010900497436523438
0,-0.499004602432251,-310.7008111476898,-9.465217590332031e-05,0,0.0009953975677490234
0,-0.5,-311.2008111476898,-0.0009953975677490234,0,0.0
0,-0.49803781509399414,-311.6988489627838,0.0019621849060058594,0,0.0019621849060058594
0,-0.5,-312.1988489627838,-0.0019621849060058594,0,0.0
0,-0.4990427494049072,-312.6978917121887,0.0009572505950927734,0,0.0009572505950927734
0,-0.49933791160583496,-313.19722962379456,-0.0002951622009277344,0,0.0006620883941650391
0,-0.5,-313.69722962379456,-0.0006620883941650391,0,0.0
0,-0.5,-314.19722962379456,0.0,0,0.0
0,-0.4989778995513916,-314.69620752334595,0.0010221004486083984,0,0.0010221004486083984
0,-0.5,-315.19620752334595,-0.0010221004486083984,0,0.0
0,-0.5,-315.69620752334595,0.0,0,0.0
0,-0.5,-316.19620752334595,0.0,1,0.0
0,-0.5,-316.69620752334595,0.0,0,0.0
0,-0.4989917278289795,-317.1951992511749,0.0010082721710205078,0,0.0010082721710205078
0,-0.5,-317.6951992511749,-0.0010082721710205078,0,0.0
0,-0.4990520477294922,-318.1942512989044,0.0009479522705078125,0,0.0009479522705078125
0,-0.49900317192077637,-318.6932544708252,4.887580871582031e-05,0,0.0009968280792236328
0,-0.5,-319.1932544708252,-0.0009968280792236328,1,0.0
0,-0.5,-319.6932544708252,0.0,0,0.0
0,-0.4989137649536133,-320.1921682357788,0.0010862350463867188,0,0.0010862350463867188
0,-0.5,-320.6921682357788,-0.0010862350463867188,0,0.0
0,-0.5,-321.1921682357788,0.0,1,0.0
0,-0.5,-321.6921682357788,0.0,0,0.0
0,-0.5,-322.1921682357788,0.0,1,0.0
0,-0.4992225170135498,-322.69139075279236,0.0007774829864501953,0,0.0007774829864501953
0,-0.4994850158691406,-323.1908757686615,-0.0002624988555908203,0,0.000514984130859375
0,-0.49900078773498535,-323.6898765563965,0.00048422813415527344,0,0.0009992122650146484
0,-0.5,-324.1898765563965,-0.0009992122650146484,0,0.0
0,-0.49800729751586914,-324.68788385391235,0.0019927024841308594,0,0.0019927024841308594
0,-0.5,-325.18788385391235,-0.0019927024841308594,1,0.0
0,-0.4979989528656006,-325.68588280677795,0.002001047134399414,0,0.002001047134399414
0,-0.4994790554046631,-326.1853618621826,-0.0014801025390625,0,0.0005209445953369141
0,-0.4989964962005615,-326.6843583583832,0.0004825592041015625,0,0.0010035037994384766
0,-0.5,-327.1843583583832,-0.0010035037994384766,0,0.0
0,-0.5,-327.6843583583832,0.0,0,0.0
0,-0.4989054203033447,-328.1832637786865,0.0010945796966552734,1,0.0010945796966552734
0,-0.49639892578125,-328.6796627044678,0.0025064945220947266,0,0.00360107421875
0,-0.5,-329.1796627044678,-0.00360107421875,0,0.0
0,-0.5,-329.6796627044678,0.0,0,0.0
0,-0.5,-330.1796627044678,0.0,1,0.0
0,-0.5,-330.6796627044678,0.0,0,0.0
0,-0.5,-331.1796627044678,0.0,1,0.0
0,-0.5,-331.6796627044678,0.0,0,0.0
0,-0.4989936351776123,-332.1786563396454,0.0010063648223876953,0,0.0010063648223876953
0,-0.4990401268005371,-332.6776964664459,-4.649162292480469e-05,0,0.0009598731994628906
0,-0.5,-333.1776964664459,-0.0009598731994628906,1,0.0
0,-0.5,-333.6776964664459,0.0,0,0.0
0,-0.5,-334.1776964664459,0.0,0,0.0
0,-0.5,-334.6776964664459,0.0,0,0.0
0,-0.5,-335.1776964664459,0.0,0,0.0
0,-0.5,-335.6776964664459,0.0,0,0.0
0,-0.5,-336.1776964664459,0.0,1,0.0
0,-0.49857068061828613,-336.6762671470642,0.0014293193817138672,0,0.0014293193817138672
0,-0.49900197982788086,-337.1752691268921,-0.00043129920959472656,0,0.0009980201721191406
0,-0.49800586700439453,-337.6732749938965,0.0009961128234863281,0,0.0019941329956054688
0,-0.4996631145477295,-338.1729381084442,-0.001657247543334961,0,0.0003368854522705078
0,-0.5,-338.6729381084442,-0.0003368854522705078,0,0.0
0,-0.4989166259765625,-339.1718547344208,0.0010833740234375,0,0.0010833740234375
0,-0.4978609085083008,-339.6697156429291,0.0010557174682617188,0,0.0021390914916992188
0,-0.5,-340.1697156429291,-0.0021390914916992188,1,0.0
0,-0.5,-340.6697156429291,0.0,0,0.0
0,-0.5,-341.1697156429291,0.0,0,0.0
0,-0.5,-341.6697156429291,0.0,0,0.0
0,-0.5,-342.1697156429291,0.0,0,0.0
0,-0.4990110397338867,-342.66872668266296,0.0009889602661132812,0,0.0009889602661132812
0,-0.5,-343.16872668266296,-0.0009889602661132812,1,0.0
0,-0.49900054931640625,-343.66772723197937,0.00099945068359375,0,0.00099945068359375
0,-0.5,-344.16772723197937,-0.00099945068359375,0,0.0
0,-0.4989333152770996,-344.66666054725647,0.0010666847229003906,0,0.0010666847229003906
0,-0.49926042556762695,-345.1659209728241,-0.00032711029052734375,1,0.0007395744323730469
0,-0.49865221977233887,-345.66457319259644,0.0006082057952880859,0,0.0013477802276611328
0,-0.49896764755249023,-346.1635408401489,-0.0003154277801513672,1,0.0010323524475097656
0,-0.4980137348175049,-346.66155457496643,0.0009539127349853516,0,0.001986265182495117
0,-0.5,-347.16155457496643,-0.001986265182495117,0,0.0
0,-0.4990060329437256,-347.66056060791016,0.000993967056274414,0,0.000993967056274414
0,-0.5,-348.16056060791016,-0.000993967056274414,1,0.0
0,-0.49803924560546875,-348.6585998535156,0.00196075439453125,0,0.00196075439453125
0,-0.5,-349.1585998535156,-0.00196075439453125,0,0.0
0,-0.5,-349.6585998535156,0.0,0,0.0
0,-0.49973225593566895,-350.1583321094513,0.0002677440643310547,1,0.0002677440643310547
0,-0.49921250343322754,-350.6575446128845,0.0005197525024414062,0,0.0007874965667724609
0,-0.49982643127441406,-351.15737104415894,-0.0006139278411865234,0,0.0001735687255859375
0,-0.4994969367980957,-351.65686798095703,0.0003294944763183594,0,0.0005030632019042969
0,-0.5,-352.15686798095703,-0.0005030632019042969,1,0.0
0,-0.49900341033935547,-352.6558713912964,0.0009965896606445312,0,0.0009965896606445312
0,-0.4994802474975586,-353.15535163879395,-0.000476837158203125,0,0.0005197525024414062
0,-0.4984147548675537,-353.6537663936615,0.0010654926300048828,0,0.001585245132446289
0,-0.5,-354.1537663936615,-0.001585245132446289,1,0.0
0,-0.5,-354.6537663936615,0.0,0,0.0
0,-0.5,-355.1537663936615,0.0,1,0.0
0,-0.5,-355.6537663936615,0.0,0,0.0
0,-0.5,-356.1537663936615,0.0,0,0.0
0,-0.5,-356.6537663936615,0.0,0,0.0
0,-0.5,-357.1537663936615,0.0,1,0.0
0,-0.5,-357.6537663936615,0.0,0,0.0
0,-0.5,-358.1537663936615,0.0,0,0.0
0,-0.5,-358.6537663936615,0.0,0,0.0
0,-0.5,-359.1537663936615,0.0,1,0.0
0,-0.5,-359.6537663936615,0.0,0,0.0
0,-0.49810075759887695,-360.1518671512604,0.0018992424011230469,0,0.0018992424011230469
0,-0.4984591007232666,-360.65032625198364,-0.00035834312438964844,0,0.0015408992767333984
0,-0.4989893436431885,-361.14931559562683,-0.000530242919921875,1,0.0010106563568115234
0,-0.49801063537597656,-361.6473262310028,0.000978708267211914,0,0.0019893646240234375
0,-0.5,-362.1473262310028,-0.0019893646240234375,1,0.0
0,-0.5,-362.6473262310028,0.0,0,0.0
0,-0.5,-363.1473262310028,0.0,0,0.0
0,-0.4978914260864258,-363.64521765708923,0.0021085739135742188,0,0.0021085739135742188
0,-0.49898195266723633,-364.14419960975647,-0.0010905265808105469,1,0.0010180473327636719
0,-0.4979860782623291,-364.6421856880188,0.0009958744049072266,0,0.0020139217376708984
0,-0.5,-365.1421856880188,-0.0020139217376708984,1,0.0
0,-0.49900269508361816,-365.6411883831024,0.000997304916381836,0,0.000997304916381836
0,-0.5,-366.1411883831024,-0.000997304916381836,0,0.0
0,-0.5,-366.6411883831024,0.0,0,0.0
0,-0.5,-367.1411883831024,0.0,0,0.0
0,-0.4990057945251465,-367.64019417762756,0.0009942054748535156,0,0.0009942054748535156
0,-0.5,-368.14019417762756,-0.0009942054748535156,1,0.0
0,-0.49900245666503906,-368.6391966342926,0.0009975433349609375,0,0.0009975433349609375
0,-0.5,-369.1391966342926,-0.0009975433349609375,1,0.0
0,-0.4990062713623047,-369.6382029056549,0.0009937286376953125,0,0.0009937286376953125
0,-0.5,-370.1382029056549,-0.0009937286376953125,1,0.0
0,-0.49900341033935547,-370.63720631599426,0.0009965896606445312,0,0.0009965896606445312
0,-0.5,-371.13720631599426,-0.0009965896606445312,1,0.0
0,-0.5,-371.63720631599426,0.0,0,0.0
0,-0.5,-372.13720631599426,0.0,1,0.0
0,-0.49900078773498535,-372.63620710372925,0.0009992122650146484,0,0.0009992122650146484
0,-0.5,-373.13620710372925,-0.0009992122650146484,1,0.0
0,-0.4990048408508301,-373.6352119445801,0.0009951591491699219,0,0.0009951591491699219
0,-0.4994680881500244,-374.1346800327301,-0.00046324729919433594,1,0.0005319118499755859
0,-0.5,-374.6346800327301,-0.0005319118499755859,0,0.0
0,-0.5,-375.1346800327301,0.0,1,0.0
0,-0.5,-375.6346800327301,0.0,0,0.0
0,-0.5,-376.1346800327301,0.0,1,0.0
0,-0.4990060329437256,-376.6336860656738,0.000993967056274414,0,0.000993967056274414
0,-0.5,-377.1336860656738,-0.000993967056274414,1,0.0
0,-0.5,-377.6336860656738,0.0,0,0.0
0,-0.5,-378.1336860656738,0.0,1,0.0
0,-0.4989941120147705,-378.6326801776886,0.0010058879852294922,0,0.0010058879852294922
0,-0.4990651607513428,-379.13174533843994,-7.104873657226562e-05,1,0.0009348392486572266
0,-0.4964611530303955,-379.62820649147034,0.0026040077209472656,0,0.003538846969604492
0,-0.5,-380.12820649147034,-0.003538846969604492,1,0.0
0,-0.49512219429016113,-380.6233286857605,0.004877805709838867,0,0.004877805709838867
0,-0.4989769458770752,-381.1223056316376,-0.0038547515869140625,1,0.0010230541229248047
0,-0.49793362617492676,-381.6202392578125,0.0010433197021484375,0,0.002066373825073242
0,-0.4994378089904785,-382.119677066803,-0.0015041828155517578,1,0.0005621910095214844
0,-0.49799656867980957,-382.6176736354828,0.0014412403106689453,0,0.0020034313201904297
0,-0.5,-383.1176736354828,-0.0020034313201904297,1,0.0
0,-0.49773454666137695,-383.61540818214417,0.002265453338623047,0,0.002265453338623047
0,-0.5,-384.11540818214417,-0.002265453338623047,1,0.0
0,-0.49799466133117676,-384.61340284347534,0.002005338668823242,0,0.002005338668823242
0,-0.5,-385.11340284347534,-0.002005338668823242,1,0.0
0,-0.5,-385.61340284347534,0.0,0,0.0
0,-0.4987220764160156,-386.11212491989136,0.001277923583984375,1,0.001277923583984375
0,-0.49801087379455566,-386.6101357936859,0.0007112026214599609,0,0.001989126205444336
0,-0.5,-387.1101357936859,-0.001989126205444336,1,0.0
0,-0.499497652053833,-387.60963344573975,0.0005023479461669922,0,0.0005023479461669922
0,-0.49951910972595215,-388.1091525554657,-2.1457672119140625e-05,1,0.00048089027404785156
0,-0.5,-388.6091525554657,-0.00048089027404785156,0,0.0
0,-0.5,-389.1091525554657,0.0,1,0.0
0,-0.4990108013153076,-389.608163356781,0.0009891986846923828,0,0.0009891986846923828
0,-0.49967050552368164,-390.1078338623047,-0.0006597042083740234,1,0.0003294944763183594
0,-0.5,-390.6078338623047,-0.0003294944763183594,0,0.0
0,-0.5,-391.1078338623047,0.0,1,0.0
0,-0.4990520477294922,-391.6068859100342,0.0009479522705078125,0,0.0009479522705078125
0,-0.5,-392.1068859100342,-0.0009479522705078125,1,0.0
0,-0.4974656105041504,-392.60435152053833,0.0025343894958496094,0,0.0025343894958496094
0,-0.5,-393.10435152053833,-0.0025343894958496094,1,0.0
0,-0.5,-393.60435152053833,0.0,0,0.0
0,-0.5,-394.10435152053833,0.0,1,0.0
0,-0.5,-394.60435152053833,0.0,0,0.0
0,-0.5,-395.10435152053833,0.0,1,0.0
0,-0.5,-395.60435152053833,0.0,0,0.0
0,-0.5,-396.10435152053833,0.0,0,0.0
0,-0.49880170822143555,-396.60315322875977,0.0011982917785644531,0,0.0011982917785644531
0,-0.5,-397.10315322875977,-0.0011982917785644531,1,0.0
0,-0.5,-397.60315322875977,0.0,0,0.0
0,-0.5,-398.10315322875977,0.0,1,0.0
0,-0.5,-398.60315322875977,0.0,0,0.0
0,-0.5,-399.10315322875977,0.0,0,0.0
0,-0.49892497062683105,-399.6020781993866,0.0010750293731689453,0,0.0010750293731689453
0,-0.5,-400.1020781993866,-0.0010750293731689453,1,0.0
0,-0.5,-400.6020781993866,0.0,0,0.0
0,-0.5,-401.1020781993866,0.0,1,0.0
0,-0.5,-401.6020781993866,0.0,0,0.0
0,-0.5,-402.1020781993866,0.0,1,0.0
0,-0.4980006217956543,-402.60007882118225,0.001999378204345703,0,0.001999378204345703
0,-0.5,-403.10007882118225,-0.001999378204345703,0,0.0
0,-0.5,-403.60007882118225,0.0,0,0.0
0,-0.49900197982788086,-404.09908080101013,0.0009980201721191406,0,0.0009980201721191406
0,-0.49985504150390625,-404.59893584251404,-0.0008530616760253906,1,0.00014495849609375
0,-0.5,-405.09893584251404,-0.00014495849609375,0,0.0
0,-0.49899840354919434,-405.59793424606323,0.001001596450805664,0,0.001001596450805664
0,-0.5,-406.09793424606323,-0.001001596450805664,1,0.0
0,-0.5,-406.59793424606323,0.0,0,0.0
0,-0.4996490478515625,-407.0975832939148,0.0003509521484375,0,0.0003509521484375
0,-0.49910640716552734,-407.5966897010803,0.0005426406860351562,0,0.0008935928344726562
0,-0.5,-408.0966897010803,-0.0008935928344726562,1,0.0
0,-0.5,-408.5966897010803,0.0,0,0.0
0,-0.5,-409.0966897010803,0.0,1,0.0
0,-0.5,-409.5966897010803,0.0,0,0.0
0,-0.5,-410.0966897010803,0.0,1,0.0
0,-0.499006986618042,-410.59569668769836,0.0009930133819580078,0,0.0009930133819580078
0,-0.49895381927490234,-411.09465050697327,5.316734313964844e-05,0,0.0010461807250976562
0,-0.49750828742980957,-411.5921587944031,0.0014455318450927734,0,0.0024917125701904297
0,-0.5,-412.0921587944031,-0.0024917125701904297,0,0.0
0,-0.49799656867980957,-412.5901553630829,0.0020034313201904297,0,0.0020034313201904297
0,-0.5,-413.0901553630829,-0.0020034313201904297,1,0.0
0,-0.498992919921875,-413.58914828300476,0.001007080078125,0,0.001007080078125
0,-0.5,-414.08914828300476,-0.001007080078125,0,0.0
0,-0.4974818229675293,-414.5866301059723,0.002518177032470703,0,0.002518177032470703
0,-0.5,-415.0866301059723,-0.002518177032470703,1,0.0
0,-0.49900388717651367,-415.5856339931488,0.0009961128234863281,0,0.0009961128234863281
0,-0.4989442825317383,-416.08457827568054,5.9604644775390625e-05,1,0.0010557174682617188
0,-0.4971628189086914,-416.58174109458923,0.001781463623046875,0,0.0028371810913085938
0,-0.5,-417.08174109458923,-0.0028371810913085938,1,0.0
0,-0.5,-417.58174109458923,0.0,0,0.0
0,-0.5,-418.08174109458923,0.0,0,0.0
0,-0.49899744987487793,-418.5807385444641,0.0010025501251220703,0,0.0010025501251220703
0,-0.5,-419.0807385444641,-0.0010025501251220703,1,0.0
0,-0.4978914260864258,-419.57862997055054,0.0021085739135742188,0,0.0021085739135742188
0,-0.5,-420.07862997055054,-0.0021085739135742188,1,0.0
0,-0.5,-420.57862997055054,0.0,0,0.0
0,-0.5,-421.07862997055054,0.0,1,0.0
0,-0.49900317192077637,-421.5776331424713,0.0009968280792236328,0,0.0009968280792236328
0,-0.5,-422.0776331424713,-0.0009968280792236328,0,0.0
0,-0.5,-422.5776331424713,0.0,0,0.0
0,-0.5,-423.0776331424713,0.0,1,0.0
0,-0.49779462814331055,-423.5754277706146,0.002205371856689453,0,0.002205371856689453
0,-0.5,-424.0754277706146,-0.002205371856689453,1,0.0
0,-0.5,-424.5754277706146,0.0,0,0.0
0,-0.5,-425.0754277706146,0.0,1,0.0
0,-0.5,-425.5754277706146,0.0,0,0.0
0,-0.49896931648254395,-426.07439708709717,0.0010306835174560547,1,0.0010306835174560547
0,-0.4974339008331299,-426.5718309879303,0.0015354156494140625,0,0.002566099166870117
0,-0.4993100166320801,-427.0711410045624,-0.0018761157989501953,0,0.0006899833679199219
0,-0.49788856506347656,-427.56902956962585,0.0014214515686035156,0,0.0021114349365234375
0,-0.5,-428.06902956962585,-0.0021114349365234375,0,0.0
0,-0.4990062713623047,-428.56803584098816,0.0009937286376953125,0,0.0009937286376953125
0,-0.5,-429.06803584098816,-0.0009937286376953125,1,0.0
0,-0.4970073699951172,-429.5650432109833,0.0029926300048828125,0,0.0029926300048828125
0,-0.49895167350769043,-430.06399488449097,-0.0019443035125732422,1,0.0010483264923095703
0,-0.4979250431060791,-430.56191992759705,0.0010266304016113281,0,0.0020749568939208984
0,-0.5,-431.06191992759705,-0.0020749568939208984,0,0.0
0,-0.5,-431.56191992759705,0.0,0,0.0
0,-0.5,-432.06191992759705,0.0,0,0.0
0,-0.5,-432.56191992759705,0.0,0,0.0
0,-0.4979276657104492,-433.0598475933075,0.0020723342895507812,2,0.0020723342895507812
0,-0.4937155246734619,-433.55356311798096,0.004212141036987305,2,0.006284475326538086
0,-0.48867321014404297,-434.042236328125,0.005042314529418945,1,0.011326789855957031
0,-0.4848182201385498,-434.52705454826355,0.003854990005493164,0,0.015181779861450195
0,-0.5,-435.02705454826355,-0.015181779861450195,1,0.0
0,-0.5,-435.52705454826355,0.0,0,0.0
0,-0.49899911880493164,-436.0260536670685,0.0010008811950683594,0,0.0010008811950683594
0,-0.5,-436.5260536670685,-0.0010008811950683594,0,0.0
0,-0.5,-437.0260536670685,0.0,1,0.0
0,-0.49900293350219727,-437.5250566005707,0.0009970664978027344,0,0.0009970664978027344
0,-0.5,-438.0250566005707,-0.0009970664978027344,1,0.0
0,-0.49796390533447266,-438.52302050590515,0.0020360946655273438,0,0.0020360946655273438
0,-0.5,-439.02302050590515,-0.0020360946655273438,1,0.0
0,-0.5,-439.52302050590515,0.0,0,0.0
0,-0.5,-440.02302050590515,0.0,1,0.0
0,-0.49900007247924805,-440.5220205783844,0.0009999275207519531,0,0.0009999275207519531
0,-0.5,-441.0220205783844,-0.0009999275207519531,1,0.0
0,-0.4989149570465088,-441.5209355354309,0.001085042953491211,0,0.001085042953491211
0,-0.49806880950927734,-442.0190043449402,0.0008461475372314453,0,0.0019311904907226562
0,-0.497969388961792,-442.516973733902,9.942054748535156e-05,0,0.002030611038208008
0,-0.5,-443.016973733902,-0.002030611038208008,0,0.0
0,-0.4990537166595459,-443.5160274505615,0.0009462833404541016,0,0.0009462833404541016
0,-0.5,-444.0160274505615,-0.0009462833404541016,0,0.0
0,-0.5,-444.5160274505615,0.0,0,0.0
0,-0.5,-445.0160274505615,0.0,1,0.0
0,-0.4985697269439697,-445.5145971775055,0.0014302730560302734,0,0.0014302730560302734
0,-0.5,-446.0145971775055,-0.0014302730560302734,0,0.0
0,-0.4980037212371826,-446.5126008987427,0.001996278762817383,0,0.001996278762817383
0,-0.5,-447.0126008987427,-0.001996278762817383,1,0.0
0,-0.4990849494934082,-447.5116858482361,0.0009150505065917969,0,0.0009150505065917969
0,-0.49898576736450195,-448.0106716156006,9.918212890625e-05,1,0.0010142326354980469
0,-0.49799489974975586,-448.50866651535034,0.0009908676147460938,0,0.0020051002502441406
0,-0.49893760681152344,-449.00760412216187,-0.0009427070617675781,1,0.0010623931884765625
0,-0.49794602394104004,-449.5055501461029,0.0009915828704833984,0,0.002053976058959961
0,-0.49949002265930176,-450.0050401687622,-0.0015439987182617188,1,0.0005099773406982422
0,-0.49896764755249023,-450.5040078163147,0.0005223751068115234,0,0.0010323524475097656
0,-0.5,-451.0040078163147,-0.0010323524475097656,0,0.0
0,-0.5,-451.5040078163147,0.0,0,0.0
0,-0.5,-452.0040078163147,0.0,1,0.0
0,-0.5,-452.5040078163147,0.0,0,0.0
0,-0.4991493225097656,-453.00315713882446,0.000850677490234375,1,0.000850677490234375
0,-0.49908971786499023,-453.50224685668945,5.9604644775390625e-05,0,0.0009102821350097656
0,-0.49898290634155273,-454.001229763031,0.0001068115234375,1,0.0010170936584472656
0,-0.49800872802734375,-454.49923849105835,0.0009741783142089844,0,0.00199127197265625
0,-0.4996166229248047,-454.99885511398315,-0.0016078948974609375,1,0.0003833770751953125
0,-0.4994511604309082,-455.49830627441406,0.00016546249389648438,0,0.0005488395690917969
0,-0.5,-455.99830627441406,-0.0005488395690917969,1,0.0
0,-0.49867677688598633,-456.49698305130005,0.0013232231140136719,0,0.0013232231140136719
0,-0.4989752769470215,-456.99595832824707,-0.00029850006103515625,1,0.0010247230529785156
0,-0.4980027675628662,-457.49396109580994,0.0009725093841552734,0,0.001997232437133789
0,-0.499004602432251,-457.9929656982422,-0.0010018348693847656,1,0.0009953975677490234
0,-0.49794912338256836,-458.49091482162476,0.0010554790496826172,0,0.0020508766174316406
0,-0.4998342990875244,-458.9907491207123,-0.0018851757049560547,1,0.00016570091247558594
0,-0.4977588653564453,-459.4885079860687,0.0020754337310791016,0,0.0022411346435546875
0,-0.5,-459.9885079860687,-0.0022411346435546875,1,0.0
0,-0.49799537658691406,-460.48650336265564,0.0020046234130859375,0,0.0020046234130859375
0,-0.5,-479.83163833618164,-0.0020046234130859375,0,0.0
0,-0.49900341033935547,-0.49900341033935547,-0.49900341033935547,0,0.0009965896606445312
0,-0.5,-0.9990034103393555,-0.0009965896606445312,0,0.0
0,-0.5,-1.4990034103393555,0.0,0,0.0
0,-0.5,-1.9990034103393555,0.0,0,0.0
0,-0.5,-2.4990034103393555,0.0,0,0.0
0,-0.5,-2.9990034103393555,0.0,0,0.0
0,-0.5,-3.4990034103393555,0.0,1,0.0
0,-0.49949145317077637,-3.998494863510132,0.0005085468292236328,0,0.0005085468292236328
0,-0.5,-4.498494863510132,-0.0005085468292236328,0,0.0
0,-0.5,-4.998494863510132,0.0,0,0.0
0,-0.5,-5.498494863510132,0.0,0,0.0
0,-0.4990689754486084,-5.99756383895874,0.0009310245513916016,0,0.0009310245513916016
0,-0.5,-6.49756383895874,-0.0009310245513916016,0,0.0
0,-0.4979360103607178,-6.995499849319458,0.0020639896392822266,0,0.0020639896392822266
0,-0.5,-7.495499849319458,-0.0020639896392822266,0,0.0
0,-0.4983549118041992,-7.993854761123657,0.0016450881958007812,0,0.0016450881958007812
0,-0.5,-8.493854761123657,-0.0016450881958007812,0,0.0
0,-0.5,-8.993854761123657,0.0,0,0.0
0,-0.5,-9.493854761123657,0.0,1,0.0
0,-0.4929201602935791,-9.986774921417236,0.0070798397064208984,0,0.0070798397064208984
0,-0.5,-10.486774921417236,-0.0070798397064208984,1,0.0
0,-0.49900150299072266,-10.985776424407959,0.0009984970092773438,0,0.0009984970092773438
0,-0.5,-11.485776424407959,-0.0009984970092773438,0,0.0
0,-0.5,-11.985776424407959,0.0,0,0.0
0,-0.4990048408508301,-12.484781265258789,0.0009951591491699219,1,0.0009951591491699219
0,-0.4980490207672119,-12.982830286026001,0.0009558200836181641,0,0.001950979232788086
0,-0.49948930740356445,-13.482319593429565,-0.001440286636352539,1,0.0005106925964355469
0,-0.5,-13.982319593429565,-0.0005106925964355469,0,0.0
0,-0.5,-14.482319593429565,0.0,0,0.0
0,-0.5,-14.982319593429565,0.0,0,0.0
0,-0.5,-15.482319593429565,0.0,1,0.0
0,-0.5,-15.982319593429565,0.0,0,0.0
0,-0.5,-16.482319593429565,0.0,1,0.0
0,-0.498995304107666,-16.98131489753723,0.0010046958923339844,0,0.0010046958923339844
0,-0.5,-17.48131489753723,-0.0010046958923339844,1,0.0
0,-0.4983556270599365,-17.979670524597168,0.0016443729400634766,0,0.0016443729400634766
0,-0.5,-18.479670524597168,-0.0016443729400634766,0,0.0
0,-0.5,-18.979670524597168,0.0,0,0.0
0,-0.5,-19.479670524597168,0.0,0,0.0
0,-0.4979240894317627,-19.97759461402893,0.0020759105682373047,0,0.0020759105682373047
0,-0.5,-20.47759461402893,-0.0020759105682373047,0,0.0
0,-0.5,-20.97759461402893,0.0,0,0.0
0,-0.4989957809448242,-21.476590394973755,0.0010042190551757812,0,0.0010042190551757812
0,-0.49805617332458496,-21.97464656829834,0.0009396076202392578,0,0.001943826675415039
0,-0.4989809989929199,-22.47362756729126,-0.0009248256683349609,1,0.0010190010070800781
0,-0.4970097541809082,-22.970637321472168,0.0019712448120117188,0,0.002990245819091797
0,-0.5,-23.470637321472168,-0.002990245819091797,0,0.0
0,-0.5,-23.970637321472168,0.0,0,0.0
0,-0.4989893436431885,-24.469626665115356,0.0010106563568115234,1,0.0010106563568115234
0,-0.4979977607727051,-24.96762442588806,0.0009915828704833984,0,0.002002239227294922
0,-0.4990057945251465,-25.466630220413208,-0.0010080337524414062,0,0.0009942054748535156
0,-0.49899768829345703,-25.965627908706665,8.106231689453125e-06,0,0.0010023117065429688
0,-0.5,-26.465627908706665,-0.0010023117065429688,1,0.0
0,-0.5,-26.965627908706665,0.0,0,0.0
0,-0.5,-27.465627908706665,0.0,1,0.0
0,-0.4990067481994629,-27.964634656906128,0.0009932518005371094,0,0.0009932518005371094
0,-0.5,-28.464634656906128,-0.0009932518005371094,0,0.0
0,-0.5,-28.964634656906128,0.0,0,0.0
0,-0.4990525245666504,-29.46368718147278,0.0009474754333496094,1,0.0009474754333496094
0,-0.49801063537597656,-29.961697816848755,0.0010418891906738281,0,0.0019893646240234375
0,-0.5,-30.461697816848755,-0.0019893646240234375,1,0.0
0,-0.4981813430786133,-30.959879159927368,0.0018186569213867188,0,0.0018186569213867188
0,-0.5,-31.459879159927368,-0.0018186569213867188,1,0.0
0,-0.4979395866394043,-31.957818746566772,0.002060413360595703,0,0.002060413360595703
0,-0.5,-32.45781874656677,-0.002060413360595703,0,0.0
0,-0.4969820976257324,-32.954800844192505,0.003017902374267578,0,0.003017902374267578
0,-0.5,-33.454800844192505,-0.003017902374267578,1,0.0
0,-0.5,-33.954800844192505,0.0,0,0.0
0,-0.5,-34.454800844192505,0.0,1,0.0
0,-0.49814534187316895,-34.952946186065674,0.0018546581268310547,0,0.0018546581268310547
0,-0.4989895820617676,-35.45193576812744,-0.0008442401885986328,1,0.0010104179382324219
0,-0.49765801429748535,-35.94959378242493,0.0013315677642822266,0,0.0023419857025146484
0,-0.5,-36.44959378242493,-0.0023419857025146484,0,0.0
0,-0.4991147518157959,-36.94870853424072,0.0008852481842041016,0,0.0008852481842041016
0,-0.49904584884643555,-37.44775438308716,6.890296936035156e-05,0,0.0009541511535644531
0,-0.499316930770874,-37.94707131385803,-0.00027108192443847656,0,0.0006830692291259766
0,-0.4993584156036377,-38.44642972946167,-4.1484832763671875e-05,1,0.0006415843963623047
0,-0.4988372325897217,-38.94526696205139,0.0005211830139160156,0,0.0011627674102783203
0,-0.49900007247924805,-39.44426703453064,-0.0001628398895263672,1,0.0009999275207519531
0,-0.4980039596557617,-39.9422709941864,0.0009961128234863281,0,0.0019960403442382812
0,-0.5,-40.4422709941864,-0.0019960403442382812,1,0.0
0,-0.4986286163330078,-40.94089961051941,0.0013713836669921875,0,0.0013713836669921875
0,-0.5,-41.44089961051941,-0.0013713836669921875,1,0.0
0,-0.5,-41.94089961051941,0.0,0,0.0
0,-0.5,-42.44089961051941,0.0,1,0.0
0,-0.5,-42.94089961051941,0.0,0,0.0
0,-0.5,-43.44089961051941,0.0,1,0.0
0,-0.5,-43.94089961051941,0.0,0,0.0
0,-0.5,-44.44089961051941,0.0,0,0.0
0,-0.499497652053833,-44.94039726257324,0.0005023479461669922,0,0.0005023479461669922
0,-0.5,-45.44039726257324,-0.0005023479461669922,1,0.0
0,-0.4990062713623047,-45.93940353393555,0.0009937286376953125,0,0.0009937286376953125
0,-0.5,-46.43940353393555,-0.0009937286376953125,1,0.0
0,-0.5,-46.93940353393555,0.0,0,0.0
0,-0.5,-47.43940353393555,0.0,0,0.0
0,-0.4991457462310791,-47.938549280166626,0.0008542537689208984,0,0.0008542537689208984
0,-0.5,-48.438549280166626,-0.0008542537689208984,1,0.0
0,-0.5,-48.938549280166626,0.0,0,0.0
0,-0.5,-49.438549280166626,0.0,0,0.0
0,-0.5,-49.938549280166626,0.0,0,0.0
0,-0.5,-50.438549280166626,0.0,1,0.0
0,-0.4989891052246094,-50.937538385391235,0.001010894775390625,0,0.001010894775390625
0,-0.5,-51.437538385391235,-0.001010894775390625,0,0.0
0,-0.5,-51.937538385391235,0.0,0,0.0
0,-0.5,-52.437538385391235,0.0,1,0.0
0,-0.5,-52.937538385391235,0.0,0,0.0
0,-0.5,-53.437538385391235,0.0,1,0.0
0,-0.4975893497467041,-53.93512773513794,0.0024106502532958984,0,0.0024106502532958984
0,-0.49898386001586914,-54.43411159515381,-0.001394510269165039,0,0.0010161399841308594
0,-0.4980165958404541,-54.93212819099426,0.0009672641754150391,0,0.0019834041595458984
0,-0.4989914894104004,-55.43111968040466,-0.0009748935699462891,1,0.0010085105895996094
0,-0.49794507026672363,-55.92906475067139,0.0010464191436767578,0,0.002054929733276367
0,-0.5,-56.42906475067139,-0.002054929733276367,1,0.0
0,-0.5,-56.92906475067139,0.0,0,0.0
0,-0.4992499351501465,-57.42831468582153,0.0007500648498535156,1,0.0007500648498535156
0,-0.498244047164917,-57.92655873298645,0.0010058879852294922,0,0.0017559528350830078
0,-0.5,-58.42655873298645,-0.0017559528350830078,1,0.0
0,-0.49900317192077637,-58.92556190490723,0.0009968280792236328,0,0.0009968280792236328
0,-0.5,-59.42556190490723,-0.0009968280792236328,1,0.0
0,-0.4990065097808838,-59.92456841468811,0.000993490219116211,0,0.000993490219116211
0,-0.4995906352996826,-60.42415904998779,-0.0005841255187988281,0,0.0004093647003173828
0,-0.4992804527282715,-60.923439502716064,0.0003101825714111328,0,0.0007195472717285156
0,-0.5,-61.423439502716064,-0.0007195472717285156,0,0.0
0,-0.4980015754699707,-61.921441078186035,0.001998424530029297,0,0.001998424530029297
0,-0.5,-62.421441078186035,-0.001998424530029297,0,0.0
0,-0.5,-62.921441078186035,0.0,0,0.0
0,-0.49949049949645996,-63.420931577682495,0.0005095005035400391,0,0.0005095005035400391
0,-0.49837708473205566,-63.91930866241455,0.0011134147644042969,0,0.001622915267944336
0,-0.5,-64.41930866241455,-0.001622915267944336,0,0.0
0,-0.5,-64.91930866241455,0.0,0,0.0
0,-0.5,-65.41930866241455,0.0,0,0.0
0,-0.49900293350219727,-65.91831159591675,0.0009970664978027344,0,0.0009970664978027344
0,-0.5,-66.41831159591675,-0.0009970664978027344,0,0.0
0,-0.49906396865844727,-66.9173755645752,0.0009360313415527344,0,0.0009360313415527344
0,-0.5,-67.4173755645752,-0.0009360313415527344,0,0.0
0,-0.4988858699798584,-67.91626143455505,0.0011141300201416016,0,0.0011141300201416016
0,-0.49898266792297363,-68.41524410247803,-9.679794311523438e-05,1,0.0010173320770263672
0,-0.49803781509399414,-68.91328191757202,0.0009448528289794922,0,0.0019621849060058594
0,-0.5,-69.41328191757202,-0.0019621849060058594,1,0.0
0,-0.5,-69.91328191757202,0.0,0,0.0
0,-0.4989895820617676,-70.41227149963379,0.0010104179382324219,1,0.0010104179382324219
0,-0.4979982376098633,-70.91026973724365,0.0009913444519042969,0,0.0020017623901367188
0,-0.5,-71.41026973724365,-0.0020017623901367188,1,0.0
0,-0.5,-71.91026973724365,0.0,0,0.0
0,-0.5,-72.41026973724365,0.0,1,0.0
0,-0.49828362464904785,-72.9085533618927,0.0017163753509521484,0,0.0017163753509521484
0,-0.5,-73.4085533618927,-0.0017163753509521484,0,0.0
0,-0.5,-73.9085533618927,0.0,0,0.0
0,-0.49979114532470703,-74.40834450721741,0.00020885467529296875,1,0.00020885467529296875
0,-0.49767613410949707,-74.9060206413269,0.002115011215209961,0,0.0023238658905029297
0,-0.4988992214202881,-75.40491986274719,-0.0012230873107910156,0,0.001100778579711914
0,-0.49797701835632324,-75.90289688110352,0.0009222030639648438,0,0.002022981643676758
0,-0.49939465522766113,-76.40229153633118,-0.0014176368713378906,0,0.0006053447723388672
0,-0.49823665618896484,-76.90052819252014,0.001157999038696289,0,0.0017633438110351562
0,-0.49899888038635254,-77.3995270729065,-0.0007622241973876953,1,0.001001119613647461
0,-0.4978017807006836,-77.89732885360718,0.0011970996856689453,0,0.0021982192993164062
0,-0.499497652053833,-78.39682650566101,-0.001695871353149414,1,0.0005023479461669922
0,-0.4989943504333496,-78.89582085609436,0.0005033016204833984,0,0.0010056495666503906
0,-0.5,-79.39582085609436,-0.0010056495666503906,0,0.0
0,-0.5,-79.89582085609436,0.0,0,0.0
0,-0.4988985061645508,-80.39471936225891,0.0011014938354492188,0,0.0011014938354492188
0,-0.4977850914001465,-80.89250445365906,0.0011134147644042969,0,0.0022149085998535156
0,-0.4985685348510742,-81.39107298851013,-0.0007834434509277344,1,0.0014314651489257812
0,-0.49869561195373535,-81.88976860046387,-0.0001270771026611328,0,0.0013043880462646484
0,-0.4990718364715576,-82.38884043693542,-0.0003762245178222656,0,0.0009281635284423828
0,-0.49840760231018066,-82.8872480392456,0.0006642341613769531,0,0.001592397689819336
0,-0.4988861083984375,-83.38613414764404,-0.00047850608825683594,1,0.0011138916015625
0,-0.4969780445098877,-83.88311219215393,0.0019080638885498047,0,0.0030219554901123047
0,-0.5,-84.38311219215393,-0.0030219554901123047,1,0.0
0,-0.4969940185546875,-84.88010621070862,0.0030059814453125,0,0.0030059814453125
0,-0.4989738464355469,-85.37908005714417,-0.001979827880859375,0,0.001026153564453125
0,-0.49886035919189453,-85.87794041633606,0.00011348724365234375,0,0.0011396408081054688
0,-0.5,-86.37794041633606,-0.0011396408081054688,0,0.0
0,-0.5,-86.87794041633606,0.0,0,0.0
0,-0.4994964599609375,-87.377436876297,0.0005035400390625,0,0.0005035400390625
0,-0.4989907741546631,-87.87642765045166,0.0005056858062744141,0,0.001009225845336914
0,-0.49984216690063477,-88.3762698173523,-0.0008513927459716797,1,0.00015783309936523438
0,-0.49978089332580566,-88.8760507106781,6.127357482910156e-05,0,0.00021910667419433594
0,-0.5,-89.3760507106781,-0.00021910667419433594,0,0.0
0,-0.4989948272705078,-89.87504553794861,0.0010051727294921875,0,0.0010051727294921875
0,-0.5,-90.37504553794861,-0.0010051727294921875,0,0.0
0,-0.5,-90.87504553794861,0.0,0,0.0
0,-0.5,-91.37504553794861,0.0,0,0.0
0,-0.5,-91.87504553794861,0.0,0,0.0
0,-0.4989278316497803,-92.37397336959839,0.0010721683502197266,1,0.0010721683502197266
0,-0.49799561500549316,-92.87196898460388,0.0009322166442871094,0,0.002004384994506836
0,-0.4997127056121826,-93.37168169021606,-0.0017170906066894531,1,0.0002872943878173828
0,-0.49724698066711426,-93.86892867088318,0.0024657249450683594,0,0.002753019332885742
0,-0.5,-94.36892867088318,-0.002753019332885742,0,0.0
0,-0.49900269508361816,-94.8679313659668,0.000997304916381836,0,0.000997304916381836
0,-0.49904608726501465,-95.36697745323181,-4.3392181396484375e-05,1,0.0009539127349853516
0,-0.49669313430786133,-95.86367058753967,0.0023529529571533203,0,0.003306865692138672
0,-0.49898195266723633,-96.36265254020691,-0.002288818359375,1,0.0010180473327636719
0,-0.4985213279724121,-96.86117386817932,0.00046062469482421875,0,0.0014786720275878906
0,-0.4987008571624756,-97.3598747253418,-0.00017952919006347656,1,0.001299142837524414
0,-0.4985630512237549,-97.85843777656555,0.00013780593872070312,0,0.0014369487762451172
0,-0.49891042709350586,-98.35734820365906,-0.00034737586975097656,1,0.0010895729064941406
0,-0.49685120582580566,-98.85419940948486,0.0020592212677001953,0,0.003148794174194336
0,-0.5,-99.35419940948486,-0.003148794174194336,0,0.0
0,-0.5,-99.85419940948486,0.0,0,0.0
0,-0.5,-100.35419940948486,0.0,0,0.0
0,-0.5,-100.85419940948486,0.0,0,0.0
0,-0.499586820602417,-101.35378623008728,0.0004131793975830078,0,0.0004131793975830078
0,-0.4982004165649414,-101.85198664665222,0.001386404037475586,0,0.0017995834350585938
0,-0.4989736080169678,-102.35096025466919,-0.0007731914520263672,1,0.0010263919830322266
0,-0.49900317192077637,-102.84996342658997,-2.956390380859375e-05,0,0.0009968280792236328
0,-0.5,-103.34996342658997,-0.0009968280792236328,1,0.0
0,-0.4973790645599365,-103.8473424911499,0.0026209354400634766,0,0.0026209354400634766
0,-0.49893927574157715,-104.34628176689148,-0.001560211181640625,1,0.0010607242584228516
0,-0.49700355529785156,-104.84328532218933,0.001935720443725586,0,0.0029964447021484375
0,-0.5,-105.34328532218933,-0.0029964447021484375,0,0.0
0,-0.5,-105.84328532218933,0.0,1,0.0
0,-0.4990048408508301,-106.34229016304016,0.0009951591491699219,0,0.0009951591491699219
0,-0.5,-106.84229016304016,-0.0009951591491699219,0,0.0
0,-0.5,-107.34229016304016,0.0,0,0.0
0,-0.4984138011932373,-107.8407039642334,0.0015861988067626953,0,0.0015861988067626953
0,-0.5,-108.3407039642334,-0.0015861988067626953,0,0.0
0,-0.5,-108.8407039642334,0.0,0,0.0
0,-0.49907851219177246,-109.33978247642517,0.0009214878082275391,1,0.0009214878082275391
0,-0.4978291988372803,-109.83761167526245,0.0012493133544921875,0,0.0021708011627197266
0,-0.4989919662475586,-110.33660364151001,-0.0011627674102783203,1,0.0010080337524414062
0,-0.49854397773742676,-110.83514761924744,0.00044798851013183594,0,0.0014560222625732422
0,-0.4980049133300781,-111.33315253257751,0.0005390644073486328,1,0.001995086669921875
0,-0.49799251556396484,-111.83114504814148,1.239776611328125e-05,0,0.0020074844360351562
0,-0.5,-112.33114504814148,-0.0020074844360351562,1,0.0
0,-0.5,-112.83114504814148,0.0,0,0.0
0,-0.5,-113.33114504814148,0.0,1,0.0
0,-0.5,-113.83114504814148,0.0,0,0.0
0,-0.49892544746398926,-114.33007049560547,0.0010745525360107422,1,0.0010745525360107422
0,-0.49697446823120117,-114.82704496383667,0.001950979232788086,0,0.003025531768798828
0,-0.4994807243347168,-115.32652568817139,-0.002506256103515625,1,0.0005192756652832031
0,-0.49947118759155273,-115.82599687576294,9.5367431640625e-06,0,0.0005288124084472656
0,-0.4997892379760742,-116.32578611373901,-0.0003180503845214844,0,0.00021076202392578125
0,-0.49794888496398926,-116.823734998703,0.001840353012084961,0,0.002051115036010742
0,-0.4994926452636719,-117.32322764396667,-0.0015437602996826172,1,0.000507354736328125
0,-0.498751163482666,-117.82197880744934,0.0007414817810058594,0,0.0012488365173339844
0,-0.5,-118.32197880744934,-0.0012488365173339844,1,0.0
0,-0.4986865520477295,-118.82066535949707,0.0013134479522705078,0,0.0013134479522705078
0,-0.4989948272705078,-119.31966018676758,-0.0003082752227783203,1,0.0010051727294921875
0,-0.4972715377807617,-119.81693172454834,0.0017232894897460938,0,0.0027284622192382812
0,-0.498873233795166,-120.3158049583435,-0.0016016960144042969,1,0.0011267662048339844
0,-0.4970865249633789,-120.81289148330688,0.0017867088317871094,0,0.0029134750366210938
0,-0.5,-121.31289148330688,-0.0029134750366210938,1,0.0
0,-0.49727725982666016,-121.81016874313354,0.0027227401733398438,0,0.0027227401733398438
0,-0.5,-122.31016874313354,-0.0027227401733398438,1,0.0
0,-0.4984853267669678,-122.80865406990051,0.0015146732330322266,0,0.0015146732330322266
0,-0.4986710548400879,-123.3073251247406,-0.0001857280731201172,1,0.0013289451599121094
0,-0.4975001811981201,-123.80482530593872,0.0011708736419677734,0,0.002499818801879883
0,-0.5,-124.30482530593872,-0.002499818801879883,1,0.0
0,-0.49661898612976074,-124.80144429206848,0.003381013870239258,0,0.003381013870239258
0,-0.49949145317077637,-125.30093574523926,-0.002872467041015625,1,0.0005085468292236328
0,-0.4984769821166992,-125.79941272735596,0.0010144710540771484,0,0.0015230178833007812
0,-0.5,-126.29941272735596,-0.0015230178833007812,1,0.0
0,-0.5,-126.79941272735596,0.0,0,0.0
0,-0.5,-127.29941272735596,0.0,0,0.0
0,-0.49900031089782715,-127.79841303825378,0.0009996891021728516,0,0.0009996891021728516
0,-0.5,-128.29841303825378,-0.0009996891021728516,0,0.0
0,-0.4979555606842041,-128.796368598938,0.0020444393157958984,0,0.0020444393157958984
0,-0.5,-129.296368598938,-0.0020444393157958984,0,0.0
0,-0.49899888038635254,-129.79536747932434,0.001001119613647461,0,0.001001119613647461
0,-0.5,-130.29536747932434,-0.001001119613647461,1,0.0
0,-0.49930310249328613,-130.79467058181763,0.0006968975067138672,0,0.0006968975067138672
0,-0.5,-131.29467058181763,-0.0006968975067138672,1,0.0
0,-0.5,-131.79467058181763,0.0,0,0.0
0,-0.49904513359069824,-132.29371571540833,0.0009548664093017578,1,0.0009548664093017578
0,-0.4990048408508301,-132.79272055625916,4.029273986816406e-05,0,0.0009951591491699219
0,-0.5,-133.29272055625916,-0.0009951591491699219,0,0.0
0,-0.49898672103881836,-133.79170727729797,0.0010132789611816406,0,0.0010132789611816406
0,-0.5,-134.29170727729797,-0.0010132789611816406,0,0.0
0,-0.5,-134.79170727729797,0.0,0,0.0
0,-0.5,-135.29170727729797,0.0,1,0.0
0,-0.49739861488342285,-135.7891058921814,0.0026013851165771484,0,0.0026013851165771484
0,-0.4995715618133545,-136.28867745399475,-0.0021729469299316406,1,0.0004284381866455078
0,-0.4995715618133545,-136.7882490158081,0.0,0,0.0004284381866455078
0,-0.5,-137.2882490158081,-0.0004284381866455078,1,0.0
0,-0.5,-137.7882490158081,0.0,0,0.0
0,-0.4997704029083252,-138.28801941871643,0.0002295970916748047,1,0.0002295970916748047
0,-0.49886322021484375,-138.78688263893127,0.0009071826934814453,0,0.00113677978515625
0,-0.49977636337280273,-139.28665900230408,-0.0009131431579589844,1,0.00022363662719726562
0,-0.4992835521697998,-139.78594255447388,0.0004928112030029297,0,0.0007164478302001953
0,-0.49994349479675293,-140.28588604927063,-0.000659942626953125,0,5.650520324707031e-05
0,-0.49944424629211426,-140.78533029556274,0.0004992485046386719,0,0.0005557537078857422
0,-0.4994838237762451,-141.284814119339,-3.9577484130859375e-05,1,0.0005161762237548828
0,-0.4980957508087158,-141.7829098701477,0.0013880729675292969,0,0.0019042491912841797
0,-0.5,-142.2829098701477,-0.0019042491912841797,0,0.0
0,-0.4981071949005127,-142.78101706504822,0.0018928050994873047,0,0.0018928050994873047
0,-0.5,-143.28101706504822,-0.0018928050994873047,1,0.0
0,-0.5,-143.78101706504822,0.0,0,0.0
0,-0.4990050792694092,-144.28002214431763,0.0009949207305908203,1,0.0009949207305908203
0,-0.49805307388305664,-144.77807521820068,0.0009520053863525391,0,0.0019469261169433594
0,-0.5,-145.27807521820068,-0.0019469261169433594,1,0.0
0,-0.49822545051574707,-145.77630066871643,0.0017745494842529297,0,0.0017745494842529297
0,-0.49904966354370117,-146.27535033226013,-0.0008242130279541016,1,0.0009503364562988281
0,-0.4989354610443115,-146.77428579330444,0.00011420249938964844,0,0.0010645389556884766
0,-0.5,-147.27428579330444,-0.0010645389556884766,0,0.0
0,-0.5,-147.77428579330444,0.0,0,0.0
0,-0.4988563060760498,-148.2731420993805,0.0011436939239501953,0,0.0011436939239501953
0,-0.4984095096588135,-148.7715516090393,0.0004467964172363281,0,0.0015904903411865234
0,-0.4989335536956787,-149.27048516273499,-0.0005240440368652344,1,0.001066446304321289
0,-0.498004674911499,-149.76848983764648,0.0009288787841796875,0,0.0019953250885009766
0,-0.5,-150.26848983764648,-0.0019953250885009766,0,0.0
0,-0.5,-150.76848983764648,0.0,0,0.0
0,-0.4994776248931885,-151.26796746253967,0.0005223751068115234,0,0.0005223751068115234
0,-0.498441219329834,-151.7664086818695,0.0010364055633544922,0,0.0015587806701660156
0,-0.5,-152.2664086818695,-0.0015587806701660156,0,0.0
0,-0.5,-152.7664086818695,0.0,0,0.0
0,-0.49900293350219727,-153.2654116153717,0.0009970664978027344,0,0.0009970664978027344
0,-0.4990055561065674,-153.76441717147827,-2.6226043701171875e-06,0,0.0009944438934326172
0,-0.49944090843200684,-154.26385807991028,-0.0004353523254394531,1,0.0005590915679931641
0,-0.4989902973175049,-154.76284837722778,0.0004506111145019531,0,0.0010097026824951172
0,-0.4994690418243408,-155.26231741905212,-0.0004787445068359375,1,0.0005309581756591797
0,-0.4991750717163086,-155.76149249076843,0.00029397010803222656,0,0.0008249282836914062
0,-0.4989662170410156,-156.26045870780945,0.00020885467529296875,0,0.001033782958984375
0,-0.49901270866394043,-156.7594714164734,-4.649162292480469e-05,0,0.0009872913360595703
0,-0.4989912509918213,-157.2584626674652,2.1457672119140625e-05,1,0.001008749008178711
0,-0.49802470207214355,-157.75648736953735,0.0009665489196777344,0,0.0019752979278564453
0,-0.4996063709259033,-158.25609374046326,-0.0015816688537597656,1,0.0003936290740966797
0,-0.5,-158.75609374046326,-0.0003936290740966797,0,0.0
0,-0.49862194061279297,-159.25471568107605,0.0013780593872070312,1,0.0013780593872070312
0,-0.4973115921020508,-159.7520272731781,0.0013103485107421875,0,0.0026884078979492188
0,-0.5,-160.2520272731781,-0.0026884078979492188,1,0.0
0,-0.5,-160.7520272731781,0.0,0,0.0
0,-0.49898743629455566,-161.25101470947266,0.001012563705444336,0,0.001012563705444336
0,-0.49909520149230957,-161.75010991096497,-0.00010776519775390625,0,0.0009047985076904297
0,-0.4984104633331299,-162.2485203742981,0.0006847381591796875,0,0.0015895366668701172
0,-0.4978177547454834,-162.74633812904358,0.0005927085876464844,0,0.0021822452545166016
0,-0.4991433620452881,-163.24548149108887,-0.0013256072998046875,1,0.0008566379547119141
0,-0.49794983863830566,-163.74343132972717,0.0011935234069824219,0,0.002050161361694336
0,-0.5,-164.24343132972717,-0.002050161361694336,1,0.0
0,-0.49900293350219727,-164.74243426322937,0.0009970664978027344,0,0.0009970664978027344
0,-0.5,-165.24243426322937,-0.0009970664978027344,1,0.0
0,-0.497194766998291,-165.73962903022766,0.0028052330017089844,0,0.0028052330017089844
0,-0.4987304210662842,-166.23835945129395,-0.001535654067993164,1,0.0012695789337158203
0,-0.4989755153656006,-166.73733496665955,-0.00024509429931640625,0,0.001024484634399414
0,-0.5,-167.23733496665955,-0.001024484634399414,1,0.0
0,-0.4979398250579834,-167.73527479171753,0.0020601749420166016,0,0.0020601749420166016
0,-0.5,-168.23527479171753,-0.0020601749420166016,1,0.0
0,-0.4990055561065674,-168.7342803478241,0.0009944438934326172,0,0.0009944438934326172
0,-0.5,-169.2342803478241,-0.0009944438934326172,0,0.0
0,-0.5,-169.7342803478241,0.0,0,0.0
0,-0.5,-170.2342803478241,0.0,0,0.0
0,-0.5,-170.7342803478241,0.0,0,0.0
0,-0.4990077018737793,-171.23328804969788,0.0009922981262207031,0,0.0009922981262207031
0,-0.5,-171.73328804969788,-0.0009922981262207031,0,0.0
0,-0.4989800453186035,-172.23226809501648,0.0010199546813964844,1,0.0010199546813964844
0,-0.4968883991241455,-172.72915649414062,0.002091646194458008,0,0.003111600875854492
0,-0.4986095428466797,-173.2277660369873,-0.0017211437225341797,1,0.0013904571533203125
0,-0.49874091148376465,-173.72650694847107,-0.00013136863708496094,0,0.0012590885162353516
0,-0.49958229064941406,-174.22608923912048,-0.0008413791656494141,1,0.0004177093505859375
0,-0.4994971752166748,-174.72558641433716,8.511543273925781e-05,0,0.0005028247833251953
0,-0.4971497058868408,-175.222736120224,0.0023474693298339844,0,0.0028502941131591797
0,-0.4988713264465332,-175.72160744667053,-0.0017216205596923828,0,0.0011286735534667969
0,-0.5,-176.22160744667053,-0.0011286735534667969,0,0.0
0,-0.4980769157409668,-176.7196843624115,0.0019230842590332031,0,0.0019230842590332031
0,-0.5,-177.2196843624115,-0.0019230842590332031,1,0.0
0,-0.4980154037475586,-177.71769976615906,0.0019845962524414062,0,0.0019845962524414062
0,-0.4994826316833496,-178.2171823978424,-0.0014672279357910156,0,0.0005173683166503906
0,-0.49858665466308594,-178.7157690525055,0.0008959770202636719,0,0.0014133453369140625
0,-0.49899959564208984,-179.21476864814758,-0.00041294097900390625,1,0.0010004043579101562
0,-0.49800753593444824,-179.71277618408203,0.0009920597076416016,0,0.001992464065551758
0,-0.5,-180.21277618408203,-0.001992464065551758,1,0.0
0,-0.49727344512939453,-180.71004962921143,0.0027265548706054688,0,0.0027265548706054688
0,-0.5,-181.21004962921143,-0.0027265548706054688,0,0.0
0,-0.49803924560546875,-181.7080888748169,0.00196075439453125,0,0.00196075439453125
0,-0.5,-182.2080888748169,-0.00196075439453125,1,0.0
0,-0.498699426651001,-182.7067883014679,0.0013005733489990234,0,0.0013005733489990234
0,-0.5,-183.2067883014679,-0.0013005733489990234,0,0.0
0,-0.4979259967803955,-183.7047142982483,0.002074003219604492,0,0.002074003219604492
0,-0.5,-184.2047142982483,-0.002074003219604492,1,0.0
0,-0.5,-184.7047142982483,0.0,0,0.0
0,-0.49895644187927246,-185.20367074012756,0.001043558120727539,0,0.001043558120727539
0,-0.4975268840789795,-185.70119762420654,0.0014295578002929688,0,0.002473115921020508
0,-0.5,-186.20119762420654,-0.002473115921020508,1,0.0
0,-0.4989955425262451,-186.7001931667328,0.0010044574737548828,0,0.0010044574737548828
0,-0.4988858699798584,-187.19907903671265,0.00010967254638671875,0,0.0011141300201416016
0,-0.4969005584716797,-187.69597959518433,0.001985311508178711,0,0.0030994415283203125
0,-0.4994227886199951,-188.19540238380432,-0.0025222301483154297,1,0.0005772113800048828
0,-0.49852538108825684,-188.69392776489258,0.0008974075317382812,0,0.001474618911743164
0,-0.4989204406738281,-189.1928482055664,-0.00039505958557128906,1,0.001079559326171875
0,-0.49800682067871094,-189.69085502624512,0.0009136199951171875,0,0.0019931793212890625
0,-0.5,-190.19085502624512,-0.0019931793212890625,1,0.0
0,-0.4974222183227539,-190.68827724456787,0.0025777816772460938,0,0.0025777816772460938
0,-0.4989807605743408,-191.1872580051422,-0.001558542251586914,1,0.0010192394256591797
0,-0.4969332218170166,-191.68419122695923,0.0020475387573242188,0,0.0030667781829833984
0,-0.5,-192.18419122695923,-0.0030667781829833984,0,0.0
0,-0.5,-192.68419122695923,0.0,0,0.0
0,-0.5,-193.18419122695923,0.0,1,0.0
0,-0.4987342357635498,-193.68292546272278,0.0012657642364501953,0,0.0012657642364501953
0,-0.4989356994628906,-194.18186116218567,-0.0002014636993408203,0,0.001064300537109375
0,-0.49799609184265137,-194.67985725402832,0.0009396076202392578,0,0.002003908157348633
0,-0.5,-195.17985725402832,-0.002003908157348633,0,0.0
0,-0.5,-195.67985725402832,0.0,0,0.0
0,-0.5,-196.17985725402832,0.0,1,0.0
0,-0.5,-196.67985725402832,0.0,0,0.0
0,-0.5,-197.17985725402832,0.0,1,0.0
0,-0.5,-197.67985725402832,0.0,0,0.0
0,-0.5,-198.17985725402832,0.0,0,0.0
0,-0.5,-198.67985725402832,0.0,0,0.0
0,-0.5,-199.17985725402832,0.0,1,0.0
0,-0.5,-199.67985725402832,0.0,0,0.0
0,-0.5,-200.17985725402832,0.0,1,0.0
0,-0.4990372657775879,-200.6788945198059,0.0009627342224121094,0,0.0009627342224121094
0,-0.5,-201.1788945198059,-0.0009627342224121094,1,0.0
0,-0.49899935722351074,-201.67789387702942,0.0010006427764892578,0,0.0010006427764892578
0,-0.5,-202.17789387702942,-0.0010006427764892578,1,0.0
0,-0.49949193000793457,-202.67738580703735,0.0005080699920654297,0,0.0005080699920654297
0,-0.4998471736907959,-203.17723298072815,-0.0003552436828613281,1,0.00015282630920410156
0,-0.4994935989379883,-203.67672657966614,0.0003535747528076172,0,0.0005064010620117188
0,-0.5,-204.17672657966614,-0.0005064010620117188,1,0.0
0,-0.49784374237060547,-204.67457032203674,0.0021562576293945312,0,0.0021562576293945312
0,-0.4990568161010742,-205.17362713813782,-0.00121307373046875,1,0.0009431838989257812
0,-0.49801135063171387,-205.67163848876953,0.0010454654693603516,0,0.001988649368286133
0,-0.5,-206.17163848876953,-0.001988649368286133,1,0.0
0,-0.5,-206.67163848876953,0.0,0,0.0
0,-0.4984104633331299,-207.17004895210266,0.0015895366668701172,1,0.0015895366668701172
0,-0.4982120990753174,-207.66826105117798,0.0001983642578125,0,0.0017879009246826172
0,-0.49900054931640625,-208.16726160049438,-0.0007884502410888672,0,0.00099945068359375
0,-0.4990060329437256,-208.6662676334381,-5.4836273193359375e-06,0,0.000993967056274414
0,-0.5,-209.1662676334381,-0.000993967056274414,1,0.0
0,-0.5,-209.6662676334381,0.0,0,0.0
0,-0.498974084854126,-210.16524171829224,0.0010259151458740234,0,0.0010259151458740234
0,-0.499159574508667,-210.6644012928009,-0.00018548965454101562,0,0.0008404254913330078
0,-0.49949145317077637,-211.16389274597168,-0.000331878662109375,1,0.0005085468292236328
0,-0.49847912788391113,-211.6623718738556,0.0010123252868652344,0,0.0015208721160888672
0,-0.5,-212.1623718738556,-0.0015208721160888672,1,0.0
0,-0.5,-212.6623718738556,0.0,0,0.0
0,-0.5,-213.1623718738556,0.0,0,0.0
0,-0.5,-213.6623718738556,0.0,0,0.0
0,-0.49984002113342285,-214.162211894989,0.00015997886657714844,1,0.00015997886657714844
0,-0.49793386459350586,-214.66014575958252,0.0019061565399169922,0,0.0020661354064941406
0,-0.49564695358276367,-215.15579271316528,0.0022869110107421875,1,0.004353046417236328
0,-0.4971580505371094,-215.6529507637024,-0.0015110969543457031,0,0.002841949462890625
0,-0.49948549270629883,-216.1524362564087,-0.002327442169189453,1,0.0005145072937011719
0,-0.49897336959838867,-216.65140962600708,0.0005121231079101562,0,0.0010266304016113281
0,-0.5,-217.15140962600708,-0.0010266304016113281,1,0.0
0,-0.49899911880493164,-217.650408744812,0.0010008811950683594,0,0.0010008811950683594
0,-0.5,-218.150408744812,-0.0010008811950683594,1,0.0
0,-0.4971036911010742,-218.6475124359131,0.0028963088989257812,0,0.0028963088989257812
0,-0.5,-219.1475124359131,-0.0028963088989257812,0,0.0
0,-0.49794554710388184,-219.64545798301697,0.002054452896118164,0,0.002054452896118164
0,-0.49953794479370117,-220.14499592781067,-0.001592397689819336,1,0.0004620552062988281
0,-0.499035120010376,-220.64403104782104,0.0005028247833251953,0,0.0009648799896240234
0,-0.5,-221.14403104782104,-0.0009648799896240234,0,0.0
0,-0.5,-221.64403104782104,0.0,0,0.0
0,-0.5,-222.14403104782104,0.0,1,0.0
0,-0.4971942901611328,-222.64122533798218,0.0028057098388671875,0,0.0028057098388671875
0,-0.5,-223.14122533798218,-0.0028057098388671875,1,0.0
0,-0.49694371223449707,-223.63816905021667,0.0030562877655029297,0,0.0030562877655029297
0,-0.5,-224.13816905021667,-0.0030562877655029297,0,0.0
0,-0.4978911876678467,-224.63606023788452,0.0021088123321533203,0,0.0021088123321533203
0,-0.49897289276123047,-225.13503313064575,-0.001081705093383789,0,0.0010271072387695312
0,-0.4990711212158203,-225.63410425186157,-9.822845458984375e-05,0,0.0009288787841796875
0,-0.5,-226.13410425186157,-0.0009288787841796875,1,0.0
0,-0.49675416946411133,-226.63085842132568,0.003245830535888672,0,0.003245830535888672
0,-0.4989945888519287,-227.1298530101776,-0.002240419387817383,0,0.001005411148071289
0,-0.49842000007629395,-227.6282730102539,0.0005745887756347656,0,0.0015799999237060547
0,-0.49890804290771484,-228.12718105316162,-0.00048804283142089844,0,0.0010919570922851562
0,-0.4989757537841797,-228.6261568069458,-6.771087646484375e-05,0,0.0010242462158203125
0,-0.49900269508361816,-229.12515950202942,-2.6941299438476562e-05,0,0.000997304916381836
0,-0.4983828067779541,-229.62354230880737,0.0006198883056640625,0,0.0016171932220458984
0,-0.4994971752166748,-230.12303948402405,-0.0011143684387207031,0,0.0005028247833251953
0,-0.49826884269714355,-230.6213083267212,0.00122833251953125,0,0.0017311573028564453
0,-0.49862027168273926,-231.11992859840393,-0.0003514289855957031,0,0.0013797283172607422
0,-0.4987375736236572,-231.6186661720276,-0.00011730194091796875,0,0.0012624263763427734
0,-0.5,-232.1186661720276,-0.0012624263763427734,1,0.0
0,-0.49709105491638184,-232.61575722694397,0.002908945083618164,0,0.002908945083618164
0,-0.5,-233.11575722694397,-0.002908945083618164,1,0.0
0,-0.5,-233.61575722694397,0.0,0,0.0
0,-0.5,-234.11575722694397,0.0,0,0.0
0,-0.4994947910308838,-234.61525201797485,0.0005052089691162109,0,0.0005052089691162109
0,-0.49939560890197754,-235.11464762687683,9.918212890625e-05,1,0.0006043910980224609
0,-0.4988853931427002,-235.61353302001953,0.0005102157592773438,0,0.0011146068572998047
0,-0.5,-236.11353302001953,-0.0011146068572998047,0,0.0
0,-0.5,-236.61353302001953,0.0,0,0.0
0,-0.4989933967590332,-237.11252641677856,0.0010066032409667969,1,0.0010066032409667969
0,-0.49619412422180176,-237.60872054100037,0.0027992725372314453,0,0.003805875778198242
0,-0.4989440441131592,-238.10766458511353,-0.002749919891357422,1,0.0010559558868408203
0,-0.4978218078613281,-238.60548639297485,0.0011222362518310547,0,0.002178192138671875
0,-0.5,-239.10548639297485,-0.002178192138671875,1,0.0
0,-0.5,-239.60548639297485,0.0,0,0.0
0,-0.49900341033935547,-240.1044898033142,0.0009965896606445312,1,0.0009965896606445312
0,-0.49900341033935547,-240.60349321365356,0.0,0,0.0009965896606445312
0,-0.5,-241.10349321365356,-0.0009965896606445312,1,0.0
0,-0.4973924160003662,-241.60088562965393,0.002607583999633789,0,0.002607583999633789
0,-0.5,-242.10088562965393,-0.002607583999633789,1,0.0
0,-0.5,-242.60088562965393,0.0,0,0.0
0,-0.5,-243.10088562965393,0.0,0,0.0
0,-0.5,-243.60088562965393,0.0,0,0.0
0,-0.5,-244.10088562965393,0.0,0,0.0
0,-0.4974849224090576,-244.598370552063,0.002515077590942383,0,0.002515077590942383
0,-0.4988985061645508,-245.09726905822754,-0.001413583755493164,1,0.0011014938354492188
0,-0.49799323081970215,-245.59526228904724,0.0009052753448486328,0,0.0020067691802978516
0,-0.5,-246.09526228904724,-0.0020067691802978516,1,0.0
0,-0.4989659786224365,-246.59422826766968,0.0010340213775634766,0,0.0010340213775634766
0,-0.5,-247.09422826766968,-0.0010340213775634766,1,0.0
0,-0.4977278709411621,-247.59195613861084,0.0022721290588378906,0,0.0022721290588378906
0,-0.49953484535217285,-248.091490983963,-0.0018069744110107422,1,0.00046515464782714844
0,-0.49897170066833496,-248.59046268463135,0.0005631446838378906,0,0.001028299331665039
0,-0.5,-249.09046268463135,-0.001028299331665039,1,0.0
0,-0.49900317192077637,-249.58946585655212,0.0009968280792236328,0,0.0009968280792236328
0,-0.49900293350219727,-250.08846879005432,2.384185791015625e-07,1,0.0009970664978027344
0,-0.49755311012268066,-250.586021900177,0.0014498233795166016,0,0.002446889877319336
0,-0.4989895820617676,-251.08501148223877,-0.001436471939086914,1,0.0010104179382324219
0,-0.4979679584503174,-251.5829794406891,0.0010216236114501953,0,0.002032041549682617
0,-0.5,-252.0829794406891,-0.002032041549682617,1,0.0
0,-0.49790263175964355,-252.58088207244873,0.0020973682403564453,0,0.0020973682403564453
0,-0.49954700469970703,-253.08042907714844,-0.0016443729400634766,1,0.00045299530029296875
0,-0.49886035919189453,-253.57928943634033,0.0006866455078125,0,0.0011396408081054688
0,-0.5,-254.07928943634033,-0.0011396408081054688,0,0.0
0,-0.5,-254.57928943634033,0.0,0,0.0
0,-0.5,-255.07928943634033,0.0,0,0.0
0,-0.49976611137390137,-255.57905554771423,0.0002338886260986328,0,0.0002338886260986328
0,-0.5,-256.07905554771423,-0.0002338886260986328,1,0.0
0,-0.4984874725341797,-256.5775430202484,0.0015125274658203125,0,0.0015125274658203125
0,-0.4989948272705078,-257.0765378475189,-0.000507354736328125,1,0.0010051727294921875
0,-0.49799489974975586,-257.5745327472687,0.0009999275207519531,0,0.0020051002502441406
0,-0.5,-258.0745327472687,-0.0020051002502441406,1,0.0
0,-0.4988248348236084,-258.5733575820923,0.0011751651763916016,0,0.0011751651763916016
0,-0.49896717071533203,-259.0723247528076,-0.0001423358917236328,1,0.0010328292846679688
0,-0.49694299697875977,-259.5692677497864,0.0020241737365722656,0,0.0030570030212402344
0,-0.5,-260.0692677497864,-0.0030570030212402344,1,0.0
0,-0.4989166259765625,-260.56818437576294,0.0010833740234375,0,0.0010833740234375
0,-0.5,-261.06818437576294,-0.0010833740234375,1,0.0
0,-0.5,-261.56818437576294,0.0,0,0.0
0,-0.5,-262.06818437576294,0.0,0,0.0
0,-0.4997096061706543,-262.5678939819336,0.0002903938293457031,0,0.0002903938293457031
0,-0.5,-263.0678939819336,-0.0002903938293457031,1,0.0
0,-0.49681663513183594,-263.56471061706543,0.0031833648681640625,0,0.0031833648681640625
0,-0.5,-264.06471061706543,-0.0031833648681640625,1,0.0
0,-0.49738240242004395,-264.5620930194855,0.0026175975799560547,0,0.0026175975799560547
0,-0.5,-265.0620930194855,-0.0026175975799560547,0,0.0
0,-0.4983220100402832,-265.56041502952576,0.0016779899597167969,0,0.0016779899597167969
0,-0.499469518661499,-266.05988454818726,-0.0011475086212158203,1,0.0005304813385009766
0,-0.4989306926727295,-266.55881524086,0.0005388259887695312,0,0.0010693073272705078
0,-0.5,-267.05881524086,-0.0010693073272705078,1,0.0
0,-0.5,-267.55881524086,0.0,0,0.0
0,-0.49933815002441406,-268.0581533908844,0.0006618499755859375,1,0.0006618499755859375
0,-0.49897289276123047,-268.55712628364563,0.00036525726318359375,0,0.0010271072387695312
0,-0.5,-269.05712628364563,-0.0010271072387695312,0,0.0
0,-0.49430131912231445,-269.55142760276794,0.005698680877685547,0,0.005698680877685547
0,-0.4988276958465576,-270.0502552986145,-0.004526376724243164,1,0.0011723041534423828
0,-0.4969749450683594,-270.54723024368286,0.0018527507781982422,0,0.003025054931640625
0,-0.5,-271.04723024368286,-0.003025054931640625,1,0.0
0,-0.5,-271.54723024368286,0.0,0,0.0
0,-0.4989924430847168,-272.0462226867676,0.0010075569152832031,1,0.0010075569152832031
0,-0.49907445907592773,-272.5452971458435,-8.20159912109375e-05,0,0.0009255409240722656
0,-0.5,-273.0452971458435,-0.0009255409240722656,0,0.0
0,-0.5,-273.5452971458435,0.0,0,0.0
0,-0.4990408420562744,-274.0443379878998,0.0009591579437255859,1,0.0009591579437255859
0,-0.49785876274108887,-274.54219675064087,0.0011820793151855469,0,0.002141237258911133
0,-0.5,-275.04219675064087,-0.002141237258911133,1,0.0
0,-0.4969325065612793,-275.53912925720215,0.003067493438720703,0,0.003067493438720703
0,-0.5,-276.03912925720215,-0.003067493438720703,0,0.0
0,-0.5,-276.53912925720215,0.0,0,0.0
0,-0.4968140125274658,-277.0359432697296,0.0031859874725341797,1,0.0031859874725341797
0,-0.49841785430908203,-277.5343611240387,-0.001603841781616211,0,0.0015821456909179688
0,-0.5,-278.0343611240387,-0.0015821456909179688,1,0.0
0,-0.498593807220459,-278.53295493125916,0.0014061927795410156,0,0.0014061927795410156
0,-0.4989762306213379,-279.0319311618805,-0.00038242340087890625,1,0.0010237693786621094
0,-0.4994380474090576,-279.53136920928955,-0.00046181678771972656,0,0.0005619525909423828
0,-0.5,-280.03136920928955,-0.0005619525909423828,1,0.0
0,-0.49491119384765625,-280.5262804031372,0.00508880615234375,0,0.00508880615234375
0,-0.5,-281.0262804031372,-0.00508880615234375,1,0.0
0,-0.5,-281.5262804031372,0.0,0,0.0
0,-0.49872350692749023,-282.0250039100647,0.0012764930725097656,0,0.0012764930725097656
0,-0.49881410598754883,-282.52381801605225,-9.059906005859375e-05,0,0.0011858940124511719
0,-0.5,-283.02381801605225,-0.0011858940124511719,0,0.0
0,-0.4979989528656006,-283.52181696891785,0.002001047134399414,0,0.002001047134399414
0,-0.5,-284.02181696891785,-0.002001047134399414,0,0.0
0,-0.5,-284.52181696891785,0.0,0,0.0
0,-0.5,-285.02181696891785,0.0,1,0.0
0,-0.4991316795349121,-285.52094864845276,0.0008683204650878906,0,0.0008683204650878906
0,-0.5,-286.02094864845276,-0.0008683204650878906,0,0.0
0,-0.5,-286.52094864845276,0.0,0,0.0
0,-0.5,-287.02094864845276,0.0,1,0.0
0,-0.49900126457214355,-287.5199499130249,0.0009987354278564453,0,0.0009987354278564453
0,-0.5,-288.0199499130249,-0.0009987354278564453,1,0.0
0,-0.499006986618042,-288.51895689964294,0.0009930133819580078,0,0.0009930133819580078
0,-0.49900364875793457,-289.0179605484009,3.337860107421875e-06,0,0.0009963512420654297
0,-0.497997522354126,-289.515958070755,0.0010061264038085938,0,0.0020024776458740234
0,-0.5,-290.015958070755,-0.0020024776458740234,1,0.0
0,-0.4990966320037842,-290.5150547027588,0.0009033679962158203,0,0.0009033679962158203
0,-0.5,-291.0150547027588,-0.0009033679962158203,1,0.0
0,-0.4981224536895752,-291.51317715644836,0.0018775463104248047,0,0.0018775463104248047
0,-0.5,-292.01317715644836,-0.0018775463104248047,1,0.0
0,-0.49870729446411133,-292.5118844509125,0.0012927055358886719,0,0.0012927055358886719
0,-0.49900007247924805,-293.0108845233917,-0.00029277801513671875,1,0.0009999275207519531
0,-0.4979424476623535,-293.5088269710541,0.0010576248168945312,0,0.0020575523376464844
0,-0.5,-294.0088269710541,-0.0020575523376464844,1,0.0
0,-0.5,-294.5088269710541,0.0,0,0.0
0,-0.49939990043640137,-295.0082268714905,0.0006000995635986328,1,0.0006000995635986328
0,-0.49819397926330566,-295.5064208507538,0.0012059211730957031,0,0.001806020736694336
0,-0.5,-296.0064208507538,-0.001806020736694336,1,0.0
0,-0.49900317192077637,-296.50542402267456,0.0009968280792236328,0,0.0009968280792236328
0,-0.5,-297.00542402267456,-0.0009968280792236328,0,0.0
0,-0.4994955062866211,-297.5049195289612,0.0005044937133789062,0,0.0005044937133789062
0,-0.5,-298.0049195289612,-0.0005044937133789062,1,0.0
0,-0.4994940757751465,-298.5044136047363,0.0005059242248535156,0,0.0005059242248535156
0,-0.5,-299.0044136047363,-0.0005059242248535156,1,0.0
0,-0.4990057945251465,-299.5034193992615,0.0009942054748535156,0,0.0009942054748535156
0,-0.49871182441711426,-300.0021312236786,0.00029397010803222656,1,0.0012881755828857422
0,-0.4983668327331543,-300.50049805641174,0.00034499168395996094,0,0.0016331672668457031
0,-0.4989888668060303,-300.9994869232178,-0.0006220340728759766,1,0.0010111331939697266
0,-0.49900221824645996,-301.49848914146423,-1.33514404296875e-05,0,0.000997781753540039
0,-0.4994974136352539,-301.9979865550995,-0.0004951953887939453,0,0.0005025863647460938
0,-0.5,-302.4979865550995,-0.0005025863647460938,0,0.0
0,-0.497481107711792,-302.9954676628113,0.002518892288208008,1,0.002518892288208008
0,-0.498013973236084,-303.49348163604736,-0.0005328655242919922,0,0.0019860267639160156
0,-0.5,-303.99348163604736,-0.0019860267639160156,1,0.0
0,-0.4979701042175293,-304.4914517402649,0.002029895782470703,0,0.002029895782470703
0,-0.49897050857543945,-304.99042224884033,-0.0010004043579101562,1,0.0010294914245605469
0,-0.4979538917541504,-305.4883761405945,0.0010166168212890625,0,0.0020461082458496094
0,-0.49889683723449707,-305.987272977829,-0.0009429454803466797,1,0.0011031627655029297
0,-0.4970545768737793,-306.48432755470276,0.0018422603607177734,0,0.002945423126220703
0,-0.5,-306.98432755470276,-0.002945423126220703,1,0.0
0,-0.4984457492828369,-307.4827733039856,0.001554250717163086,0,0.001554250717163086
0,-0.4989931583404541,-307.98176646232605,-0.0005474090576171875,0,0.0010068416595458984
0,-0.4974820613861084,-308.47924852371216,0.0015110969543457031,0,0.0025179386138916016
0,-0.499650239944458,-308.9788987636566,-0.0021681785583496094,1,0.0003497600555419922
0,-0.49900341033935547,-309.477902173996,0.0006468296051025391,0,0.0009965896606445312
0,-0.49965715408325195,-309.9775593280792,-0.0006537437438964844,1,0.0003428459167480469
0,-0.4990561008453369,-310.47661542892456,0.0006010532379150391,0,0.0009438991546630859
0,-0.4989800453186035,-310.97559547424316,7.605552673339844e-05,0,0.0010199546813964844
0,-0.49900102615356445,-311.47459650039673,-2.09808349609375e-05,0,0.0009989738464355469
0,-0.4983208179473877,-311.9729173183441,0.0006802082061767578,0,0.0016791820526123047
0,-0.4987013339996338,-312.47161865234375,-0.00038051605224609375,0,0.001298666000366211
0,-0.49898648262023926,-312.970605134964,-0.00028514862060546875,1,0.0010135173797607422
0,-0.49798107147216797,-313.46858620643616,0.001005411148071289,0,0.0020189285278320312
0,-0.4991021156311035,-313.96768832206726,-0.0011210441589355469,1,0.0008978843688964844
0,-0.49800682067871094,-314.465695142746,0.0010952949523925781,0,0.0019931793212890625
0,-0.4989933967590332,-314.964688539505,-0.0009865760803222656,0,0.0010066032409667969
0,-0.49825072288513184,-315.46293926239014,0.0007426738739013672,0,0.001749277114868164
0,-0.5,-315.96293926239014,-0.001749277114868164,1,0.0
0,-0.5,-316.46293926239014,0.0,0,0.0
0,-0.5,-316.96293926239014,0.0,1,0.0
0,-0.4979829788208008,-317.46092224121094,0.0020170211791992188,0,0.0020170211791992188
0,-0.5,-317.96092224121094,-0.0020170211791992188,0,0.0
0,-0.5,-318.46092224121094,0.0,0,0.0
0,-0.5,-318.96092224121094,0.0,0,0.0
0,-0.5,-319.46092224121094,0.0,0,0.0
0,-0.5,-319.96092224121094,0.0,0,0.0
0,-0.4989776611328125,-320.45989990234375,0.0010223388671875,0,0.0010223388671875
0,-0.5,-320.95989990234375,-0.0010223388671875,0,0.0
0,-0.5,-321.45989990234375,0.0,0,0.0
0,-0.5,-321.95989990234375,0.0,0,0.0
0,-0.49965667724609375,-322.45955657958984,0.00034332275390625,0,0.00034332275390625
0,-0.5,-322.95955657958984,-0.00034332275390625,1,0.0
0,-0.5,-323.45955657958984,0.0,0,0.0
0,-0.4994974136352539,-323.9590539932251,0.0005025863647460938,0,0.0005025863647460938
0,-0.5,-324.4590539932251,-0.0005025863647460938,0,0.0
0,-0.5,-324.9590539932251,0.0,1,0.0
0,-0.4983687400817871,-325.4574227333069,0.0016312599182128906,0,0.0016312599182128906
0,-0.5,-325.9574227333069,-0.0016312599182128906,1,0.0
0,-0.4977152347564697,-326.45513796806335,0.0022847652435302734,0,0.0022847652435302734
0,-0.5,-326.95513796806335,-0.0022847652435302734,1,0.0
0,-0.49900054931640625,-327.45413851737976,0.00099945068359375,0,0.00099945068359375
0,-0.5,-327.95413851737976,-0.00099945068359375,1,0.0
0,-0.49864697456359863,-328.45278549194336,0.0013530254364013672,0,0.0013530254364013672
0,-0.5,-328.95278549194336,-0.0013530254364013672,1,0.0
0,-0.49793457984924316,-329.4507200717926,0.002065420150756836,0,0.002065420150756836
0,-0.4992649555206299,-329.94998502731323,-0.0013303756713867188,1,0.0007350444793701172
0,-0.49928975105285645,-330.4492747783661,-2.47955322265625e-05,0,0.0007102489471435547
0,-0.49888134002685547,-330.94815611839294,0.00040841102600097656,1,0.0011186599731445312
0,-0.49765777587890625,-331.44581389427185,0.0012235641479492188,0,0.00234222412109375
0,-0.5,-331.94581389427185,-0.00234222412109375,0,0.0
0,-0.4974212646484375,-332.4432351589203,0.0025787353515625,0,0.0025787353515625
0,-0.49948740005493164,-332.9427225589752,-0.0020661354064941406,0,0.0005125999450683594
0,-0.4994978904724121,-333.44222044944763,-1.049041748046875e-05,0,0.0005021095275878906
0,-0.5,-333.94222044944763,-0.0005021095275878906,0,0.0
0,-0.5,-334.44222044944763,0.0,0,0.0
0,-0.5,-334.94222044944763,0.0,1,0.0
0,-0.49899744987487793,-335.4412178993225,0.0010025501251220703,0,0.0010025501251220703
0,-0.49899935722351074,-335.940217256546,-1.9073486328125e-06,1,0.0010006427764892578
0,-0.497967004776001,-336.438184261322,0.0010323524475097656,0,0.0020329952239990234
0,-0.5,-336.938184261322,-0.0020329952239990234,1,0.0
0,-0.4985322952270508,-337.4367165565491,0.0014677047729492188,0,0.0014677047729492188
0,-0.5,-337.9367165565491,-0.0014677047729492188,1,0.0
0,-0.4971146583557129,-338.4338312149048,0.0028853416442871094,0,0.0028853416442871094
0,-0.5,-338.9338312149048,-0.0028853416442871094,1,0.0
0,-0.49796128273010254,-339.4317924976349,0.002038717269897461,0,0.002038717269897461
0,-0.5,-339.9317924976349,-0.002038717269897461,1,0.0
0,-0.49792957305908203,-340.42972207069397,0.0020704269409179688,0,0.0020704269409179688
0,-0.5,-340.92972207069397,-0.0020704269409179688,1,0.0
0,-0.4994924068450928,-341.42921447753906,0.0005075931549072266,0,0.0005075931549072266
0,-0.5,-341.92921447753906,-0.0005075931549072266,1,0.0
0,-0.4990043640136719,-342.42821884155273,0.000995635986328125,0,0.000995635986328125
0,-0.49949002265930176,-342.92770886421204,-0.0004856586456298828,1,0.0005099773406982422
0,-0.49839258193969727,-343.42610144615173,0.0010974407196044922,0,0.0016074180603027344
0,-0.4989910125732422,-343.925092458725,-0.0005984306335449219,0,0.0010089874267578125
0,-0.49799680709838867,-344.42308926582336,0.0009942054748535156,0,0.002003192901611328
0,-0.49947309494018555,-344.92256236076355,-0.001476287841796875,1,0.0005269050598144531
0,-0.49947309494018555,-345.42203545570374,0.0,0,0.0005269050598144531
0,-0.5,-345.92203545570374,-0.0005269050598144531,1,0.0
0,-0.4949653148651123,-346.41700077056885,0.005034685134887695,0,0.005034685134887695
0,-0.5,-346.91700077056885,-0.005034685134887695,1,0.0
0,-0.49877142906188965,-347.41577219963074,0.0012285709381103516,0,0.0012285709381103516
0,-0.49879002571105957,-347.9145622253418,-1.8596649169921875e-05,0,0.0012099742889404297
0,-0.4985218048095703,-348.41308403015137,0.0002682209014892578,0,0.0014781951904296875
0,-0.5,-348.91308403015137,-0.0014781951904296875,1,0.0
0,-0.49899935722351074,-349.4120833873749,0.0010006427764892578,0,0.0010006427764892578
0,-0.49958014488220215,-349.9116635322571,-0.0005807876586914062,0,0.00041985511779785156
0,-0.5,-350.4116635322571,-0.00041985511779785156,0,0.0
0,-0.499004602432251,-350.91066813468933,0.0009953975677490234,1,0.0009953975677490234
0,-0.49800896644592285,-351.40867710113525,0.000995635986328125,0,0.0019910335540771484
0,-0.4986751079559326,-351.9073522090912,-0.0006661415100097656,1,0.0013248920440673828
0,-0.49791955947875977,-352.40527176856995,0.0007555484771728516,0,0.0020804405212402344
0,-0.49949002265930176,-352.90476179122925,-0.0015704631805419922,0,0.0005099773406982422
0,-0.4994926452636719,-353.4042544364929,-2.6226043701171875e-06,0,0.000507354736328125
0,-0.5,-353.9042544364929,-0.000507354736328125,1,0.0
0,-0.5,-354.4042544364929,0.0,0,0.0
0,-0.49880290031433105,-354.90305733680725,0.0011970996856689453,1,0.0011970996856689453
0,-0.49727368354797363,-355.4003310203552,0.0015292167663574219,0,0.002726316452026367
0,-0.5,-355.9003310203552,-0.002726316452026367,1,0.0
0,-0.4989452362060547,-356.3992762565613,0.0010547637939453125,0,0.0010547637939453125
0,-0.4990112781524658,-356.89828753471375,-6.604194641113281e-05,1,0.0009887218475341797
0,-0.4990112781524658,-357.3972988128662,0.0,0,0.0009887218475341797
0,-0.49914002418518066,-357.8964388370514,-0.00012874603271484375,1,0.0008599758148193359
0,-0.4986293315887451,-358.39506816864014,0.0005106925964355469,0,0.0013706684112548828
0,-0.5,-358.89506816864014,-0.0013706684112548828,1,0.0
0,-0.5,-359.39506816864014,0.0,0,0.0
0,-0.4989356994628906,-359.894003868103,0.001064300537109375,1,0.001064300537109375
0,-0.4960048198699951,-360.390008687973,0.002930879592895508,0,0.003995180130004883
0,-0.5,-360.890008687973,-0.003995180130004883,0,0.0
0,-0.5,-361.390008687973,0.0,0,0.0
0,-0.5,-361.890008687973,0.0,1,0.0
0,-0.49782538414001465,-362.38783407211304,0.0021746158599853516,0,0.0021746158599853516
0,-0.49949193000793457,-362.887326002121,-0.0016665458679199219,0,0.0005080699920654297
0,-0.49898386001586914,-363.38630986213684,0.0005080699920654297,0,0.0010161399841308594
0,-0.4987926483154297,-363.88510251045227,0.00019121170043945312,1,0.0012073516845703125
0,-0.4989910125732422,-364.3840935230255,-0.0001983642578125,0,0.0010089874267578125
0,-0.4989173412322998,-364.8830108642578,7.367134094238281e-05,1,0.0010826587677001953
0,-0.49808239936828613,-365.3810932636261,0.0008349418640136719,0,0.0019176006317138672
0,-0.5,-365.8810932636261,-0.0019176006317138672,1,0.0
0,-0.4980051517486572,-366.37909841537476,0.0019948482513427734,0,0.0019948482513427734
0,-0.49930715560913086,-366.8784055709839,-0.0013020038604736328,1,0.0006928443908691406
0,-0.49974703788757324,-367.37815260887146,-0.0004398822784423828,0,0.0002529621124267578
0,-0.49948668479919434,-367.87763929367065,0.00026035308837890625,1,0.0005133152008056641
0,-0.5,-368.37763929367065,-0.0005133152008056641,0,0.0
0,-0.5,-368.87763929367065,0.0,0,0.0
0,-0.5,-369.37763929367065,0.0,0,0.0
0,-0.5,-369.87763929367065,0.0,1,0.0
0,-0.49906206130981445,-370.37670135498047,0.0009379386901855469,0,0.0009379386901855469
0,-0.5,-370.87670135498047,-0.0009379386901855469,0,0.0
0,-0.5,-371.37670135498047,0.0,0,0.0
0,-0.49955320358276367,-371.87625455856323,0.0004467964172363281,1,0.0004467964172363281
0,-0.49904322624206543,-372.3752977848053,0.0005099773406982422,0,0.0009567737579345703
0,-0.49202442169189453,-372.8673222064972,0.0070188045501708984,1,0.007975578308105469
0,-0.4853086471557617,-373.35263085365295,0.0067157745361328125,0,0.014691352844238281
0,-0.5,-373.85263085365295,-0.014691352844238281,1,0.0
0,-0.49900245666503906,-374.351633310318,0.0009975433349609375,0,0.0009975433349609375
0,-0.499194860458374,-374.85082817077637,-0.00019240379333496094,1,0.0008051395416259766
0,-0.49843645095825195,-375.3492646217346,0.0007584095001220703,0,0.0015635490417480469
0,-0.5,-375.8492646217346,-0.0015635490417480469,0,0.0
0,-0.49790334701538086,-376.34716796875,0.0020966529846191406,0,0.0020966529846191406
0,-0.4994981288909912,-376.846666097641,-0.0015947818756103516,1,0.0005018711090087891
0,-0.5,-377.346666097641,-0.0005018711090087891,0,0.0
0,-0.5,-377.846666097641,0.0,1,0.0
0,-0.49800753593444824,-378.34467363357544,0.001992464065551758,0,0.001992464065551758
0,-0.49898648262023926,-378.8436601161957,-0.0009789466857910156,1,0.0010135173797607422
0,-0.49828147888183594,-379.3419415950775,0.0007050037384033203,0,0.0017185211181640625
0,-0.49950599670410156,-379.8414475917816,-0.001224517822265625,1,0.0004940032958984375
0,-0.4989945888519287,-380.34044218063354,0.0005114078521728516,0,0.001005411148071289
0,-0.5,-380.84044218063354,-0.001005411148071289,1,0.0
0,-0.49899888038635254,-381.3394410610199,0.001001119613647461,0,0.001001119613647461
0,-0.49899768829345703,-381.83843874931335,1.1920928955078125e-06,1,0.0010023117065429688
0,-0.4980905055999756,-382.33652925491333,0.0009071826934814453,0,0.001909494400024414
0,-0.5,-382.83652925491333,-0.001909494400024414,0,0.0
0,-0.49799156188964844,-383.334520816803,0.0020084381103515625,0,0.0020084381103515625
0,-0.5,-383.834520816803,-0.0020084381103515625,1,0.0
0,-0.4994773864746094,-384.3339982032776,0.000522613525390625,0,0.000522613525390625
0,-0.49904704093933105,-384.8330452442169,0.0004303455352783203,1,0.0009529590606689453
0,-0.4984462261199951,-385.3314914703369,0.0006008148193359375,0,0.0015537738800048828
0,-0.5,-385.8314914703369,-0.0015537738800048828,1,0.0
0,-0.498746395111084,-386.330237865448,0.0012536048889160156,0,0.0012536048889160156
0,-0.5,-386.830237865448,-0.0012536048889160156,0,0.0
0,-0.5,-387.330237865448,0.0,0,0.0
0,-0.5,-387.830237865448,0.0,0,0.0
0,-0.5,-388.330237865448,0.0,0,0.0
0,-0.5,-388.830237865448,0.0,1,0.0
0,-0.5,-389.330237865448,0.0,0,0.0
0,-0.4992835521697998,-389.8295214176178,0.0007164478302001953,0,0.0007164478302001953
0,-0.49869418144226074,-390.32821559906006,0.0005893707275390625,0,0.0013058185577392578
0,-0.5,-390.82821559906006,-0.0013058185577392578,1,0.0
0,-0.5,-391.32821559906006,0.0,0,0.0
0,-0.49923062324523926,-391.8274462223053,0.0007693767547607422,1,0.0007693767547607422
0,-0.4982268810272217,-392.3256731033325,0.0010037422180175781,0,0.0017731189727783203
0,-0.4994924068450928,-392.8251655101776,-0.0012655258178710938,0,0.0005075931549072266
0,-0.4989960193634033,-393.324161529541,0.0004963874816894531,0,0.0010039806365966797
0,-0.49948573112487793,-393.8236472606659,-0.0004897117614746094,0,0.0005142688751220703
0,-0.49830150604248047,-394.3219487667084,0.001184225082397461,0,0.0016984939575195312
0,-0.5,-394.8219487667084,-0.0016984939575195312,0,0.0
0,-0.4981262683868408,-395.3200750350952,0.0018737316131591797,0,0.0018737316131591797
0,-0.5,-395.8200750350952,-0.0018737316131591797,1,0.0
0,-0.49900054931640625,-396.3190755844116,0.00099945068359375,0,0.00099945068359375
0,-0.5,-396.8190755844116,-0.00099945068359375,1,0.0
0,-0.4987938404083252,-397.31786942481995,0.0012061595916748047,0,0.0012061595916748047
0,-0.5,-397.81786942481995,-0.0012061595916748047,0,0.0
0,-0.5,-398.31786942481995,0.0,0,0.0
0,-0.5,-398.81786942481995,0.0,0,0.0
0,-0.5,-399.31786942481995,0.0,0,0.0
0,-0.4989938735961914,-399.81686329841614,0.0010061264038085938,0,0.0010061264038085938
0,-0.5,-400.31686329841614,-0.0010061264038085938,0,0.0
0,-0.5,-400.81686329841614,0.0,1,0.0
0,-0.5,-401.31686329841614,0.0,0,0.0
0,-0.5,-401.81686329841614,0.0,1,0.0
0,-0.5,-402.31686329841614,0.0,0,0.0
0,-0.49822497367858887,-402.8150882720947,0.0017750263214111328,0,0.0017750263214111328
0,-0.49788522720336914,-403.3129734992981,0.00033974647521972656,0,0.0021147727966308594
0,-0.5,-403.8129734992981,-0.0021147727966308594,0,0.0
0,-0.5,-404.3129734992981,0.0,0,0.0
0,-0.5,-404.8129734992981,0.0,1,0.0
0,-0.5,-405.3129734992981,0.0,0,0.0
0,-0.5,-405.8129734992981,0.0,0,0.0
0,-0.5,-406.3129734992981,0.0,0,0.0
0,-0.49902915954589844,-406.812002658844,0.0009708404541015625,0,0.0009708404541015625
0,-0.49900174140930176,-407.3110044002533,2.7418136596679688e-05,0,0.0009982585906982422
0,-0.4989449977874756,-407.80994939804077,5.6743621826171875e-05,1,0.001055002212524414
0,-0.4989583492279053,-408.3089077472687,-1.33514404296875e-05,0,0.0010416507720947266
0,-0.5,-408.8089077472687,-0.0010416507720947266,0,0.0
0,-0.5,-409.3089077472687,0.0,0,0.0
0,-0.49953722953796387,-409.80844497680664,0.0004627704620361328,1,0.0004627704620361328
0,-0.49943995475769043,-410.30788493156433,9.72747802734375e-05,0,0.0005600452423095703
0,-0.5,-410.80788493156433,-0.0005600452423095703,1,0.0
0,-0.5,-411.30788493156433,0.0,0,0.0
0,-0.4990072250366211,-411.80689215660095,0.0009927749633789062,0,0.0009927749633789062
0,-0.4991121292114258,-412.3060042858124,-0.0001049041748046875,0,0.0008878707885742188
0,-0.4994325637817383,-412.8054368495941,-0.0003204345703125,1,0.0005674362182617188
0,-0.4976170063018799,-413.303053855896,0.0018155574798583984,0,0.002382993698120117
0,-0.49831461906433105,-413.8013684749603,-0.0006976127624511719,1,0.0016853809356689453
0,-0.4975717067718506,-414.2989401817322,0.0007429122924804688,0,0.002428293228149414
0,-0.49798059463500977,-414.7969207763672,-0.0004088878631591797,0,0.0020194053649902344
0,-0.49900007247924805,-415.29592084884644,-0.0010194778442382812,0,0.0009999275207519531
0,-0.49847936630249023,-415.7944002151489,0.0005207061767578125,1,0.0015206336975097656
0,-0.4975273609161377,-416.29192757606506,0.0009520053863525391,0,0.0024726390838623047
0,-0.5,-416.79192757606506,-0.0024726390838623047,0,0.0
0,-0.5,-417.29192757606506,0.0,0,0.0
0,-0.5,-417.79192757606506,0.0,0,0.0
0,-0.5,-418.29192757606506,0.0,0,0.0
0,-0.499497652053833,-418.7914252281189,0.0005023479461669922,0,0.0005023479461669922
0,-0.49937963485717773,-419.2908048629761,0.00011801719665527344,0,0.0006203651428222656
0,-0.5,-419.7908048629761,-0.0006203651428222656,0,0.0
0,-0.5,-420.2908048629761,0.0,0,0.0
0,-0.4989285469055176,-420.7897334098816,0.0010714530944824219,0,0.0010714530944824219
0,-0.5,-421.2897334098816,-0.0010714530944824219,0,0.0
0,-0.5,-421.7897334098816,0.0,1,0.0
0,-0.49759650230407715,-422.28732991218567,0.0024034976959228516,0,0.0024034976959228516
0,-0.4989759922027588,-422.7863059043884,-0.0013794898986816406,0,0.001024007797241211
0,-0.5,-423.2863059043884,-0.001024007797241211,0,0.0
0,-0.5,-423.7863059043884,0.0,0,0.0
0,-0.5,-424.2863059043884,0.0,0,0.0
0,-0.5,-424.7863059043884,0.0,0,0.0
0,-0.5,-425.2863059043884,0.0,0,0.0
0,-0.4989759922027588,-425.7852818965912,0.001024007797241211,1,0.001024007797241211
0,-0.4983484745025635,-426.28363037109375,0.0006275177001953125,0,0.0016515254974365234
0,-0.5,-426.78363037109375,-0.0016515254974365234,0,0.0
0,-0.5,-427.28363037109375,0.0,0,0.0
0,-0.5,-427.78363037109375,0.0,0,0.0
0,-0.4983785152435303,-428.2820088863373,0.0016214847564697266,0,0.0016214847564697266
0,-0.4989771842956543,-428.78098607063293,-0.0005986690521240234,0,0.0010228157043457031
0,-0.4979403018951416,-429.2789263725281,0.0010368824005126953,0,0.0020596981048583984
0,-0.5,-429.7789263725281,-0.0020596981048583984,0,0.0
0,-0.5,-430.2789263725281,0.0,0,0.0
0,-0.5,-430.7789263725281,0.0,1,0.0
0,-0.49501681327819824,-431.2739431858063,0.004983186721801758,0,0.004983186721801758
0,-0.5,-431.7739431858063,-0.004983186721801758,1,0.0
0,-0.5,-432.2739431858063,0.0,0,0.0
0,-0.5,-432.7739431858063,0.0,0,0.0
0,-0.5,-433.2739431858063,0.0,0,0.0
0,-0.5,-433.7739431858063,0.0,1,0.0
0,-0.4989504814147949,-434.27289366722107,0.0010495185852050781,0,0.0010495185852050781
0,-0.4996969699859619,-434.77259063720703,-0.0007464885711669922,1,0.00030303001403808594
0,-0.49906468391418457,-435.2716553211212,0.0006322860717773438,0,0.0009353160858154297
0,-0.5,-435.7716553211212,-0.0009353160858154297,0,0.0
0,-0.5,-436.2716553211212,0.0,0,0.0
0,-0.49945712089538574,-436.7711124420166,0.0005428791046142578,1,0.0005428791046142578
0,-0.49945712089538574,-437.270569562912,0.0,0,0.0005428791046142578
0,-0.49985313415527344,-437.77042269706726,-0.0003960132598876953,1,0.0001468658447265625
0,-0.5,-438.27042269706726,-0.0001468658447265625,0,0.0
0,-0.49900197982788086,-438.76942467689514,0.0009980201721191406,0,0.0009980201721191406
0,-0.4989962577819824,-439.2684209346771,5.7220458984375e-06,0,0.0010037422180175781
0,-0.5,-439.7684209346771,-0.0010037422180175781,1,0.0
0,-0.49920177459716797,-440.2676227092743,0.0007982254028320312,0,0.0007982254028320312
0,-0.4991457462310791,-440.76676845550537,5.602836608886719e-05,1,0.0008542537689208984
0,-0.49866175651550293,-441.2654302120209,0.0004839897155761719,0,0.0013382434844970703
0,-0.4993100166320801,-441.76474022865295,-0.0006482601165771484,0,0.0006899833679199219
0,-0.5,-442.26474022865295,-0.0006899833679199219,0,0.0
0,-0.5,-442.76474022865295,0.0,0,0.0
0,-0.5,-443.26474022865295,0.0,0,0.0
0,-0.498920202255249,-443.7636604309082,0.0010797977447509766,0,0.0010797977447509766
0,-0.5,-444.2636604309082,-0.0010797977447509766,0,0.0
0,-0.49900221824645996,-444.76266264915466,0.000997781753540039,0,0.000997781753540039
0,-0.4990077018737793,-445.26167035102844,-5.4836273193359375e-06,0,0.0009922981262207031
0,-0.49963974952697754,-445.7613101005554,-0.0006320476531982422,0,0.00036025047302246094
0,-0.499497652053833,-446.26080775260925,0.00014209747314453125,0,0.0005023479461669922
0,-0.499497652053833,-446.7603054046631,0.0,1,0.0005023479461669922
0,-0.499497652053833,-447.2598030567169,0.0,0,0.0005023479461669922
0,-0.5,-447.7598030567169,-0.0005023479461669922,0,0.0
0,-0.5,-448.2598030567169,0.0,0,0.0
0,-0.4989941120147705,-448.7587971687317,0.0010058879852294922,1,0.0010058879852294922
0,-0.4979362487792969,-449.256733417511,0.0010578632354736328,0,0.002063751220703125
0,-0.4989948272705078,-449.7557282447815,-0.0010585784912109375,1,0.0010051727294921875
0,-0.49700427055358887,-450.2527325153351,0.0019905567169189453,0,0.002995729446411133
0,-0.49896788597106934,-450.75170040130615,-0.0019636154174804688,0,0.001032114028930664
0,-0.4990544319152832,-451.25075483322144,-8.654594421386719e-05,0,0.0009455680847167969
0,-0.49851536750793457,-451.74927020072937,0.0005390644073486328,1,0.0014846324920654297
0,-0.49860334396362305,-452.247873544693,-8.797645568847656e-05,0,0.0013966560363769531
0,-0.5,-452.747873544693,-0.0013966560363769531,0,0.0
0,-0.5,-453.247873544693,0.0,0,0.0
0,-0.49800539016723633,-453.74587893486023,0.001994609832763672,0,0.001994609832763672
0,-0.5,-454.24587893486023,-0.001994609832763672,0,0.0
0,-0.5,-454.74587893486023,0.0,1,0.0
0,-0.49767398834228516,-455.2435529232025,0.0023260116577148438,0,0.0023260116577148438
0,-0.5,-455.7435529232025,-0.0023260116577148438,1,0.0
0,-0.4969642162322998,-456.2405171394348,0.0030357837677001953,0,0.0030357837677001953
0,-0.5,-456.7405171394348,-0.0030357837677001953,0,0.0
0,-0.5,-457.2405171394348,0.0,0,0.0
0,-0.5,-457.7405171394348,0.0,1,0.0
0,-0.4943993091583252,-458.23491644859314,0.005600690841674805,0,0.005600690841674805
0,-0.5,-458.73491644859314,-0.005600690841674805,1,0.0
0,-0.5,-459.23491644859314,0.0,0,0.0
0,-0.5,-459.73491644859314,0.0,0,0.0
0,-0.5,-460.23491644859314,0.0,0,0.0
0,-0.4989659786224365,-460.7338824272156,0.0010340213775634766,0,0.0010340213775634766
0,-0.4979686737060547,-461.23185110092163,0.000997304916381836,0,0.0020313262939453125
0,-0.5,-461.73185110092163,-0.0020313262939453125,1,0.0
0,-0.5,-462.23185110092163,0.0,0,0.0
0,-0.49893999099731445,-462.73079109191895,0.0010600090026855469,0,0.0010600090026855469
0,-0.4989814758300781,-463.229772567749,-4.1484832763671875e-05,0,0.001018524169921875
0,-0.4994943141937256,-463.72926688194275,-0.0005128383636474609,1,0.0005056858062744141
0,-0.49722766876220703,-464.22649455070496,0.0022666454315185547,0,0.0027723312377929688
0,-0.499880313873291,-464.72637486457825,-0.0026526451110839844,0,0.00011968612670898438
0,-0.49843692779541016,-465.22481179237366,0.0014433860778808594,0,0.0015630722045898438
0,-0.5,-465.72481179237366,-0.0015630722045898438,0,0.0
0,-0.5,-466.22481179237366,0.0,0,0.0
0,-0.49784183502197266,-466.72265362739563,0.0021581649780273438,0,0.0021581649780273438
0,-0.49579405784606934,-467.2184476852417,0.0020477771759033203,0,0.004205942153930664
0,-0.5,-467.7184476852417,-0.004205942153930664,0,0.0
0,-0.49900126457214355,-468.21744894981384,0.0009987354278564453,0,0.0009987354278564453
0,-0.4989457130432129,-468.71639466285706,5.555152893066406e-05,0,0.0010542869567871094
0,-0.49895310401916504,-469.2153477668762,-7.3909759521484375e-06,0,0.001046895980834961
0,-0.5,-469.7153477668762,-0.001046895980834961,1,0.0
0,-0.4980051517486572,-470.2133529186249,0.0019948482513427734,0,0.0019948482513427734
0,-0.5,-470.7133529186249,-0.0019948482513427734,1,0.0
0,-0.5,-471.2133529186249,0.0,0,0.0
0,-0.5,-471.7133529186249,0.0,1,0.0
0,-0.49900221824645996,-472.21235513687134,0.000997781753540039,0,0.000997781753540039
0,-0.5,-472.71235513687134,-0.000997781753540039,1,0.0
0,-0.49843430519104004,-473.2107894420624,0.001565694808959961,0,0.001565694808959961
0,-0.5,-473.7107894420624,-0.001565694808959961,1,0.0
0,-0.49920058250427246,-474.20999002456665,0.0007994174957275391,0,0.0007994174957275391
0,-0.5,-474.70999002456665,-0.0007994174957275391,0,0.0
0,-0.5,-475.20999002456665,0.0,0,0.0
0,-0.49900317192077637,-475.7089931964874,0.0009968280792236328,1,0.0009968280792236328
0,-0.49900317192077637,-476.2079963684082,0.0,0,0.0009968280792236328
0,-0.5,-476.7079963684082,-0.0009968280792236328,0,0.0
0,-0.5,-477.2079963684082,0.0,0,0.0
0,-0.5,-477.7079963684082,0.0,1,0.0
0,-0.5,-478.2079963684082,0.0,0,0.0
0,-0.5,-478.7079963684082,0.0,1,0.0
0,-0.4970366954803467,-479.20503306388855,0.0029633045196533203,0,0.0029633045196533203
0,-0.5,-479.70503306388855,-0.0029633045196533203,1,0.0
0,-0.4969906806945801,-480.20202374458313,0.003009319305419922,0,0.003009319305419922
0,-0.5,-480.70202374458313,-0.003009319305419922,1,0.0
0,-0.49875974655151367,-481.20078349113464,0.0012402534484863281,0,0.0012402534484863281
0,-0.5,-481.70078349113464,-0.0012402534484863281,0,0.0
0,-0.5,-482.20078349113464,0.0,0,0.0
0,-0.4996039867401123,-482.70038747787476,0.0003960132598876953,1,0.0003960132598876953
0,-0.498699426651001,-483.19908690452576,0.0009045600891113281,0,0.0013005733489990234
0,-0.4989633560180664,-483.6980502605438,-0.0002639293670654297,1,0.0010366439819335938
0,-0.4978365898132324,-484.19588685035706,0.0011267662048339844,0,0.002163410186767578
0,-0.5,-484.69588685035706,-0.002163410186767578,0,0.0
0,-0.4980051517486572,-485.1938920021057,0.0019948482513427734,0,0.0019948482513427734
0,-0.5,-485.6938920021057,-0.0019948482513427734,0,0.0
0,-0.49889540672302246,-486.19278740882874,0.001104593276977539,0,0.001104593276977539
0,-0.5,-486.69278740882874,-0.001104593276977539,0,0.0
0,-0.5,-487.19278740882874,0.0,0,0.0
0,-0.49927759170532227,-487.69206500053406,0.0007224082946777344,0,0.0007224082946777344
0,-0.4979677200317383,-488.1900327205658,0.0013098716735839844,0,0.0020322799682617188
0,-0.49949169158935547,-488.68952441215515,-0.0015239715576171875,0,0.0005083084106445312
0,-0.49900102615356445,-489.1885254383087,0.0004906654357910156,0,0.0009989738464355469
0,-0.49927330017089844,-489.6877987384796,-0.0002722740173339844,1,0.0007266998291015625
0,-0.4987678527832031,-490.1865665912628,0.0005054473876953125,0,0.001232147216796875
0,-0.5,-490.6865665912628,-0.001232147216796875,1,0.0
0,-0.4958529472351074,-491.1824195384979,0.004147052764892578,0,0.004147052764892578
0,-0.49900364875793457,-491.68142318725586,-0.0031507015228271484,1,0.0009963512420654297
0,-0.4976181983947754,-492.17904138565063,0.0013854503631591797,0,0.0023818016052246094
0,-0.5,-492.67904138565063,-0.0023818016052246094,1,0.0
0,-0.5,-493.17904138565063,0.0,0,0.0
0,-0.5,-493.67904138565063,0.0,1,0.0
0,-0.497239351272583,-494.1762807369232,0.002760648727416992,0,0.002760648727416992
0,-0.5,-494.6762807369232,-0.002760648727416992,0,0.0
0,-0.49900341033935547,-495.1752841472626,0.0009965896606445312,0,0.0009965896606445312
0,-0.5,-495.6752841472626,-0.0009965896606445312,0,0.0
0,-0.5,-496.1752841472626,0.0,0,0.0
0,-0.5,-496.6752841472626,0.0,1,0.0
0,-0.4979276657104492,-497.173211812973,0.0020723342895507812,0,0.0020723342895507812
0,-0.4991140365600586,-497.6723258495331,-0.001186370849609375,0,0.0008859634399414062
0,-0.4991753101348877,-498.17150115966797,-6.127357482910156e-05,0,0.0008246898651123047
0,-0.5,-498.67150115966797,-0.0008246898651123047,1,0.0
0,-0.4986746311187744,-499.17017579078674,0.001325368881225586,0,0.001325368881225586
0,-0.5,-499.1711723804474,-0.001325368881225586,0,0.0
0,-0.4990074634552002,-0.4990074634552002,-0.4990074634552002,0,0.0009925365447998047
0,-0.5,-0.9990074634552002,-0.0009925365447998047,0,0.0
0,-0.5,-1.4990074634552002,0.0,0,0.0
0,-0.49900245666503906,-1.9980099201202393,0.0009975433349609375,0,0.0009975433349609375
0,-0.5,-2.4980099201202393,-0.0009975433349609375,1,0.0
0,-0.5,-2.9980099201202393,0.0,0,0.0
0,-0.5,-3.4980099201202393,0.0,0,0.0
0,-0.4994988441467285,-3.9975087642669678,0.0005011558532714844,1,0.0005011558532714844
0,-0.4988222122192383,-4.496330976486206,0.0006766319274902344,0,0.0011777877807617188
0,-0.5,-4.996330976486206,-0.0011777877807617188,1,0.0
0,-0.4951777458190918,-5.491508722305298,0.004822254180908203,0,0.004822254180908203
0,-0.4994957447052002,-5.991004467010498,-0.0043179988861083984,1,0.0005042552947998047
0,-0.4984579086303711,-6.489462375640869,0.0010378360748291016,0,0.0015420913696289062
0,-0.5,-6.989462375640869,-0.0015420913696289062,0,0.0
0,-0.49898386001586914,-7.488446235656738,0.0010161399841308594,1,0.0010161399841308594
0,-0.4928476810455322,-7.9812939167022705,0.006136178970336914,0,0.0071523189544677734
0,-0.5,-8.48129391670227,-0.0071523189544677734,1,0.0
0,-0.49889206886291504,-8.980185985565186,0.001107931137084961,0,0.001107931137084961
0,-0.5,-9.480185985565186,-0.001107931137084961,1,0.0
0,-0.4949791431427002,-9.975165128707886,0.005020856857299805,0,0.005020856857299805
0,-0.5,-10.475165128707886,-0.005020856857299805,1,0.0
0,-0.4990065097808838,-10.97417163848877,0.000993490219116211,0,0.000993490219116211
0,-0.5,-11.47417163848877,-0.000993490219116211,0,0.0
0,-0.4984855651855469,-11.972657203674316,0.001514434814453125,0,0.001514434814453125
0,-0.5,-12.472657203674316,-0.001514434814453125,0,0.0
0,-0.4973726272583008,-12.970029830932617,0.0026273727416992188,0,0.0026273727416992188
0,-0.5,-13.470029830932617,-0.0026273727416992188,0,0.0
0,-0.5,-13.970029830932617,0.0,0,0.0
0,-0.5,-14.470029830932617,0.0,0,0.0
0,-0.49756598472595215,-14.96759581565857,0.0024340152740478516,0,0.0024340152740478516
0,-0.5,-15.46759581565857,-0.0024340152740478516,1,0.0
0,-0.5,-15.96759581565857,0.0,0,0.0
0,-0.49893641471862793,-16.466532230377197,0.0010635852813720703,1,0.0010635852813720703
0,-0.4990556240081787,-16.965587854385376,-0.00011920928955078125,0,0.0009443759918212891
0,-0.49893903732299805,-17.464526891708374,0.00011658668518066406,1,0.0010609626770019531
0,-0.4942183494567871,-17.95874524116516,0.0047206878662109375,0,0.005781650543212891
0,-0.49923110008239746,-18.45797634124756,-0.0050127506256103516,0,0.0007688999176025391
0,-0.49923110008239746,-18.957207441329956,0.0,0,0.0007688999176025391
0,-0.5,-19.457207441329956,-0.0007688999176025391,1,0.0
0,-0.49900221824645996,-19.956209659576416,0.000997781753540039,0,0.000997781753540039
0,-0.5,-20.456209659576416,-0.000997781753540039,1,0.0
0,-0.49779510498046875,-20.954004764556885,0.00220489501953125,0,0.00220489501953125
0,-0.4988856315612793,-21.452890396118164,-0.0010905265808105469,1,0.0011143684387207031
0,-0.4944603443145752,-21.94735074043274,0.0044252872467041016,0,0.005539655685424805
0,-0.5,-22.44735074043274,-0.005539655685424805,1,0.0
0,-0.5,-22.94735074043274,0.0,0,0.0
0,-0.49891090393066406,-23.446261644363403,0.0010890960693359375,1,0.0010890960693359375
0,-0.4929530620574951,-23.9392147064209,0.005957841873168945,0,0.007046937942504883
0,-0.5,-24.4392147064209,-0.007046937942504883,0,0.0
0,-0.5,-24.9392147064209,0.0,0,0.0
0,-0.5,-25.4392147064209,0.0,0,0.0
0,-0.5,-25.9392147064209,0.0,0,0.0
0,-0.5,-26.4392147064209,0.0,0,0.0
0,-0.4979569911956787,-26.937171697616577,0.002043008804321289,0,0.002043008804321289
0,-0.4989898204803467,-27.436161518096924,-0.0010328292846679688,0,0.0010101795196533203
0,-0.49965786933898926,-27.935819387435913,-0.0006680488586425781,0,0.0003421306610107422
0,-0.4994843006134033,-28.435303688049316,0.0001735687255859375,1,0.0005156993865966797
0,-0.49767589569091797,-28.932979583740234,0.0018084049224853516,0,0.0023241043090820312
0,-0.4989192485809326,-29.431898832321167,-0.0012433528900146484,1,0.0010807514190673828
0,-0.4944484233856201,-29.926347255706787,0.0044708251953125,0,0.005551576614379883
0,-0.4979894161224365,-30.424336671829224,-0.0035409927368164062,0,0.0020105838775634766
0,-0.499492883682251,-30.923829555511475,-0.0015034675598144531,0,0.0005071163177490234
0,-0.49900245666503906,-31.422832012176514,0.0004904270172119141,1,0.0009975433349609375
0,-0.49821019172668457,-31.9210422039032,0.0007922649383544922,0,0.0017898082733154297
0,-0.5,-32.4210422039032,-0.0017898082733154297,1,0.0
0,-0.5,-32.9210422039032,0.0,0,0.0
0,-0.499417781829834,-33.42045998573303,0.0005822181701660156,0,0.0005822181701660156
0,-0.4994959831237793,-33.91995596885681,-7.82012939453125e-05,0,0.0005040168762207031
0,-0.5,-34.41995596885681,-0.0005040168762207031,1,0.0
0,-0.49349069595336914,-34.91344666481018,0.006509304046630859,0,0.006509304046630859
0,-0.49890732765197754,-35.41235399246216,-0.0054166316986083984,1,0.001092672348022461
0,-0.49798130989074707,-35.910335302352905,0.0009260177612304688,0,0.0020186901092529297
0,-0.5,-36.410335302352905,-0.0020186901092529297,0,0.0
0,-0.5,-36.910335302352905,0.0,0,0.0
0,-0.5,-37.410335302352905,0.0,0,0.0
0,-0.5,-37.910335302352905,0.0,0,0.0
0,-0.49948930740356445,-38.40982460975647,0.0005106925964355469,1,0.0005106925964355469
0,-0.49607348442077637,-38.905898094177246,0.003415822982788086,0,0.003926515579223633
0,-0.49603843688964844,-39.401936531066895,3.504753112792969e-05,0,0.0039615631103515625
0,-0.4991028308868408,-39.901039361953735,-0.003064393997192383,0,0.0008971691131591797
0,-0.5,-40.401039361953735,-0.0008971691131591797,1,0.0
0,-0.5,-40.901039361953735,0.0,0,0.0
0,-0.5,-41.401039361953735,0.0,1,0.0
0,-0.49801206588745117,-41.89905142784119,0.001987934112548828,0,0.001987934112548828
0,-0.4989495277404785,-42.398000955581665,-0.0009374618530273438,0,0.0010504722595214844
0,-0.5,-42.898000955581665,-0.0010504722595214844,0,0.0
0,-0.5,-43.398000955581665,0.0,1,0.0
0,-0.49800705909729004,-43.896008014678955,0.001992940902709961,0,0.001992940902709961
0,-0.5,-44.396008014678955,-0.001992940902709961,1,0.0
0,-0.49625062942504883,-44.892258644104004,0.003749370574951172,0,0.003749370574951172
0,-0.5,-45.392258644104004,-0.003749370574951172,0,0.0
0,-0.5,-45.892258644104004,0.0,0,0.0
0,-0.5,-46.392258644104004,0.0,0,0.0
0,-0.4989008903503418,-46.891159534454346,0.0010991096496582031,0,0.0010991096496582031
0,-0.5,-47.391159534454346,-0.0010991096496582031,0,0.0
0,-0.5,-47.891159534454346,0.0,0,0.0
0,-0.49896693229675293,-48.3901264667511,0.0010330677032470703,0,0.0010330677032470703
0,-0.4994933605194092,-48.88961982727051,-0.00052642822265625,0,0.0005066394805908203
0,-0.5,-49.38961982727051,-0.0005066394805908203,0,0.0
0,-0.5,-49.88961982727051,0.0,0,0.0
0,-0.5,-50.38961982727051,0.0,1,0.0
0,-0.49278831481933594,-50.882408142089844,0.0072116851806640625,0,0.0072116851806640625
0,-0.4989805221557617,-51.381388664245605,-0.006192207336425781,0,0.0010194778442382812
0,-0.5,-51.881388664245605,-0.0010194778442382812,0,0.0
0,-0.49900197982788086,-52.380390644073486,0.0009980201721191406,1,0.0009980201721191406
0,-0.4970085620880127,-52.8773992061615,0.001993417739868164,0,0.0029914379119873047
0,-0.5,-53.3773992061615,-0.0029914379119873047,0,0.0
0,-0.5,-53.8773992061615,0.0,0,0.0
0,-0.5,-54.3773992061615,0.0,0,0.0
0,-0.4998607635498047,-54.877259969711304,0.0001392364501953125,0,0.0001392364501953125
0,-0.4995231628417969,-55.3767831325531,0.0003376007080078125,1,0.000476837158203125
0,-0.49871158599853516,-55.875494718551636,0.0008115768432617188,0,0.0012884140014648438
0,-0.49900388717651367,-56.37449860572815,-0.0002923011779785156,1,0.0009961128234863281
0,-0.4965813159942627,-56.87107992172241,0.0024225711822509766,0,0.0034186840057373047
0,-0.5,-57.37107992172241,-0.0034186840057373047,0,0.0
0,-0.5,-57.87107992172241,0.0,0,0.0
0,-0.5,-58.37107992172241,0.0,1,0.0
0,-0.49899935722351074,-58.87007927894592,0.0010006427764892578,0,0.0010006427764892578
0,-0.5,-59.37007927894592,-0.0010006427764892578,1,0.0
0,-0.5,-59.87007927894592,0.0,0,0.0
0,-0.49896764755249023,-60.36904692649841,0.0010323524475097656,1,0.0010323524475097656
0,-0.4980144500732422,-60.867061376571655,0.0009531974792480469,0,0.0019855499267578125
0,-0.4989321231842041,-61.36599349975586,-0.0009176731109619141,0,0.0010678768157958984
0,-0.4979372024536133,-61.86393070220947,0.0009949207305908203,0,0.0020627975463867188
0,-0.5,-62.36393070220947,-0.0020627975463867188,1,0.0
0,-0.5,-62.86393070220947,0.0,0,0.0
0,-0.5,-63.36393070220947,0.0,1,0.0
0,-0.5,-63.86393070220947,0.0,0,0.0
0,-0.4997243881225586,-64.36365509033203,0.00027561187744140625,1,0.00027561187744140625
0,-0.49914050102233887,-64.86279559135437,0.0005838871002197266,0,0.0008594989776611328
0,-0.5,-65.36279559135437,-0.0008594989776611328,0,0.0
0,-0.49902939796447754,-65.86182498931885,0.0009706020355224609,0,0.0009706020355224609
0,-0.4988579750061035,-66.36068296432495,0.00017142295837402344,1,0.0011420249938964844
0,-0.49773120880126953,-66.85841417312622,0.0011267662048339844,0,0.0022687911987304688
0,-0.49893760681152344,-67.35735177993774,-0.0012063980102539062,1,0.0010623931884765625
0,-0.4979264736175537,-67.8552782535553,0.0010111331939697266,0,0.002073526382446289
0,-0.5,-68.3552782535553,-0.002073526382446289,1,0.0
0,-0.5,-68.8552782535553,0.0,0,0.0
0,-0.4989910125732422,-69.35426926612854,0.0010089874267578125,0,0.0010089874267578125
0,-0.4950282573699951,-69.84929752349854,0.00396275520324707,0,0.004971742630004883
0,-0.5,-70.34929752349854,-0.004971742630004883,0,0.0
0,-0.4994971752166748,-70.84879469871521,0.0005028247833251953,0,0.0005028247833251953
0,-0.5,-71.34879469871521,-0.0005028247833251953,0,0.0
0,-0.4980018138885498,-71.84679651260376,0.0019981861114501953,0,0.0019981861114501953
0,-0.4989814758300781,-72.34577798843384,-0.0009796619415283203,1,0.001018524169921875
0,-0.49800825119018555,-72.84378623962402,0.0009732246398925781,0,0.001991748809814453
0,-0.4994204044342041,-73.34320664405823,-0.0014121532440185547,1,0.0005795955657958984
0,-0.4976489543914795,-73.8408555984497,0.0017714500427246094,0,0.002351045608520508
0,-0.5,-74.3408555984497,-0.002351045608520508,1,0.0
0,-0.5,-74.8408555984497,0.0,0,0.0
0,-0.5,-75.3408555984497,0.0,0,0.0
0,-0.4943366050720215,-75.83519220352173,0.005663394927978516,0,0.005663394927978516
0,-0.4989590644836426,-76.33415126800537,-0.004622459411621094,1,0.0010409355163574219
0,-0.49802207946777344,-76.83217334747314,0.0009369850158691406,0,0.0019779205322265625
0,-0.5,-77.33217334747314,-0.0019779205322265625,1,0.0
0,-0.5,-77.83217334747314,0.0,0,0.0
0,-0.5,-78.33217334747314,0.0,1,0.0
0,-0.4966716766357422,-78.82884502410889,0.0033283233642578125,0,0.0033283233642578125
0,-0.5,-79.32884502410889,-0.0033283233642578125,1,0.0
0,-0.4994974136352539,-79.82834243774414,0.0005025863647460938,0,0.0005025863647460938
0,-0.49893760681152344,-80.32728004455566,0.0005598068237304688,1,0.0010623931884765625
0,-0.49787020683288574,-80.82515025138855,0.0010673999786376953,0,0.002129793167114258
0,-0.4998164176940918,-81.32496666908264,-0.0019462108612060547,0,0.00018358230590820312
0,-0.49939584732055664,-81.8243625164032,0.00042057037353515625,0,0.0006041526794433594
0,-0.5,-82.3243625164032,-0.0006041526794433594,0,0.0
0,-0.5,-82.8243625164032,0.0,0,0.0
0,-0.5,-83.3243625164032,0.0,1,0.0
0,-0.5,-83.8243625164032,0.0,0,0.0
0,-0.5,-84.3243625164032,0.0,1,0.0
0,-0.498002290725708,-84.8223648071289,0.001997709274291992,0,0.001997709274291992
0,-0.5,-85.3223648071289,-0.001997709274291992,1,0.0
0,-0.5,-85.8223648071289,0.0,0,0.0
0,-0.5,-86.3223648071289,0.0,0,0.0
0,-0.4982154369354248,-86.82058024406433,0.0017845630645751953,0,0.0017845630645751953
0,-0.49802088737487793,-87.31860113143921,0.000194549560546875,1,0.0019791126251220703
0,-0.496751070022583,-87.81535220146179,0.0012698173522949219,0,0.003248929977416992
0,-0.4989781379699707,-88.31433033943176,-0.0022270679473876953,0,0.0010218620300292969
0,-0.4963383674621582,-88.81066870689392,0.0026397705078125,0,0.003661632537841797
0,-0.5,-89.31066870689392,-0.003661632537841797,1,0.0
0,-0.4987320899963379,-89.80940079689026,0.0012679100036621094,0,0.0012679100036621094
0,-0.49936509132385254,-90.30876588821411,-0.0006330013275146484,1,0.0006349086761474609
0,-0.49844908714294434,-90.80721497535706,0.0009160041809082031,0,0.001550912857055664
0,-0.49969935417175293,-91.30691432952881,-0.0012502670288085938,1,0.0003006458282470703
0,-0.49812793731689453,-91.8050422668457,0.0015714168548583984,0,0.0018720626831054688
0,-0.5,-92.3050422668457,-0.0018720626831054688,0,0.0
0,-0.49900269508361816,-92.80404496192932,0.000997304916381836,0,0.000997304916381836
0,-0.4989817142486572,-93.30302667617798,2.09808349609375e-05,1,0.0010182857513427734
0,-0.4979426860809326,-93.80096936225891,0.0010390281677246094,0,0.002057313919067383
0,-0.4998154640197754,-94.30078482627869,-0.0018727779388427734,1,0.00018453598022460938
0,-0.49912428855895996,-94.79990911483765,0.0006911754608154297,0,0.0008757114410400391
0,-0.5,-95.29990911483765,-0.0008757114410400391,1,0.0
0,-0.49900221824645996,-95.7989113330841,0.000997781753540039,0,0.000997781753540039
0,-0.49863719940185547,-96.29754853248596,0.0003650188446044922,1,0.0013628005981445312
0,-0.49700403213500977,-96.79455256462097,0.0016331672668457031,0,0.0029959678649902344
0,-0.5,-97.29455256462097,-0.0029959678649902344,1,0.0
0,-0.5,-97.79455256462097,0.0,0,0.0
0,-0.49948859214782715,-98.2940411567688,0.0005114078521728516,1,0.0005114078521728516
0,-0.4989941120147705,-98.79303526878357,0.0004944801330566406,0,0.0010058879852294922
0,-0.5,-99.29303526878357,-0.0010058879852294922,1,0.0
0,-0.49500536918640137,-99.78804063796997,0.004994630813598633,0,0.004994630813598633
0,-0.49901580810546875,-100.28705644607544,-0.004010438919067383,0,0.00098419189453125
0,-0.49851274490356445,-100.785569190979,0.0005030632019042969,0,0.0014872550964355469
0,-0.5,-101.285569190979,-0.0014872550964355469,1,0.0
0,-0.49500203132629395,-101.7805712223053,0.004997968673706055,0,0.004997968673706055
0,-0.5,-102.2805712223053,-0.004997968673706055,1,0.0
0,-0.4979879856109619,-102.77855920791626,0.002012014389038086,0,0.002012014389038086
0,-0.5,-103.27855920791626,-0.002012014389038086,1,0.0
0,-0.5,-103.77855920791626,0.0,0,0.0
0,-0.5,-104.27855920791626,0.0,1,0.0
0,-0.49800634384155273,-104.77656555175781,0.0019936561584472656,0,0.0019936561584472656
0,-0.49896955490112305,-105.27553510665894,-0.0009632110595703125,1,0.0010304450988769531
0,-0.4949800968170166,-105.77051520347595,0.003989458084106445,0,0.0050199031829833984
0,-0.5,-106.27051520347595,-0.0050199031829833984,0,0.0
0,-0.49788832664489746,-106.76840353012085,0.002111673355102539,0,0.002111673355102539
0,-0.5,-107.26840353012085,-0.002111673355102539,1,0.0
0,-0.497408390045166,-107.76581192016602,0.0025916099548339844,0,0.0025916099548339844
0,-0.4995269775390625,-108.26533889770508,-0.0021185874938964844,1,0.0004730224609375
0,-0.4997885227203369,-108.76512742042542,-0.00026154518127441406,0,0.00021147727966308594
0,-0.5,-109.26512742042542,-0.00021147727966308594,1,0.0
0,-0.5,-109.76512742042542,0.0,0,0.0
0,-0.4999356269836426,-110.26506304740906,6.437301635742188e-05,1,6.437301635742188e-05
0,-0.49738526344299316,-110.76244831085205,0.002550363540649414,0,0.002614736557006836
0,-0.5,-111.26244831085205,-0.002614736557006836,1,0.0
0,-0.4949932098388672,-111.75744152069092,0.0050067901611328125,0,0.0050067901611328125
0,-0.5,-112.25744152069092,-0.0050067901611328125,0,0.0
0,-0.5,-112.75744152069092,0.0,1,0.0
0,-0.49590134620666504,-113.25334286689758,0.004098653793334961,0,0.004098653793334961
0,-0.49965357780456543,-113.75299644470215,-0.0037522315979003906,0,0.0003464221954345703
0,-0.5,-114.25299644470215,-0.0003464221954345703,1,0.0
0,-0.4950575828552246,-114.74805402755737,0.004942417144775391,0,0.004942417144775391
0,-0.49900197982788086,-115.24705600738525,-0.00394439697265625,0,0.0009980201721191406
0,-0.5,-115.74705600738525,-0.0009980201721191406,0,0.0
0,-0.4989895820617676,-116.24604558944702,0.0010104179382324219,0,0.0010104179382324219
0,-0.4980154037475586,-116.74406099319458,0.0009741783142089844,0,0.0019845962524414062
0,-0.5,-117.24406099319458,-0.0019845962524414062,1,0.0
0,-0.4979431629180908,-117.74200415611267,0.0020568370819091797,0,0.0020568370819091797
0,-0.5,-118.24200415611267,-0.0020568370819091797,1,0.0
0,-0.5,-118.74200415611267,0.0,0,0.0
0,-0.5,-119.24200415611267,0.0,1,0.0
0,-0.5,-119.74200415611267,0.0,0,0.0
0,-0.49898386001586914,-120.24098801612854,0.0010161399841308594,1,0.0010161399841308594
0,-0.4980595111846924,-120.73904752731323,0.0009243488311767578,0,0.0019404888153076172
0,-0.5,-121.23904752731323,-0.0019404888153076172,1,0.0
0,-0.5,-121.73904752731323,0.0,0,0.0
0,-0.4989962577819824,-122.23804378509521,0.0010037422180175781,1,0.0010037422180175781
0,-0.497997522354126,-122.73604130744934,0.0009987354278564453,0,0.0020024776458740234
0,-0.5,-123.23604130744934,-0.0020024776458740234,0,0.0
0,-0.5,-123.73604130744934,0.0,0,0.0
0,-0.5,-124.23604130744934,0.0,1,0.0
0,-0.5,-124.73604130744934,0.0,0,0.0
0,-0.49892354011535645,-125.2349648475647,0.0010764598846435547,0,0.0010764598846435547
0,-0.5,-125.7349648475647,-0.0010764598846435547,0,0.0
0,-0.5,-126.2349648475647,0.0,1,0.0
0,-0.49500513076782227,-126.72996997833252,0.004994869232177734,0,0.004994869232177734
0,-0.5,-127.22996997833252,-0.004994869232177734,1,0.0
0,-0.49929165840148926,-127.72926163673401,0.0007083415985107422,0,0.0007083415985107422
0,-0.4986865520477295,-128.22794818878174,0.0006051063537597656,1,0.0013134479522705078
0,-0.49897289276123047,-128.72692108154297,-0.00028634071350097656,0,0.0010271072387695312
0,-0.5,-129.22692108154297,-0.0010271072387695312,1,0.0
0,-0.5,-129.72692108154297,0.0,0,0.0
0,-0.5,-130.22692108154297,0.0,1,0.0
0,-0.5,-130.72692108154297,0.0,0,0.0
0,-0.4992804527282715,-131.22620153427124,0.0007195472717285156,1,0.0007195472717285156
0,-0.4997422695159912,-131.72594380378723,-0.00046181678771972656,0,0.00025773048400878906
0,-0.4989297389984131,-132.22487354278564,0.000812530517578125,1,0.001070261001586914
0,-0.49683356285095215,-132.7217071056366,0.0020961761474609375,0,0.0031664371490478516
0,-0.4989807605743408,-133.22068786621094,-0.002147197723388672,1,0.0010192394256591797
0,-0.49702930450439453,-133.71771717071533,0.001951456069946289,0,0.0029706954956054688
0,-0.4994935989379883,-134.21721076965332,-0.00246429443359375,1,0.0005064010620117188
0,-0.49898266792297363,-134.7161934375763,0.0005109310150146484,0,0.0010173320770263672
0,-0.5,-135.2161934375763,-0.0010173320770263672,0,0.0
0,-0.49898624420166016,-135.71517968177795,0.0010137557983398438,0,0.0010137557983398438
0,-0.49895644187927246,-136.21413612365723,2.9802322387695312e-05,1,0.001043558120727539
0,-0.49801015853881836,-136.71214628219604,0.0009462833404541016,0,0.0019898414611816406
0,-0.5,-137.21214628219604,-0.0019898414611816406,0,0.0
0,-0.5,-137.71214628219604,0.0,0,0.0
0,-0.499483585357666,-138.2116298675537,0.0005164146423339844,0,0.0005164146423339844
0,-0.4987671375274658,-138.71039700508118,0.0007164478302001953,0,0.0012328624725341797
0,-0.5,-139.21039700508118,-0.0012328624725341797,1,0.0
0,-0.498992919921875,-139.70938992500305,0.001007080078125,0,0.001007080078125
0,-0.5,-140.20938992500305,-0.001007080078125,1,0.0
0,-0.5,-140.70938992500305,0.0,0,0.0
0,-0.5,-141.20938992500305,0.0,1,0.0
0,-0.4983096122741699,-141.70769953727722,0.0016903877258300781,0,0.0016903877258300781
0,-0.5,-142.20769953727722,-0.0016903877258300781,1,0.0
0,-0.4982261657714844,-142.7059257030487,0.001773834228515625,0,0.001773834228515625
0,-0.5,-143.2059257030487,-0.001773834228515625,0,0.0
0,-0.4989969730377197,-143.70492267608643,0.0010030269622802734,0,0.0010030269622802734
0,-0.5,-144.20492267608643,-0.0010030269622802734,1,0.0
0,-0.49500107765197754,-144.6999237537384,0.004998922348022461,0,0.004998922348022461
0,-0.4994661808013916,-145.1993899345398,-0.0044651031494140625,1,0.0005338191986083984
0,-0.49872350692749023,-145.69811344146729,0.0007426738739013672,0,0.0012764930725097656
0,-0.49962520599365234,-146.19773864746094,-0.0009016990661621094,1,0.00037479400634765625
0,-0.4992523193359375,-146.69699096679688,0.00037288665771484375,0,0.0007476806640625
0,-0.4995877742767334,-147.1965787410736,-0.00033545494079589844,0,0.00041222572326660156
0,-0.5,-147.6965787410736,-0.00041222572326660156,0,0.0
0,-0.5,-148.1965787410736,0.0,1,0.0
0,-0.4947218894958496,-148.69130063056946,0.005278110504150391,0,0.005278110504150391
0,-0.5,-149.19130063056946,-0.005278110504150391,1,0.0
0,-0.49912261962890625,-149.69042325019836,0.00087738037109375,0,0.00087738037109375
0,-0.5,-150.19042325019836,-0.00087738037109375,1,0.0
0,-0.498673677444458,-150.68909692764282,0.0013263225555419922,0,0.0013263225555419922
0,-0.49911069869995117,-151.18820762634277,-0.00043702125549316406,1,0.0008893013000488281
0,-0.49911069869995117,-151.68731832504272,0.0,0,0.0008893013000488281
0,-0.49811768531799316,-152.18543601036072,0.0009930133819580078,1,0.001882314682006836
0,-0.4948079586029053,-152.68024396896362,0.0033097267150878906,0,0.0051920413970947266
0,-0.5,-153.18024396896362,-0.0051920413970947266,1,0.0
0,-0.4961860179901123,-153.67642998695374,0.0038139820098876953,0,0.0038139820098876953
0,-0.5,-154.17642998695374,-0.0038139820098876953,1,0.0
0,-0.4949495792388916,-154.67137956619263,0.0050504207611083984,0,0.0050504207611083984
0,-0.4989910125732422,-155.17037057876587,-0.004041433334350586,1,0.0010089874267578125
0,-0.49800610542297363,-155.66837668418884,0.0009849071502685547,0,0.001993894577026367
0,-0.49910640716552734,-156.16748309135437,-0.001100301742553711,0,0.0008935928344726562
0,-0.4971776008605957,-156.66466069221497,0.0019288063049316406,0,0.002822399139404297
0,-0.5,-157.16466069221497,-0.002822399139404297,1,0.0
0,-0.4980027675628662,-157.66266345977783,0.001997232437133789,0,0.001997232437133789
0,-0.5,-158.16266345977783,-0.001997232437133789,1,0.0
0,-0.4989030361175537,-158.66156649589539,0.001096963882446289,0,0.001096963882446289
0,-0.5,-159.16156649589539,-0.001096963882446289,0,0.0
0,-0.4871072769165039,-159.6486737728119,0.012892723083496094,0,0.012892723083496094
0,-0.5,-160.1486737728119,-0.012892723083496094,0,0.0
0,-0.4984300136566162,-160.6471037864685,0.001569986343383789,0,0.001569986343383789
0,-0.4989619255065918,-161.1460657119751,-0.0005319118499755859,0,0.0010380744934082031
0,-0.5,-161.6460657119751,-0.0010380744934082031,0,0.0
0,-0.49948811531066895,-162.14555382728577,0.0005118846893310547,0,0.0005118846893310547
0,-0.4952356815338135,-162.64078950881958,0.004252433776855469,0,0.0047643184661865234
0,-0.4989807605743408,-163.13977026939392,-0.0037450790405273438,0,0.0010192394256591797
0,-0.4989917278289795,-163.6387619972229,-1.0967254638671875e-05,0,0.0010082721710205078
0,-0.49903225898742676,-164.13779425621033,-4.0531158447265625e-05,1,0.0009677410125732422
0,-0.4940662384033203,-164.63186049461365,0.004966020584106445,0,0.0059337615966796875
0,-0.49898433685302734,-165.13084483146667,-0.004918098449707031,1,0.0010156631469726562
0,-0.4980032444000244,-165.6288480758667,0.0009810924530029297,0,0.001996755599975586
0,-0.4991152286529541,-166.12796330451965,-0.0011119842529296875,1,0.0008847713470458984
0,-0.4958620071411133,-166.62382531166077,0.0032532215118408203,0,0.004137992858886719
0,-0.4994938373565674,-167.12331914901733,-0.0036318302154541016,0,0.0005061626434326172
0,-0.4984889030456543,-167.621808052063,0.001004934310913086,0,0.0015110969543457031
0,-0.5,-168.121808052063,-0.0015110969543457031,1,0.0
0,-0.49700069427490234,-168.6188087463379,0.0029993057250976562,0,0.0029993057250976562
0,-0.5,-169.1188087463379,-0.0029993057250976562,0,0.0
0,-0.5,-169.6188087463379,0.0,0,0.0
0,-0.4989330768585205,-170.1177418231964,0.0010669231414794922,1,0.0010669231414794922
0,-0.4949500560760498,-170.61269187927246,0.003983020782470703,0,0.005049943923950195
0,-0.5,-171.11269187927246,-0.005049943923950195,0,0.0
0,-0.5,-171.61269187927246,0.0,0,0.0
0,-0.5,-172.11269187927246,0.0,1,0.0
0,-0.49900174140930176,-172.61169362068176,0.0009982585906982422,0,0.0009982585906982422
0,-0.5,-173.11169362068176,-0.0009982585906982422,1,0.0
0,-0.4979724884033203,-173.60966610908508,0.0020275115966796875,0,0.0020275115966796875
0,-0.49895668029785156,-174.10862278938293,-0.00098419189453125,0,0.0010433197021484375
0,-0.49564576148986816,-174.6042685508728,0.0033109188079833984,0,0.004354238510131836
0,-0.5,-175.1042685508728,-0.004354238510131836,1,0.0
0,-0.49900245666503906,-175.60327100753784,0.0009975433349609375,0,0.0009975433349609375
0,-0.5,-176.10327100753784,-0.0009975433349609375,1,0.0
0,-0.49900174140930176,-176.60227274894714,0.0009982585906982422,0,0.0009982585906982422
0,-0.5,-177.10227274894714,-0.0009982585906982422,1,0.0
0,-0.5,-177.60227274894714,0.0,0,0.0
0,-0.5,-178.10227274894714,0.0,0,0.0
0,-0.5,-178.60227274894714,0.0,0,0.0
0,-0.5,-179.10227274894714,0.0,1,0.0
0,-0.4984140396118164,-179.60068678855896,0.0015859603881835938,0,0.0015859603881835938
0,-0.49898648262023926,-180.0996732711792,-0.0005724430084228516,0,0.0010135173797607422
0,-0.49595069885253906,-180.59562397003174,0.0030357837677001953,0,0.0040493011474609375
0,-0.4994800090789795,-181.09510397911072,-0.0035293102264404297,1,0.0005199909210205078
0,-0.4987194538116455,-181.59382343292236,0.0007605552673339844,0,0.0012805461883544922
0,-0.49892735481262207,-182.09275078773499,-0.0002079010009765625,0,0.0010726451873779297
0,-0.49448728561401367,-182.587238073349,0.0044400691986083984,0,0.005512714385986328
0,-0.4989199638366699,-183.08615803718567,-0.00443267822265625,1,0.0010800361633300781
0,-0.49800896644592285,-183.5841670036316,0.0009109973907470703,0,0.0019910335540771484
0,-0.49898815155029297,-184.08315515518188,-0.0009791851043701172,1,0.0010118484497070312
0,-0.49442005157470703,-184.5775752067566,0.0045680999755859375,0,0.005579948425292969
0,-0.4994544982910156,-185.0770297050476,-0.005034446716308594,1,0.000545501708984375
0,-0.49904704093933105,-185.57607674598694,0.0004074573516845703,0,0.0009529590606689453
0,-0.5,-186.07607674598694,-0.0009529590606689453,1,0.0
0,-0.49778151512145996,-186.5738582611084,0.002218484878540039,0,0.002218484878540039
0,-0.5,-187.0738582611084,-0.002218484878540039,1,0.0
0,-0.49900341033935547,-187.57286167144775,0.0009965896606445312,0,0.0009965896606445312
0,-0.498981237411499,-188.07184290885925,2.2172927856445312e-05,1,0.0010187625885009766
0,-0.4979591369628906,-188.56980204582214,0.0010221004486083984,0,0.002040863037109375
0,-0.4989304542541504,-189.0687325000763,-0.0009713172912597656,1,0.0010695457458496094
0,-0.49800992012023926,-189.56674242019653,0.0009205341339111328,0,0.001990079879760742
0,-0.49890565872192383,-190.06564807891846,-0.0008957386016845703,1,0.0010943412780761719
0,-0.4951968193054199,-190.56084489822388,0.0037088394165039062,0,0.004803180694580078
0,-0.49896740913391113,-191.0598123073578,-0.003770589828491211,1,0.0010325908660888672
0,-0.49788355827331543,-191.5576958656311,0.0010838508605957031,0,0.0021164417266845703
0,-0.4989652633666992,-192.0566611289978,-0.001081705093383789,1,0.0010347366333007812
0,-0.49434900283813477,-192.55101013183594,0.004616260528564453,0,0.005650997161865234
0,-0.4989736080169678,-193.0499837398529,-0.004624605178833008,1,0.0010263919830322266
0,-0.4989490509033203,-193.54893279075623,2.4557113647460938e-05,0,0.0010509490966796875
0,-0.49942469596862793,-194.04835748672485,-0.0004756450653076172,1,0.0005753040313720703
0,-0.49542784690856934,-194.54378533363342,0.003996849060058594,0,0.004572153091430664
0,-0.5,-195.04378533363342,-0.004572153091430664,1,0.0
0,-0.4979414939880371,-195.54172682762146,0.0020585060119628906,0,0.0020585060119628906
0,-0.5,-196.04172682762146,-0.0020585060119628906,1,0.0
0,-0.47397446632385254,-196.5157012939453,0.02602553367614746,0,0.02602553367614746
0,-0.5,-197.0157012939453,-0.02602553367614746,1,0.0
0,-0.5,-197.5157012939453,0.0,0,0.0
0,-0.5,-198.0157012939453,0.0,1,0.0
0,-0.49500417709350586,-198.51070547103882,0.004995822906494141,0,0.004995822906494141
0,-0.49900341033935547,-199.00970888137817,-0.003999233245849609,0,0.0009965896606445312
0,-0.5,-199.50970888137817,-0.0009965896606445312,0,0.0
0,-0.49898815155029297,-200.00869703292847,0.0010118484497070312,1,0.0010118484497070312
0,-0.49648523330688477,-200.50518226623535,0.002502918243408203,0,0.0035147666931152344
0,-0.5,-201.00518226623535,-0.0035147666931152344,1,0.0
0,-0.5,-201.50518226623535,0.0,0,0.0
0,-0.5,-202.00518226623535,0.0,1,0.0
0,-0.497389554977417,-202.50257182121277,0.002610445022583008,0,0.002610445022583008
0,-0.4989466667175293,-203.0015184879303,-0.0015571117401123047,1,0.0010533332824707031
0,-0.497067928314209,-203.4985864162445,0.0018787384033203125,0,0.0029320716857910156
0,-0.49898338317871094,-203.99756979942322,-0.0019154548645019531,1,0.0010166168212890625
0,-0.4990067481994629,-204.49657654762268,-2.3365020751953125e-05,0,0.0009932518005371094
0,-0.5,-204.99657654762268,-0.0009932518005371094,1,0.0
0,-0.49900341033935547,-205.49557995796204,0.0009965896606445312,0,0.0009965896606445312
0,-0.4990043640136719,-205.9945843219757,-9.5367431640625e-07,1,0.000995635986328125
0,-0.49800753593444824,-206.49259185791016,0.0009968280792236328,0,0.001992464065551758
0,-0.5,-206.99259185791016,-0.001992464065551758,1,0.0
0,-0.499190092086792,-207.49178194999695,0.0008099079132080078,0,0.0008099079132080078
0,-0.5,-207.99178194999695,-0.0008099079132080078,1,0.0
0,-0.4994513988494873,-208.49123334884644,0.0005486011505126953,0,0.0005486011505126953
0,-0.5,-208.99123334884644,-0.0005486011505126953,1,0.0
0,-0.49899768829345703,-209.4902310371399,0.0010023117065429688,0,0.0010023117065429688
0,-0.5,-209.9902310371399,-0.0010023117065429688,1,0.0
0,-0.5,-210.4902310371399,0.0,0,0.0
0,-0.5,-210.9902310371399,0.0,0,0.0
0,-0.4986417293548584,-211.48887276649475,0.0013582706451416016,0,0.0013582706451416016
0,-0.5,-211.98887276649475,-0.0013582706451416016,1,0.0
0,-0.5,-212.48887276649475,0.0,0,0.0
0,-0.4995689392089844,-212.98844170570374,0.000431060791015625,1,0.000431060791015625
0,-0.49913692474365234,-213.4875786304474,0.00043201446533203125,0,0.0008630752563476562
0,-0.49949097633361816,-213.987069606781,-0.0003540515899658203,1,0.0005090236663818359
0,-0.495161771774292,-214.4822313785553,0.004329204559326172,0,0.004838228225708008
0,-0.5,-214.9822313785553,-0.004838228225708008,1,0.0
0,-0.49884700775146484,-215.48107838630676,0.0011529922485351562,0,0.0011529922485351562
0,-0.5,-215.98107838630676,-0.0011529922485351562,1,0.0
0,-0.49631214141845703,-216.47739052772522,0.0036878585815429688,0,0.0036878585815429688
0,-0.5,-216.97739052772522,-0.0036878585815429688,1,0.0
0,-0.49842047691345215,-217.47581100463867,0.0015795230865478516,0,0.0015795230865478516
0,-0.5,-217.97581100463867,-0.0015795230865478516,1,0.0
0,-0.5,-218.47581100463867,0.0,0,0.0
0,-0.5,-218.97581100463867,0.0,0,0.0
0,-0.5,-219.47581100463867,0.0,0,0.0
0,-0.5,-219.97581100463867,0.0,1,0.0
0,-0.49808192253112793,-220.4738929271698,0.0019180774688720703,0,0.0019180774688720703
0,-0.5,-220.9738929271698,-0.0019180774688720703,1,0.0
0,-0.5,-221.4738929271698,0.0,0,0.0
0,-0.4981391429901123,-221.9720320701599,0.0018608570098876953,1,0.0018608570098876953
0,-0.4981391429901123,-222.47017121315002,0.0,0,0.0018608570098876953
0,-0.5,-222.97017121315002,-0.0018608570098876953,1,0.0
0,-0.5,-223.47017121315002,0.0,0,0.0
0,-0.5,-223.97017121315002,0.0,1,0.0
0,-0.4353804588317871,-224.4055516719818,0.06461954116821289,0,0.06461954116821289
0,-0.5,-224.9055516719818,-0.06461954116821289,1,0.0
0,-0.5,-225.4055516719818,0.0,0,0.0
0,-0.4992547035217285,-225.90480637550354,0.0007452964782714844,0,0.0007452964782714844
0,-0.4989347457885742,-226.40374112129211,0.0003199577331542969,0,0.0010652542114257812
0,-0.5,-226.90374112129211,-0.0010652542114257812,1,0.0
0,-0.4988844394683838,-227.4026255607605,0.001115560531616211,0,0.001115560531616211
0,-0.5,-227.9026255607605,-0.001115560531616211,1,0.0
0,-0.4985494613647461,-228.40117502212524,0.0014505386352539062,0,0.0014505386352539062
0,-0.5,-228.90117502212524,-0.0014505386352539062,1,0.0
0,-0.4979226589202881,-229.39909768104553,0.002077341079711914,0,0.002077341079711914
0,-0.4991950988769531,-229.89829277992249,-0.001272439956665039,1,0.000804901123046875
0,-0.49893903732299805,-230.39723181724548,0.0002560615539550781,0,0.0010609626770019531
0,-0.5,-230.89723181724548,-0.0010609626770019531,1,0.0
0,-0.5,-231.39723181724548,0.0,0,0.0
0,-0.5,-231.89723181724548,0.0,1,0.0
0,-0.5,-232.39723181724548,0.0,0,0.0
0,-0.5,-232.89723181724548,0.0,0,0.0
0,-0.5,-233.39723181724548,0.0,0,0.0
0,-0.5,-233.89723181724548,0.0,1,0.0
0,-0.4989786148071289,-234.3962104320526,0.0010213851928710938,0,0.0010213851928710938
0,-0.5,-234.8962104320526,-0.0010213851928710938,1,0.0
0,-0.49900269508361816,-235.39521312713623,0.000997304916381836,0,0.000997304916381836
0,-0.5,-235.89521312713623,-0.000997304916381836,1,0.0
0,-0.49796509742736816,-236.3931782245636,0.002034902572631836,0,0.002034902572631836
0,-0.5,-236.8931782245636,-0.002034902572631836,1,0.0
0,-0.5,-237.3931782245636,0.0,0,0.0
0,-0.5,-237.8931782245636,0.0,1,0.0
0,-0.4454526901245117,-238.3386309146881,0.05454730987548828,0,0.05454730987548828
0,-0.4987525939941406,-238.83738350868225,-0.053299903869628906,1,0.001247406005859375
0,-0.4977076053619385,-239.3350911140442,0.0010449886322021484,0,0.0022923946380615234
0,-0.49949002265930176,-239.8345811367035,-0.0017824172973632812,0,0.0005099773406982422
0,-0.49949002265930176,-240.3340711593628,0.0,0,0.0005099773406982422
0,-0.4989738464355469,-240.83304500579834,0.0005161762237548828,0,0.001026153564453125
0,-0.497833251953125,-241.33087825775146,0.001140594482421875,0,0.002166748046875
0,-0.4990053176879883,-241.82988357543945,-0.0011720657348632812,1,0.0009946823120117188
0,-0.4985837936401367,-242.3284673690796,0.0004215240478515625,0,0.0014162063598632812
0,-0.5,-242.8284673690796,-0.0014162063598632812,1,0.0
0,-0.49900388717651367,-243.3274712562561,0.0009961128234863281,0,0.0009961128234863281
0,-0.5,-243.8274712562561,-0.0009961128234863281,1,0.0
0,-0.5,-244.3274712562561,0.0,0,0.0
0,-0.49796295166015625,-244.82543420791626,0.00203704833984375,1,0.00203704833984375
0,-0.49588537216186523,-245.32131958007812,0.0020775794982910156,0,0.004114627838134766
0,-0.49898767471313477,-245.82030725479126,-0.0031023025512695312,1,0.0010123252868652344
0,-0.5,-246.32030725479126,-0.0010123252868652344,0,0.0
0,-0.5,-246.82030725479126,0.0,1,0.0
0,-0.4989950656890869,-247.31930232048035,0.001004934310913086,0,0.001004934310913086
0,-0.5,-247.81930232048035,-0.001004934310913086,1,0.0
0,-0.49892640113830566,-248.31822872161865,0.001073598861694336,0,0.001073598861694336
0,-0.4989802837371826,-248.81720900535583,-5.3882598876953125e-05,0,0.0010197162628173828
0,-0.4979376792907715,-249.3151466846466,0.0010426044464111328,0,0.0020623207092285156
0,-0.4990105628967285,-249.81415724754333,-0.0010728836059570312,0,0.0009894371032714844
0,-0.49900341033935547,-250.3131606578827,7.152557373046875e-06,0,0.0009965896606445312
0,-0.5,-250.8131606578827,-0.0009965896606445312,0,0.0
0,-0.4955582618713379,-251.30871891975403,0.004441738128662109,0,0.004441738128662109
0,-0.5,-251.80871891975403,-0.004441738128662109,1,0.0
0,-0.4990057945251465,-252.30772471427917,0.0009942054748535156,0,0.0009942054748535156
0,-0.5,-252.80772471427917,-0.0009942054748535156,1,0.0
0,-0.5,-253.30772471427917,0.0,0,0.0
0,-0.5,-253.80772471427917,0.0,1,0.0
0,-0.5,-254.30772471427917,0.0,0,0.0
0,-0.5,-254.80772471427917,0.0,1,0.0
0,-0.4990048408508301,-255.30672955513,0.0009951591491699219,0,0.0009951591491699219
0,-0.5,-255.80672955513,-0.0009951591491699219,0,0.0
0,-0.5,-256.30672955513,0.0,0,0.0
0,-0.5,-256.80672955513,0.0,1,0.0
0,-0.5,-257.30672955513,0.0,0,0.0
0,-0.5,-257.80672955513,0.0,1,0.0
0,-0.4988100528717041,-258.3055396080017,0.0011899471282958984,0,0.0011899471282958984
0,-0.5,-258.8055396080017,-0.0011899471282958984,1,0.0
0,-0.5,-259.3055396080017,0.0,0,0.0
0,-0.5,-259.8055396080017,0.0,1,0.0
0,-0.4975149631500244,-260.30305457115173,0.002485036849975586,0,0.002485036849975586
0,-0.5,-260.80305457115173,-0.002485036849975586,0,0.0
0,-0.5,-261.30305457115173,0.0,0,0.0
0,-0.5,-261.80305457115173,0.0,1,0.0
0,-0.49734950065612793,-262.30040407180786,0.0026504993438720703,0,0.0026504993438720703
0,-0.5,-262.80040407180786,-0.0026504993438720703,1,0.0
0,-0.5,-263.30040407180786,0.0,0,0.0
0,-0.5,-263.80040407180786,0.0,1,0.0
0,-0.4947218894958496,-264.2951259613037,0.005278110504150391,0,0.005278110504150391
0,-0.4994981288909912,-264.7946240901947,-0.0047762393951416016,0,0.0005018711090087891
0,-0.5,-265.2946240901947,-0.0005018711090087891,0,0.0
0,-0.5,-265.7946240901947,0.0,1,0.0
0,-0.5,-266.2946240901947,0.0,0,0.0
0,-0.4985032081604004,-266.7931272983551,0.0014967918395996094,1,0.0014967918395996094
0,-0.4983558654785156,-267.2914831638336,0.00014734268188476562,0,0.001644134521484375
0,-0.5,-267.7914831638336,-0.001644134521484375,1,0.0
0,-0.49495434761047363,-268.2864375114441,0.005045652389526367,0,0.005045652389526367
0,-0.5,-268.7864375114441,-0.005045652389526367,0,0.0
0,-0.5,-269.2864375114441,0.0,0,0.0
0,-0.4995718002319336,-269.786009311676,0.00042819976806640625,1,0.00042819976806640625
0,-0.4994974136352539,-270.2855067253113,7.43865966796875e-05,0,0.0005025863647460938
0,-0.5,-270.7855067253113,-0.0005025863647460938,1,0.0
0,-0.499006986618042,-271.2845137119293,0.0009930133819580078,0,0.0009930133819580078
0,-0.5,-271.7845137119293,-0.0009930133819580078,1,0.0
0,-0.4943852424621582,-272.2788989543915,0.005614757537841797,0,0.005614757537841797
0,-0.5,-272.7788989543915,-0.005614757537841797,1,0.0
0,-0.49900174140930176,-273.2779006958008,0.0009982585906982422,0,0.0009982585906982422
0,-0.5,-273.7779006958008,-0.0009982585906982422,1,0.0
0,-0.5,-274.2779006958008,0.0,0,0.0
0,-0.5,-274.7779006958008,0.0,1,0.0
0,-0.4994773864746094,-275.2773780822754,0.000522613525390625,0,0.000522613525390625
0,-0.5,-275.7773780822754,-0.000522613525390625,1,0.0
0,-0.5,-276.2773780822754,0.0,0,0.0
0,-0.5,-276.7773780822754,0.0,1,0.0
0,-0.49909305572509766,-277.2764711380005,0.0009069442749023438,0,0.0009069442749023438
0,-0.5,-277.7764711380005,-0.0009069442749023438,1,0.0
0,-0.5,-278.2764711380005,0.0,0,0.0
0,-0.5,-278.7764711380005,0.0,0,0.0
0,-0.49836039543151855,-279.274831533432,0.0016396045684814453,0,0.0016396045684814453
0,-0.5,-279.774831533432,-0.0016396045684814453,1,0.0
0,-0.4980769157409668,-280.272908449173,0.0019230842590332031,0,0.0019230842590332031
0,-0.5,-280.772908449173,-0.0019230842590332031,1,0.0
0,-0.5,-281.272908449173,0.0,0,0.0
0,-0.5,-281.772908449173,0.0,1,0.0
0,-0.49899864196777344,-282.27190709114075,0.0010013580322265625,0,0.0010013580322265625
0,-0.5,-282.77190709114075,-0.0010013580322265625,0,0.0
0,-0.49601125717163086,-283.2679183483124,0.003988742828369141,0,0.003988742828369141
0,-0.5,-283.7679183483124,-0.003988742828369141,1,0.0
0,-0.5,-284.2679183483124,0.0,0,0.0
0,-0.5,-284.7679183483124,0.0,1,0.0
0,-0.49898290634155273,-285.26690125465393,0.0010170936584472656,0,0.0010170936584472656
0,-0.5,-285.76690125465393,-0.0010170936584472656,1,0.0
0,-0.5,-286.26690125465393,0.0,0,0.0
0,-0.5,-286.76690125465393,0.0,0,0.0
0,-0.49791693687438965,-287.2648181915283,0.0020830631256103516,0,0.0020830631256103516
0,-0.5,-287.7648181915283,-0.0020830631256103516,0,0.0
0,-0.5,-288.2648181915283,0.0,0,0.0
0,-0.4989302158355713,-288.7637484073639,0.001069784164428711,1,0.001069784164428711
0,-0.4979090690612793,-289.26165747642517,0.0010211467742919922,0,0.002090930938720703
0,-0.5,-289.76165747642517,-0.002090930938720703,1,0.0
0,-0.5,-290.26165747642517,0.0,0,0.0
0,-0.5,-290.76165747642517,0.0,0,0.0
0,-0.4979434013366699,-291.25960087776184,0.002056598663330078,0,0.002056598663330078
0,-0.5,-291.75960087776184,-0.002056598663330078,1,0.0
0,-0.5,-292.25960087776184,0.0,0,0.0
0,-0.5,-292.75960087776184,0.0,1,0.0
0,-0.4990060329437256,-293.25860691070557,0.000993967056274414,0,0.000993967056274414
0,-0.5,-293.75860691070557,-0.000993967056274414,0,0.0
0,-0.5,-294.25860691070557,0.0,0,0.0
0,-0.5,-294.75860691070557,0.0,1,0.0
0,-0.4969756603240967,-295.25558257102966,0.0030243396759033203,0,0.0030243396759033203
0,-0.5,-295.75558257102966,-0.0030243396759033203,1,0.0
0,-0.4976968765258789,-296.25327944755554,0.0023031234741210938,0,0.0023031234741210938
0,-0.5,-296.75327944755554,-0.0023031234741210938,0,0.0
0,-0.5,-297.25327944755554,0.0,0,0.0
0,-0.5,-297.75327944755554,0.0,1,0.0
0,-0.49900150299072266,-298.25228095054626,0.0009984970092773438,0,0.0009984970092773438
0,-0.5,-298.75228095054626,-0.0009984970092773438,1,0.0
0,-0.5,-299.25228095054626,0.0,0,0.0
0,-0.5,-299.75228095054626,0.0,1,0.0
0,-0.5,-300.25228095054626,0.0,0,0.0
0,-0.5,-300.75228095054626,0.0,1,0.0
0,-0.5,-301.25228095054626,0.0,0,0.0
0,-0.5,-301.75228095054626,0.0,1,0.0
0,-0.5,-302.25228095054626,0.0,0,0.0
0,-0.5,-302.75228095054626,0.0,1,0.0
0,-0.49907922744750977,-303.2513601779938,0.0009207725524902344,0,0.0009207725524902344
0,-0.5,-303.7513601779938,-0.0009207725524902344,0,0.0
0,-0.5,-304.2513601779938,0.0,0,0.0
0,-0.5,-304.7513601779938,0.0,0,0.0
0,-0.5,-305.2513601779938,0.0,0,0.0
0,-0.5,-305.7513601779938,0.0,1,0.0
0,-0.4837677478790283,-306.2351279258728,0.01623225212097168,0,0.01623225212097168
0,-0.49958157539367676,-306.7347095012665,-0.015813827514648438,1,0.0004184246063232422
0,-0.49892258644104004,-307.2336320877075,0.0006589889526367188,0,0.001077413558959961
0,-0.5,-307.7336320877075,-0.001077413558959961,1,0.0
0,-0.5,-308.2336320877075,0.0,0,0.0
0,-0.49900150299072266,-308.73263359069824,0.0009984970092773438,0,0.0009984970092773438
0,-0.5,-309.23263359069824,-0.0009984970092773438,0,0.0
0,-0.5,-309.73263359069824,0.0,1,0.0
0,-0.5,-310.23263359069824,0.0,0,0.0
0,-0.5,-310.73263359069824,0.0,1,0.0
0,-0.5,-311.23263359069824,0.0,0,0.0
0,-0.5,-311.73263359069824,0.0,0,0.0
0,-0.4990055561065674,-312.2316391468048,0.0009944438934326172,0,0.0009944438934326172
0,-0.49900364875793457,-312.73064279556274,1.9073486328125e-06,1,0.0009963512420654297
0,-0.49799561500549316,-313.22863841056824,0.0010080337524414062,0,0.002004384994506836
0,-0.5,-313.72863841056824,-0.002004384994506836,1,0.0
0,-0.5,-314.22863841056824,0.0,0,0.0
0,-0.5,-314.72863841056824,0.0,0,0.0
0,-0.49903225898742676,-315.22767066955566,0.0009677410125732422,0,0.0009677410125732422
0,-0.5,-315.72767066955566,-0.0009677410125732422,1,0.0
0,-0.5,-316.22767066955566,0.0,0,0.0
0,-0.5,-316.72767066955566,0.0,0,0.0
0,-0.5,-317.22767066955566,0.0,0,0.0
0,-0.5,-317.72767066955566,0.0,1,0.0
0,-0.4990568161010742,-318.22672748565674,0.0009431838989257812,0,0.0009431838989257812
0,-0.4990048408508301,-318.72573232650757,5.1975250244140625e-05,1,0.0009951591491699219
0,-0.4980044364929199,-319.2237367630005,0.0010004043579101562,0,0.001995563507080078
0,-0.49903440475463867,-319.7227711677551,-0.00102996826171875,1,0.0009655952453613281
0,-0.49660801887512207,-320.21937918663025,0.0024263858795166016,0,0.0033919811248779297
0,-0.5,-320.71937918663025,-0.0033919811248779297,1,0.0
0,-0.5,-321.21937918663025,0.0,0,0.0
0,-0.49898195266723633,-321.7183611392975,0.0010180473327636719,0,0.0010180473327636719
0,-0.498948335647583,-322.21730947494507,3.361701965332031e-05,0,0.0010516643524169922
0,-0.5,-322.71730947494507,-0.0010516643524169922,1,0.0
0,-0.5,-323.21730947494507,0.0,0,0.0
0,-0.5,-323.71730947494507,0.0,1,0.0
0,-0.5,-324.21730947494507,0.0,0,0.0
0,-0.4999353885650635,-324.71724486351013,6.461143493652344e-05,1,6.461143493652344e-05
0,-0.5,-325.21724486351013,-6.461143493652344e-05,0,0.0
0,-0.5,-325.71724486351013,0.0,1,0.0
0,-0.4989016056060791,-326.2161464691162,0.0010983943939208984,0,0.0010983943939208984
0,-0.5,-326.7161464691162,-0.0010983943939208984,0,0.0
0,-0.4994931221008301,-327.21563959121704,0.0005068778991699219,0,0.0005068778991699219
0,-0.5,-327.71563959121704,-0.0005068778991699219,1,0.0
0,-0.49800992012023926,-328.2136495113373,0.001990079879760742,0,0.001990079879760742
0,-0.5,-328.7136495113373,-0.001990079879760742,0,0.0
0,-0.49700927734375,-329.21065878868103,0.00299072265625,0,0.00299072265625
0,-0.5,-329.71065878868103,-0.00299072265625,1,0.0
0,-0.49849629402160645,-330.20915508270264,0.0015037059783935547,0,0.0015037059783935547
0,-0.5,-330.70915508270264,-0.0015037059783935547,1,0.0
0,-0.49897003173828125,-331.2081251144409,0.00102996826171875,0,0.00102996826171875
0,-0.5,-331.7081251144409,-0.00102996826171875,1,0.0
0,-0.4980926513671875,-332.2062177658081,0.0019073486328125,0,0.0019073486328125
0,-0.5,-332.7062177658081,-0.0019073486328125,1,0.0
0,-0.499478816986084,-333.2056965827942,0.0005211830139160156,0,0.0005211830139160156
0,-0.5,-333.7056965827942,-0.0005211830139160156,1,0.0
0,-0.5,-334.2056965827942,0.0,0,0.0
0,-0.5,-334.7056965827942,0.0,1,0.0
0,-0.49495553970336914,-335.20065212249756,0.005044460296630859,0,0.005044460296630859
0,-0.5,-335.70065212249756,-0.005044460296630859,1,0.0
0,-0.5,-336.20065212249756,0.0,0,0.0
0,-0.5,-336.70065212249756,0.0,1,0.0
0,-0.4989938735961914,-337.19964599609375,0.0010061264038085938,0,0.0010061264038085938
0,-0.5,-337.69964599609375,-0.0010061264038085938,1,0.0
0,-0.5,-338.19964599609375,0.0,0,0.0
0,-0.5,-338.69964599609375,0.0,1,0.0
0,-0.5,-339.19964599609375,0.0,0,0.0
0,-0.5,-339.69964599609375,0.0,1,0.0
0,-0.4950077533721924,-340.19465374946594,0.004992246627807617,0,0.004992246627807617
0,-0.5,-340.69465374946594,-0.004992246627807617,1,0.0
0,-0.5,-341.19465374946594,0.0,0,0.0
0,-0.5,-341.69465374946594,0.0,1,0.0
0,-0.5,-342.19465374946594,0.0,0,0.0
0,-0.5,-342.69465374946594,0.0,0,0.0
0,-0.5,-343.19465374946594,0.0,0,0.0
0,-0.5,-343.69465374946594,0.0,1,0.0
0,-0.5,-344.19465374946594,0.0,0,0.0
0,-0.5,-344.69465374946594,0.0,1,0.0
0,-0.5,-345.19465374946594,0.0,0,0.0
0,-0.498974084854126,-345.69362783432007,0.0010259151458740234,1,0.0010259151458740234
0,-0.49743175506591797,-346.191059589386,0.0015423297882080078,0,0.0025682449340820312
0,-0.5,-346.691059589386,-0.0025682449340820312,0,0.0
0,-0.4964938163757324,-347.1875534057617,0.003506183624267578,0,0.003506183624267578
0,-0.49900221824645996,-347.6865556240082,-0.002508401870727539,1,0.000997781753540039
0,-0.4967637062072754,-348.18331933021545,0.0022385120391845703,0,0.0032362937927246094
0,-0.5,-348.68331933021545,-0.0032362937927246094,0,0.0
0,-0.5,-349.18331933021545,0.0,0,0.0
0,-0.5,-349.68331933021545,0.0,0,0.0
0,-0.5,-350.18331933021545,0.0,0,0.0
0,-0.5,-350.68331933021545,0.0,0,0.0
0,-0.4994161128997803,-351.18273544311523,0.0005838871002197266,0,0.0005838871002197266
0,-0.5,-351.68273544311523,-0.0005838871002197266,0,0.0
0,-0.4990057945251465,-352.1817412376404,0.0009942054748535156,0,0.0009942054748535156
0,-0.49897265434265137,-352.68071389198303,3.314018249511719e-05,1,0.0010273456573486328
0,-0.49800944328308105,-353.1787233352661,0.0009632110595703125,0,0.0019905567169189453
0,-0.4995081424713135,-353.6782314777374,-0.0014986991882324219,0,0.0004918575286865234
0,-0.49880528450012207,-354.17703676223755,0.0007028579711914062,0,0.0011947154998779297
0,-0.49896740913391113,-354.67600417137146,-0.0001621246337890625,1,0.0010325908660888672
0,-0.49800753593444824,-355.1740117073059,0.0009598731994628906,0,0.001992464065551758
0,-0.5,-355.6740117073059,-0.001992464065551758,0,0.0
0,-0.5,-356.1740117073059,0.0,0,0.0
0,-0.5,-356.6740117073059,0.0,0,0.0
0,-0.5,-357.1740117073059,0.0,0,0.0
0,-0.5,-357.6740117073059,0.0,1,0.0
0,-0.5,-358.1740117073059,0.0,0,0.0
0,-0.5,-358.6740117073059,0.0,0,0.0
0,-0.5,-359.1740117073059,0.0,0,0.0
0,-0.5,-359.6740117073059,0.0,1,0.0
0,-0.49700069427490234,-360.1710124015808,0.0029993057250976562,0,0.0029993057250976562
0,-0.49892473220825195,-360.66993713378906,-0.0019240379333496094,0,0.0010752677917480469
0,-0.5,-361.16993713378906,-0.0010752677917480469,0,0.0
0,-0.5,-361.66993713378906,0.0,1,0.0
0,-0.49900197982788086,-362.16893911361694,0.0009980201721191406,0,0.0009980201721191406
0,-0.4989156723022461,-362.6678547859192,8.630752563476562e-05,0,0.0010843276977539062
0,-0.5,-363.1678547859192,-0.0010843276977539062,0,0.0
0,-0.4997849464416504,-363.66763973236084,0.00021505355834960938,1,0.00021505355834960938
0,-0.4996170997619629,-364.1672568321228,0.0001678466796875,0,0.0003829002380371094
0,-0.5,-364.6672568321228,-0.0003829002380371094,0,0.0
0,-0.49926304817199707,-365.1665198802948,0.0007369518280029297,0,0.0007369518280029297
0,-0.5,-365.6665198802948,-0.0007369518280029297,0,0.0
0,-0.4987363815307617,-366.16525626182556,0.0012636184692382812,0,0.0012636184692382812
0,-0.4992375373840332,-366.6644937992096,-0.0005011558532714844,0,0.0007624626159667969
0,-0.499755859375,-367.1642496585846,-0.0005183219909667969,0,0.000244140625
0,-0.5,-367.6642496585846,-0.000244140625,1,0.0
0,-0.4950711727142334,-368.1593208312988,0.0049288272857666016,0,0.0049288272857666016
0,-0.4990072250366211,-368.65832805633545,-0.003936052322387695,0,0.0009927749633789062
0,-0.5,-369.15832805633545,-0.0009927749633789062,0,0.0
0,-0.49892401695251465,-369.65725207328796,0.0010759830474853516,1,0.0010759830474853516
0,-0.49793004989624023,-370.1551821231842,0.000993967056274414,0,0.0020699501037597656
0,-0.5,-370.6551821231842,-0.0020699501037597656,1,0.0
0,-0.5,-371.1551821231842,0.0,0,0.0
0,-0.5,-371.6551821231842,0.0,0,0.0
0,-0.5,-372.1551821231842,0.0,0,0.0
0,-0.4976224899291992,-372.6528046131134,0.0023775100708007812,0,0.0023775100708007812
0,-0.49733424186706543,-373.15013885498047,0.00028824806213378906,0,0.0026657581329345703
0,-0.5,-373.65013885498047,-0.0026657581329345703,0,0.0
0,-0.5,-374.15013885498047,0.0,0,0.0
0,-0.5,-374.65013885498047,0.0,0,0.0
0,-0.5,-375.15013885498047,0.0,0,0.0
0,-0.4989590644836426,-375.6490979194641,0.0010409355163574219,1,0.0010409355163574219
0,-0.497936487197876,-376.147034406662,0.0010225772857666016,0,0.0020635128021240234
0,-0.5,-376.647034406662,-0.0020635128021240234,0,0.0
0,-0.4994971752166748,-377.14653158187866,0.0005028247833251953,0,0.0005028247833251953
0,-0.5,-377.64653158187866,-0.0005028247833251953,0,0.0
0,-0.5,-378.14653158187866,0.0,0,0.0
0,-0.4994926452636719,-378.64602422714233,0.000507354736328125,1,0.000507354736328125
0,-0.49558353424072266,-379.14160776138306,0.003909111022949219,0,0.004416465759277344
0,-0.5,-379.64160776138306,-0.004416465759277344,0,0.0
0,-0.5,-380.14160776138306,0.0,0,0.0
0,-0.4989509582519531,-380.640558719635,0.001049041748046875,0,0.001049041748046875
0,-0.5,-381.140558719635,-0.001049041748046875,0,0.0
0,-0.5,-381.640558719635,0.0,1,0.0
0,-0.4987599849700928,-382.1393187046051,0.0012400150299072266,0,0.0012400150299072266
0,-0.4989664554595947,-382.6382851600647,-0.00020647048950195312,0,0.0010335445404052734
0,-0.5,-383.1382851600647,-0.0010335445404052734,0,0.0
0,-0.49898195266723633,-383.63726711273193,0.0010180473327636719,0,0.0010180473327636719
0,-0.4996180534362793,-384.1368851661682,-0.0006361007690429688,0,0.0003819465637207031
0,-0.5,-384.6368851661682,-0.0003819465637207031,0,0.0
0,-0.4969918727874756,-385.1338770389557,0.003008127212524414,0,0.003008127212524414
0,-0.49892330169677734,-385.63280034065247,-0.0019314289093017578,0,0.0010766983032226562
0,-0.4979438781738281,-386.1307442188263,0.0009794235229492188,0,0.002056121826171875
0,-0.5,-386.6307442188263,-0.002056121826171875,0,0.0
0,-0.5,-387.1307442188263,0.0,0,0.0
0,-0.5,-387.6307442188263,0.0,0,0.0
0,-0.4993441104888916,-388.1300883293152,0.0006558895111083984,0,0.0006558895111083984
0,-0.5,-388.6300883293152,-0.0006558895111083984,0,0.0
0,-0.4998478889465332,-389.1299362182617,0.00015211105346679688,0,0.00015211105346679688
0,-0.4996802806854248,-389.62961649894714,0.00016760826110839844,0,0.0003197193145751953
0,-0.49987053871154785,-390.1294870376587,-0.00019025802612304688,0,0.00012946128845214844
0,-0.4994819164276123,-390.6289689540863,0.0003886222839355469,1,0.0005180835723876953
0,-0.49682164192199707,-391.1257905960083,0.0026602745056152344,0,0.0031783580780029297
0,-0.5,-391.6257905960083,-0.0031783580780029297,1,0.0
0,-0.5,-392.1257905960083,0.0,0,0.0
0,-0.5,-392.6257905960083,0.0,0,0.0
0,-0.5,-393.1257905960083,0.0,0,0.0
0,-0.5,-393.6257905960083,0.0,1,0.0
0,-0.4974503517150879,-394.1232409477234,0.0025496482849121094,0,0.0025496482849121094
0,-0.5,-394.6232409477234,-0.0025496482849121094,0,0.0
0,-0.5,-395.1232409477234,0.0,0,0.0
0,-0.4991881847381592,-395.62242913246155,0.0008118152618408203,0,0.0008118152618408203
0,-0.5,-396.12242913246155,-0.0008118152618408203,0,0.0
0,-0.5,-396.62242913246155,0.0,1,0.0
0,-0.5,-397.12242913246155,0.0,0,0.0
0,-0.5,-397.62242913246155,0.0,1,0.0
0,-0.5,-398.12242913246155,0.0,0,0.0
0,-0.5,-398.62242913246155,0.0,0,0.0
0,-0.4989957809448242,-399.1214249134064,0.0010042190551757812,0,0.0010042190551757812
0,-0.4989900588989258,-399.6204149723053,5.7220458984375e-06,1,0.0010099411010742188
0,-0.49800705909729004,-400.1184220314026,0.0009829998016357422,0,0.001992940902709961
0,-0.5,-400.6184220314026,-0.001992940902709961,0,0.0
0,-0.5,-401.1184220314026,0.0,0,0.0
0,-0.5,-401.6184220314026,0.0,0,0.0
0,-0.5,-402.1184220314026,0.0,0,0.0
0,-0.5,-402.6184220314026,0.0,0,0.0
0,-0.5,-403.1184220314026,0.0,0,0.0
0,-0.5,-403.6184220314026,0.0,0,0.0
0,-0.5,-404.1184220314026,0.0,0,0.0
0,-0.49848055839538574,-404.616902589798,0.0015194416046142578,0,0.0015194416046142578
0,-0.5,-405.116902589798,-0.0015194416046142578,0,0.0
0,-0.5,-405.616902589798,0.0,0,0.0
0,-0.5,-406.116902589798,0.0,0,0.0
0,-0.5,-406.616902589798,0.0,1,0.0
0,-0.4989945888519287,-407.1158971786499,0.001005411148071289,0,0.001005411148071289
0,-0.49898219108581543,-407.6148793697357,1.239776611328125e-05,1,0.0010178089141845703
0,-0.49698758125305176,-408.11186695098877,0.001994609832763672,0,0.003012418746948242
0,-0.4996297359466553,-408.6114966869354,-0.0026421546936035156,1,0.00037026405334472656
0,-0.49733614921569824,-409.1088328361511,0.0022935867309570312,0,0.002663850784301758
0,-0.5,-409.6088328361511,-0.002663850784301758,1,0.0
0,-0.5,-410.1088328361511,0.0,0,0.0
0,-0.5,-410.6088328361511,0.0,0,0.0
0,-0.5,-411.1088328361511,0.0,0,0.0
0,-0.5,-411.6088328361511,0.0,1,0.0
0,-0.5,-412.1088328361511,0.0,0,0.0
0,-0.49859619140625,-412.6074290275574,0.00140380859375,0,0.00140380859375
0,-0.49791574478149414,-413.10534477233887,0.0006804466247558594,0,0.0020842552185058594
0,-0.4993274211883545,-413.6046721935272,-0.0014116764068603516,1,0.0006725788116455078
0,-0.49909186363220215,-414.1037640571594,0.00023555755615234375,0,0.0009081363677978516
0,-0.4989933967590332,-414.60275745391846,9.846687316894531e-05,1,0.0010066032409667969
0,-0.4979526996612549,-415.1007101535797,0.0010406970977783203,0,0.002047300338745117
0,-0.49898242950439453,-415.5996925830841,-0.0010297298431396484,1,0.0010175704956054688
0,-0.49675846099853516,-416.09645104408264,0.002223968505859375,0,0.0032415390014648438
0,-0.5,-416.59645104408264,-0.0032415390014648438,1,0.0
0,-0.49872422218322754,-417.09517526626587,0.001275777816772461,0,0.001275777816772461
0,-0.49900031089782715,-417.5941755771637,-0.0002760887145996094,1,0.0009996891021728516
0,-0.49900031089782715,-418.0931758880615,0.0,0,0.0009996891021728516
0,-0.4989192485809326,-418.59209513664246,8.106231689453125e-05,0,0.0010807514190673828
0,-0.5,-419.09209513664246,-0.0010807514190673828,0,0.0
0,-0.4989197254180908,-419.59101486206055,0.0010802745819091797,0,0.0010802745819091797
0,-0.4978632926940918,-420.08887815475464,0.0010564327239990234,0,0.002136707305908203
0,-0.4988973140716553,-420.5877754688263,-0.0010340213775634766,1,0.0011026859283447266
0,-0.49797749519348145,-421.0857529640198,0.0009198188781738281,0,0.0020225048065185547
0,-0.4990558624267578,-421.58480882644653,-0.0010783672332763672,0,0.0009441375732421875
0,-0.498044490814209,-422.08285331726074,0.0010113716125488281,0,0.0019555091857910156
0,-0.4990880489349365,-422.5819413661957,-0.001043558120727539,1,0.0009119510650634766
0,-0.498551607131958,-423.08049297332764,0.0005364418029785156,0,0.0014483928680419922
0,-0.4989938735961914,-423.5794868469238,-0.00044226646423339844,1,0.0010061264038085938
0,-0.49795007705688477,-424.0774369239807,0.0010437965393066406,0,0.0020499229431152344
0,-0.5,-424.5774369239807,-0.0020499229431152344,1,0.0
0,-0.5,-425.0774369239807,0.0,0,0.0
0,-0.49959397315979004,-425.5770308971405,0.00040602684020996094,1,0.00040602684020996094
0,-0.49944519996643066,-426.07647609710693,0.000148773193359375,0,0.0005548000335693359
0,-0.5,-426.57647609710693,-0.0005548000335693359,1,0.0
0,-0.5,-427.07647609710693,0.0,0,0.0
0,-0.5,-427.57647609710693,0.0,1,0.0
0,-0.49686288833618164,-428.0733389854431,0.0031371116638183594,0,0.0031371116638183594
0,-0.4990062713623047,-428.5723452568054,-0.002143383026123047,1,0.0009937286376953125
0,-0.4990062713623047,-429.0713515281677,0.0,0,0.0009937286376953125
0,-0.5,-429.5713515281677,-0.0009937286376953125,1,0.0
0,-0.4927651882171631,-430.0641167163849,0.007234811782836914,0,0.007234811782836914
0,-0.49864745140075684,-430.56276416778564,-0.00588226318359375,1,0.001352548599243164
0,-0.49773621559143066,-431.0605003833771,0.0009112358093261719,0,0.002263784408569336
0,-0.5,-431.5605003833771,-0.002263784408569336,1,0.0
0,-0.5,-432.0605003833771,0.0,0,0.0
0,-0.49900054931640625,-432.5595009326935,0.00099945068359375,1,0.00099945068359375
0,-0.49919748306274414,-433.0586984157562,-0.00019693374633789062,0,0.0008025169372558594
0,-0.5,-433.5586984157562,-0.0008025169372558594,1,0.0
0,-0.4970111846923828,-434.0557096004486,0.0029888153076171875,0,0.0029888153076171875
0,-0.5,-434.5557096004486,-0.0029888153076171875,1,0.0
0,-0.4964897632598877,-435.0521993637085,0.0035102367401123047,0,0.0035102367401123047
0,-0.4995155334472656,-435.55171489715576,-0.0030257701873779297,1,0.000484466552734375
0,-0.4936223030090332,-436.0453372001648,0.005893230438232422,0,0.006377696990966797
0,-0.49900031089782715,-436.5443375110626,-0.005378007888793945,1,0.0009996891021728516
0,-0.4963397979736328,-437.04067730903625,0.002660512924194336,0,0.0036602020263671875
0,-0.5,-437.54067730903625,-0.0036602020263671875,0,0.0
0,-0.49507808685302734,-438.0357553958893,0.004921913146972656,0,0.004921913146972656
0,-0.5,-438.5357553958893,-0.004921913146972656,1,0.0
0,-0.49900317192077637,-439.03475856781006,0.0009968280792236328,0,0.0009968280792236328
0,-0.5,-439.53475856781006,-0.0009968280792236328,0,0.0
0,-0.49900341033935547,-440.0337619781494,0.0009965896606445312,0,0.0009965896606445312
0,-0.49898791313171387,-440.5327498912811,1.5497207641601562e-05,0,0.0010120868682861328
0,-0.49501895904541016,-441.02776885032654,0.003968954086303711,0,0.004981040954589844
0,-0.5,-441.52776885032654,-0.004981040954589844,1,0.0
0,-0.49439191818237305,-442.0221607685089,0.005608081817626953,0,0.005608081817626953
0,-0.5,-442.5221607685089,-0.005608081817626953,2,0.0
0,-0.4973928928375244,-443.01955366134644,0.002607107162475586,0,0.002607107162475586
0,-0.49695420265197754,-443.5165078639984,0.000438690185546875,0,0.003045797348022461
0,-0.5,-444.0165078639984,-0.003045797348022461,0,0.0
0,-0.5,-444.5165078639984,0.0,0,0.0
0,-0.4979579448699951,-445.0144658088684,0.002042055130004883,0,0.002042055130004883
0,-0.4989907741546631,-445.51345658302307,-0.0010328292846679688,1,0.001009225845336914
0,-0.4979524612426758,-446.01140904426575,0.0010383129119873047,0,0.0020475387573242188
0,-0.5,-446.51140904426575,-0.0020475387573242188,1,0.0
0,-0.49187588691711426,-447.00328493118286,0.008124113082885742,0,0.008124113082885742
0,-0.49957823753356934,-447.50286316871643,-0.007702350616455078,1,0.00042176246643066406
0,-0.49915003776550293,-448.00201320648193,0.00042819976806640625,0,0.0008499622344970703
0,-0.5,-448.50201320648193,-0.0008499622344970703,1,0.0
0,-0.4974091053009033,-448.99942231178284,0.0025908946990966797,0,0.0025908946990966797
0,-0.5,-449.49942231178284,-0.0025908946990966797,1,0.0
0,-0.495058536529541,-449.9944808483124,0.004941463470458984,0,0.004941463470458984
0,-0.5,-450.4944808483124,-0.004941463470458984,1,0.0
0,-0.4970118999481201,-450.9914927482605,0.002988100051879883,0,0.002988100051879883
0,-0.5,-451.4914927482605,-0.002988100051879883,0,0.0
0,-0.49723148345947266,-451.98872423171997,0.0027685165405273438,0,0.0027685165405273438
0,-0.5,-452.48872423171997,-0.0027685165405273438,1,0.0
0,-0.49378228187561035,-452.9825065135956,0.0062177181243896484,0,0.0062177181243896484
0,-0.5,-453.4825065135956,-0.0062177181243896484,1,0.0
0,-0.5,-453.9825065135956,0.0,0,0.0
0,-0.5,-454.4825065135956,0.0,0,0.0
0,-0.4945216178894043,-454.977028131485,0.005478382110595703,0,0.005478382110595703
0,-0.49941396713256836,-455.47644209861755,-0.0048923492431640625,0,0.0005860328674316406
0,-0.4983556270599365,-455.9747977256775,0.001058340072631836,0,0.0016443729400634766
0,-0.49881863594055176,-456.47361636161804,-0.0004630088806152344,0,0.0011813640594482422
0,-0.4939274787902832,-456.9675438404083,0.004891157150268555,0,0.006072521209716797
0,-0.5,-457.4675438404083,-0.006072521209716797,1,0.0
0,-0.4990057945251465,-457.9665496349335,0.0009942054748535156,0,0.0009942054748535156
0,-0.5,-458.4665496349335,-0.0009942054748535156,1,0.0
0,-0.495999813079834,-458.9625494480133,0.004000186920166016,0,0.004000186920166016
0,-0.4988546371459961,-459.4614040851593,-0.0028548240661621094,1,0.0011453628540039062
0,-0.49840307235717773,-459.9598071575165,0.0004515647888183594,0,0.0015969276428222656
0,-0.4989888668060303,-460.4587960243225,-0.0005857944488525391,1,0.0010111331939697266
0,-0.49652791023254395,-460.95532393455505,0.002460956573486328,0,0.0034720897674560547
0,-0.49981212615966797,-461.4551360607147,-0.0032842159271240234,0,0.00018787384033203125
0,-0.49874210357666016,-461.9538781642914,0.0010700225830078125,0,0.0012578964233398438
0,-0.5,-462.4538781642914,-0.0012578964233398438,1,0.0
0,-0.5,-462.9538781642914,0.0,0,0.0
0,-0.4989738464355469,-463.45285201072693,0.001026153564453125,1,0.001026153564453125
0,-0.497957706451416,-463.95080971717834,0.0010161399841308594,0,0.0020422935485839844
0,-0.49948811531066895,-464.450297832489,-0.0015304088592529297,0,0.0005118846893310547
0,-0.49948811531066895,-464.9497859477997,0.0,0,0.0005118846893310547
0,-0.5,-465.4497859477997,-0.0005118846893310547,0,0.0
0,-0.49799680709838867,-465.94778275489807,0.002003192901611328,0,0.002003192901611328
0,-0.5,-466.44778275489807,-0.002003192901611328,0,0.0
0,-0.5,-466.94778275489807,0.0,0,0.0
0,-0.49959802627563477,-467.4473807811737,0.0004019737243652344,0,0.0004019737243652344
0,-0.4984114170074463,-467.94579219818115,0.0011866092681884766,0,0.001588582992553711
0,-0.4980041980743408,-468.4437963962555,0.00040721893310546875,1,0.0019958019256591797
0,-0.4970073699951172,-468.9408037662506,0.0009968280792236328,0,0.0029926300048828125
0,-0.5,-469.4408037662506,-0.0029926300048828125,0,0.0
0,-0.5,-469.9408037662506,0.0,0,0.0
0,-0.4990420341491699,-470.4398458003998,0.0009579658508300781,0,0.0009579658508300781
0,-0.4987473487854004,-470.9385931491852,0.00029468536376953125,0,0.0012526512145996094
0,-0.49900245666503906,-471.4375956058502,-0.0002551078796386719,1,0.0009975433349609375
0,-0.4970088005065918,-471.9346044063568,0.0019936561584472656,0,0.002991199493408203
0,-0.5,-472.4346044063568,-0.002991199493408203,1,0.0
0,-0.5,-472.9346044063568,0.0,0,0.0
0,-0.5,-473.4346044063568,0.0,1,0.0
0,-0.5,-473.9346044063568,0.0,0,0.0
0,-0.5,-474.4346044063568,0.0,1,0.0
0,-0.5,-474.9346044063568,0.0,0,0.0
0,-0.5,-475.4346044063568,0.0,1,0.0
0,-0.4990060329437256,-475.93361043930054,0.000993967056274414,0,0.000993967056274414
0,-0.5,-476.43361043930054,-0.000993967056274414,1,0.0
0,-0.4990077018737793,-476.9326181411743,0.0009922981262207031,0,0.0009922981262207031
0,-0.5,-477.4326181411743,-0.0009922981262207031,1,0.0
0,-0.4941427707672119,-477.9267609119415,0.005857229232788086,0,0.005857229232788086
0,-0.5,-478.4267609119415,-0.005857229232788086,1,0.0
0,-0.5,-478.9267609119415,0.0,0,0.0
0,-0.5,-479.4267609119415,0.0,0,0.0
0,-0.5,-479.9267609119415,0.0,0,0.0
0,-0.5,-480.4267609119415,0.0,0,0.0
0,-0.5,-480.9267609119415,0.0,0,0.0
0,-0.5,-481.4267609119415,0.0,0,0.0
0,-0.5,-481.9267609119415,0.0,0,0.0
0,-0.5,-482.4267609119415,0.0,1,0.0
0,-0.4960148334503174,-482.92277574539185,0.003985166549682617,0,0.003985166549682617
0,-0.4989893436431885,-483.42176508903503,-0.0029745101928710938,1,0.0010106563568115234
0,-0.4988884925842285,-483.92065358161926,0.00010085105895996094,0,0.0011115074157714844
0,-0.5,-484.42065358161926,-0.0011115074157714844,1,0.0
0,-0.49899816513061523,-484.9196517467499,0.0010018348693847656,0,0.0010018348693847656
0,-0.5,-485.4196517467499,-0.0010018348693847656,1,0.0
0,-0.49812793731689453,-485.9177796840668,0.0018720626831054688,0,0.0018720626831054688
0,-0.4990525245666504,-486.4168322086334,-0.0009245872497558594,1,0.0009474754333496094
0,-0.4950978755950928,-486.9119300842285,0.003954648971557617,0,0.0049021244049072266
0,-0.5,-487.4119300842285,-0.0049021244049072266,0,0.0
0,-0.5,-487.9119300842285,0.0,0,0.0
0,-0.49899959564208984,-488.4109296798706,0.0010004043579101562,0,0.0010004043579101562
0,-0.496326208114624,-488.90725588798523,0.0026733875274658203,0,0.0036737918853759766
0,-0.5,-489.40725588798523,-0.0036737918853759766,1,0.0
0,-0.5,-489.90725588798523,0.0,0,0.0
0,-0.5,-490.40725588798523,0.0,1,0.0
0,-0.4992403984069824,-490.9064962863922,0.0007596015930175781,0,0.0007596015930175781
0,-0.5,-491.4064962863922,-0.0007596015930175781,1,0.0
0,-0.5,-491.9064962863922,0.0,0,0.0
0,-0.5,-492.4064962863922,0.0,0,0.0
0,-0.5,-492.9064962863922,0.0,0,0.0
0,-0.5,-493.4064962863922,0.0,0,0.0
0,-0.4994971752166748,-493.9059934616089,0.0005028247833251953,0,0.0005028247833251953
0,-0.5,-494.4059934616089,-0.0005028247833251953,1,0.0
0,-0.5,-494.9059934616089,0.0,0,0.0
0,-0.5,-495.4059934616089,0.0,0,0.0
0,-0.48534512519836426,-495.89133858680725,0.014654874801635742,0,0.014654874801635742
0,-0.5,-496.39133858680725,-0.014654874801635742,0,0.0
0,-0.49800610542297363,-496.8893446922302,0.001993894577026367,0,0.001993894577026367
0,-0.5,-497.3893446922302,-0.001993894577026367,1,0.0
0,-0.49860644340515137,-497.8879511356354,0.0013935565948486328,0,0.0013935565948486328
0,-0.49976348876953125,-498.3877146244049,-0.0011570453643798828,1,0.00023651123046875
0,-0.5,-498.8877146244049,-0.00023651123046875,0,0.0
0,-0.49900174140930176,-498.887708902359,0.0009982585906982422,1,0.0009982585906982422
0,-0.4985544681549072,-0.4985544681549072,-0.4985544681549072,0,0.0014455318450927734
0,-0.5,-0.9985544681549072,-0.0014455318450927734,0,0.0
0,-0.5,-1.4985544681549072,0.0,1,0.0
0,-0.49910640716552734,-1.9976608753204346,0.0008935928344726562,0,0.0008935928344726562
0,-0.5,-2.4976608753204346,-0.0008935928344726562,0,0.0
0,-0.49920082092285156,-2.996861696243286,0.0007991790771484375,0,0.0007991790771484375
0,-0.5,-3.496861696243286,-0.0007991790771484375,0,0.0
0,-0.4989945888519287,-3.995856285095215,0.001005411148071289,1,0.001005411148071289
0,-0.497880220413208,-4.493736505508423,0.0011143684387207031,0,0.002119779586791992
0,-0.5,-4.993736505508423,-0.002119779586791992,1,0.0
0,-0.49900054931640625,-5.492737054824829,0.00099945068359375,0,0.00099945068359375
0,-0.4987490177154541,-5.991486072540283,0.00025153160095214844,1,0.0012509822845458984
0,-0.4980504512786865,-6.48953652381897,0.0006985664367675781,0,0.0019495487213134766
0,-0.499495267868042,-6.989031791687012,-0.0014448165893554688,1,0.0005047321319580078
0,-0.49921393394470215,-7.488245725631714,0.00028133392333984375,0,0.0007860660552978516
0,-0.5,-7.988245725631714,-0.0007860660552978516,0,0.0
0,-0.5,-8.488245725631714,0.0,1,0.0
0,-0.49795103073120117,-8.986196756362915,0.002048969268798828,0,0.002048969268798828
0,-0.4996528625488281,-9.485849618911743,-0.0017018318176269531,1,0.000347137451171875
0,-0.4982872009277344,-9.984136819839478,0.00136566162109375,0,0.001712799072265625
0,-0.4993464946746826,-10.48348331451416,-0.0010592937469482422,1,0.0006535053253173828
0,-0.4982945919036865,-10.981777906417847,0.0010519027709960938,0,0.0017054080963134766
0,-0.49947166442871094,-11.481249570846558,-0.001177072525024414,1,0.0005283355712890625
0,-0.49700379371643066,-11.978253364562988,0.0024678707122802734,0,0.002996206283569336
0,-0.4996373653411865,-12.477890729904175,-0.0026335716247558594,1,0.00036263465881347656
0,-0.49883437156677246,-12.976725101470947,0.0008029937744140625,0,0.001165628433227539
0,-0.5,-13.476725101470947,-0.001165628433227539,1,0.0
0,-0.49900007247924805,-13.975725173950195,0.0009999275207519531,0,0.0009999275207519531
0,-0.49988722801208496,-14.47561240196228,-0.0008871555328369141,0,0.00011277198791503906
0,-0.49900341033935547,-14.974615812301636,0.0008838176727294922,0,0.0009965896606445312
0,-0.5,-15.474615812301636,-0.0009965896606445312,1,0.0
0,-0.49601149559020996,-15.970627307891846,0.003988504409790039,0,0.003988504409790039
0,-0.49961328506469727,-16.470240592956543,-0.0036017894744873047,0,0.0003867149353027344
0,-0.49753618240356445,-16.967776775360107,0.0020771026611328125,0,0.002463817596435547
0,-0.5,-17.467776775360107,-0.002463817596435547,1,0.0
0,-0.49898838996887207,-17.96676516532898,0.0010116100311279297,0,0.0010116100311279297
0,-0.5,-18.46676516532898,-0.0010116100311279297,1,0.0
0,-0.49794864654541016,-18.96471381187439,0.0020513534545898438,0,0.0020513534545898438
0,-0.5,-19.46471381187439,-0.0020513534545898438,1,0.0
0,-0.49601125717163086,-19.96072506904602,0.003988742828369141,0,0.003988742828369141
0,-0.5,-20.46072506904602,-0.003988742828369141,0,0.0
0,-0.4992837905883789,-20.9600088596344,0.0007162094116210938,0,0.0007162094116210938
0,-0.4997067451477051,-21.459715604782104,-0.0004229545593261719,1,0.0002932548522949219
0,-0.49988269805908203,-21.959598302841187,-0.00017595291137695312,0,0.00011730194091796875
0,-0.5,-22.459598302841187,-0.00011730194091796875,1,0.0
0,-0.4971740245819092,-22.956772327423096,0.0028259754180908203,0,0.0028259754180908203
0,-0.5,-23.456772327423096,-0.0028259754180908203,1,0.0
0,-0.49790358543395996,-23.954675912857056,0.002096414566040039,0,0.002096414566040039
0,-0.5,-24.454675912857056,-0.002096414566040039,0,0.0
0,-0.5,-24.954675912857056,0.0,0,0.0
0,-0.5,-25.454675912857056,0.0,0,0.0
0,-0.49962401390075684,-25.954299926757812,0.00037598609924316406,0,0.00037598609924316406
0,-0.5,-26.454299926757812,-0.00037598609924316406,0,0.0
0,-0.5,-26.954299926757812,0.0,0,0.0
0,-0.49894285202026367,-27.453242778778076,0.0010571479797363281,0,0.0010571479797363281
0,-0.4990053176879883,-27.952248096466064,-6.246566772460938e-05,0,0.0009946823120117188
0,-0.499298095703125,-28.45154619216919,-0.00029277801513671875,0,0.000701904296875
0,-0.5,-28.95154619216919,-0.000701904296875,0,0.0
0,-0.49877142906188965,-29.45031762123108,0.0012285709381103516,1,0.0012285709381103516
0,-0.4983859062194824,-29.94870352745056,0.00038552284240722656,0,0.0016140937805175781
0,-0.49875760078430176,-30.447461128234863,-0.00037169456481933594,1,0.0012423992156982422
0,-0.4978964328765869,-30.94535756111145,0.0008611679077148438,0,0.002103567123413086
0,-0.4984581470489502,-31.4438157081604,-0.0005617141723632812,0,0.0015418529510498047
0,-0.49948954582214355,-31.943305253982544,-0.0010313987731933594,0,0.0005104541778564453
0,-0.4988713264465332,-32.44217658042908,0.0006182193756103516,0,0.0011286735534667969
0,-0.5,-32.94217658042908,-0.0011286735534667969,0,0.0
0,-0.5,-33.44217658042908,0.0,0,0.0
0,-0.5,-33.94217658042908,0.0,0,0.0
0,-0.4989502429962158,-34.44112682342529,0.0010497570037841797,0,0.0010497570037841797
0,-0.49893665313720703,-34.9400634765625,1.3589859008789062e-05,0,0.0010633468627929688
0,-0.5,-35.4400634765625,-0.0010633468627929688,0,0.0
0,-0.49884557723999023,-35.93890905380249,0.0011544227600097656,1,0.0011544227600097656
0,-0.4970417022705078,-36.435950756073,0.0018038749694824219,1,0.0029582977294921875
0,-0.4960453510284424,-36.93199610710144,0.0009963512420654297,0,0.003954648971557617
0,-0.5,-37.43199610710144,-0.003954648971557617,1,0.0
0,-0.4980037212371826,-37.92999982833862,0.001996278762817383,0,0.001996278762817383
0,-0.49834728240966797,-38.42834711074829,-0.00034356117248535156,0,0.0016527175903320312
0,-0.5,-38.92834711074829,-0.0016527175903320312,0,0.0
0,-0.4980583190917969,-39.42640542984009,0.001941680908203125,0,0.001941680908203125
0,-0.4991786479949951,-39.92558407783508,-0.0011203289031982422,0,0.0008213520050048828
0,-0.49948573112487793,-40.42506980895996,-0.0003070831298828125,1,0.0005142688751220703
0,-0.49947071075439453,-40.924540519714355,1.5020370483398438e-05,0,0.0005292892456054688
0,-0.5,-41.424540519714355,-0.0005292892456054688,1,0.0
0,-0.4970245361328125,-41.92156505584717,0.0029754638671875,0,0.0029754638671875
0,-0.5,-42.42156505584717,-0.0029754638671875,0,0.0
0,-0.4990720748901367,-42.920637130737305,0.0009279251098632812,0,0.0009279251098632812
0,-0.5,-43.420637130737305,-0.0009279251098632812,1,0.0
0,-0.49900174140930176,-43.919638872146606,0.0009982585906982422,0,0.0009982585906982422
0,-0.5,-44.419638872146606,-0.0009982585906982422,1,0.0
0,-0.49709177017211914,-44.916730642318726,0.0029082298278808594,0,0.0029082298278808594
0,-0.49872779846191406,-45.41545844078064,-0.0016360282897949219,0,0.0012722015380859375
0,-0.4982185363769531,-45.91367697715759,0.0005092620849609375,0,0.001781463623046875
0,-0.49900245666503906,-46.41267943382263,-0.0007839202880859375,1,0.0009975433349609375
0,-0.497910737991333,-46.910590171813965,0.0010917186737060547,0,0.002089262008666992
0,-0.4988596439361572,-47.40944981575012,-0.0009489059448242188,1,0.0011403560638427734
0,-0.49818944931030273,-47.907639265060425,0.0006701946258544922,0,0.0018105506896972656
0,-0.5,-48.407639265060425,-0.0018105506896972656,1,0.0
0,-0.49844813346862793,-48.90608739852905,0.0015518665313720703,0,0.0015518665313720703
0,-0.5,-49.40608739852905,-0.0015518665313720703,1,0.0
0,-0.499251127243042,-49.905338525772095,0.0007488727569580078,0,0.0007488727569580078
0,-0.4994511604309082,-50.404789686203,-0.00020003318786621094,1,0.0005488395690917969
0,-0.49809694290161133,-50.902886629104614,0.001354217529296875,0,0.0019030570983886719
0,-0.5,-51.402886629104614,-0.0019030570983886719,0,0.0
0,-0.4974246025085449,-51.90031123161316,0.002575397491455078,0,0.002575397491455078
0,-0.49976015090942383,-52.40007138252258,-0.0023355484008789062,1,0.00023984909057617188
0,-0.4979395866394043,-52.89801096916199,0.0018205642700195312,0,0.002060413360595703
0,-0.5,-53.39801096916199,-0.002060413360595703,0,0.0
0,-0.49932217597961426,-53.8973331451416,0.0006778240203857422,0,0.0006778240203857422
0,-0.49954676628112793,-54.39687991142273,-0.00022459030151367188,0,0.0004532337188720703
0,-0.49882006645202637,-54.895699977874756,0.0007266998291015625,0,0.0011799335479736328
0,-0.5,-55.395699977874756,-0.0011799335479736328,0,0.0
0,-0.49398136138916016,-55.889681339263916,0.006018638610839844,0,0.006018638610839844
0,-0.5,-56.389681339263916,-0.006018638610839844,0,0.0
0,-0.49738264083862305,-56.88706398010254,0.002617359161376953,0,0.002617359161376953
0,-0.5,-57.38706398010254,-0.002617359161376953,0,0.0
0,-0.49767446517944336,-57.88473844528198,0.0023255348205566406,0,0.0023255348205566406
0,-0.4989941120147705,-58.38373255729675,-0.0013196468353271484,1,0.0010058879852294922
0,-0.4979977607727051,-58.88173031806946,0.0009963512420654297,0,0.002002239227294922
0,-0.4989750385284424,-59.3807053565979,-0.0009772777557373047,1,0.0010249614715576172
0,-0.4985392093658447,-59.879244565963745,0.00043582916259765625,0,0.0014607906341552734
0,-0.498992919921875,-60.37823748588562,-0.00045371055603027344,1,0.001007080078125
0,-0.49836182594299316,-60.87659931182861,0.0006310939788818359,0,0.001638174057006836
0,-0.49954748153686523,-61.37614679336548,-0.0011856555938720703,1,0.0004525184631347656
0,-0.49524545669555664,-61.871392250061035,0.004302024841308594,0,0.004754543304443359
0,-0.49872303009033203,-62.37011528015137,-0.0034775733947753906,1,0.0012769699096679688
0,-0.4967381954193115,-62.86685347557068,0.001984834671020508,0,0.0032618045806884766
0,-0.49896955490112305,-63.3658230304718,-0.0022313594818115234,1,0.0010304450988769531
0,-0.4941446781158447,-63.85996770858765,0.00482487678527832,0,0.0058553218841552734
0,-0.4993436336517334,-64.35931134223938,-0.005198955535888672,1,0.0006563663482666016
0,-0.4992382526397705,-64.85854959487915,0.00010538101196289062,0,0.0007617473602294922
0,-0.5,-65.35854959487915,-0.0007617473602294922,1,0.0
0,-0.49773097038269043,-65.85628056526184,0.0022690296173095703,0,0.0022690296173095703
0,-0.4989941120147705,-66.35527467727661,-0.0012631416320800781,0,0.0010058879852294922
0,-0.4980003833770752,-66.85327506065369,0.0009937286376953125,0,0.0019996166229248047
0,-0.5,-67.35327506065369,-0.0019996166229248047,0,0.0
0,-0.49601244926452637,-67.84928750991821,0.003987550735473633,0,0.003987550735473633
0,-0.49979424476623535,-68.34908175468445,-0.0037817955017089844,1,0.00020575523376464844
0,-0.5,-68.84908175468445,-0.00020575523376464844,0,0.0
0,-0.4994957447052002,-69.34857749938965,0.0005042552947998047,1,0.0005042552947998047
0,-0.4980638027191162,-69.84664130210876,0.0014319419860839844,0,0.001936197280883789
0,-0.49887871742248535,-70.34552001953125,-0.0008149147033691406,0,0.0011212825775146484
0,-0.49811768531799316,-70.84363770484924,0.0007610321044921875,0,0.001882314682006836
0,-0.4993443489074707,-71.34298205375671,-0.001226663589477539,1,0.0006556510925292969
0,-0.498798131942749,-71.84178018569946,0.0005462169647216797,0,0.0012018680572509766
0,-0.4995601177215576,-72.34134030342102,-0.0007619857788085938,1,0.0004398822784423828
0,-0.4990425109863281,-72.84038281440735,0.0005176067352294922,0,0.000957489013671875
0,-0.5,-73.34038281440735,-0.000957489013671875,1,0.0
0,-0.497011661529541,-73.83739447593689,0.0029883384704589844,0,0.0029883384704589844
0,-0.49953556060791016,-74.3369300365448,-0.0025238990783691406,0,0.00046443939208984375
0,-0.4988729953765869,-74.83580303192139,0.0006625652313232422,0,0.001127004623413086
0,-0.5,-75.33580303192139,-0.001127004623413086,0,0.0
0,-0.49821949005126953,-75.83402252197266,0.0017805099487304688,0,0.0017805099487304688
0,-0.4987645149230957,-76.33278703689575,-0.0005450248718261719,1,0.0012354850769042969
0,-0.4975106716156006,-76.83029770851135,0.0012538433074951172,0,0.002489328384399414
0,-0.4987473487854004,-77.32904505729675,-0.0012366771697998047,1,0.0012526512145996094
0,-0.4979817867279053,-77.82702684402466,0.0007655620574951172,0,0.0020182132720947266
0,-0.5,-78.32702684402466,-0.0020182132720947266,1,0.0
0,-0.4964139461517334,-78.82344079017639,0.0035860538482666016,0,0.0035860538482666016
0,-0.4992401599884033,-79.3226809501648,-0.002826213836669922,0,0.0007598400115966797
0,-0.49848008155822754,-79.82116103172302,0.0007600784301757812,0,0.001519918441772461
0,-0.49892687797546387,-80.32008790969849,-0.0004467964172363281,1,0.0010731220245361328
0,-0.49811816215515137,-80.81820607185364,0.0008087158203125,0,0.0018818378448486328
0,-0.4988889694213867,-81.31709504127502,-0.0007708072662353516,1,0.0011110305786132812
0,-0.4949624538421631,-81.81205749511719,0.003926515579223633,0,0.005037546157836914
0,-0.4992234706878662,-82.31128096580505,-0.004261016845703125,1,0.0007765293121337891
0,-0.5,-82.81128096580505,-0.0007765293121337891,0,0.0
0,-0.49900174140930176,-83.31028270721436,0.0009982585906982422,0,0.0009982585906982422
0,-0.49496889114379883,-83.80525159835815,0.00403285026550293,0,0.005031108856201172
0,-0.4996776580810547,-84.30492925643921,-0.004708766937255859,0,0.0003223419189453125
0,-0.5,-84.80492925643921,-0.0003223419189453125,0,0.0
0,-0.5,-85.30492925643921,0.0,0,0.0
0,-0.5,-85.80492925643921,0.0,0,0.0
0,-0.5,-86.30492925643921,0.0,1,0.0
0,-0.4979879856109619,-86.80291724205017,0.002012014389038086,0,0.002012014389038086
0,-0.4989798069000244,-87.3018970489502,-0.0009918212890625,0,0.001020193099975586
0,-0.49386167526245117,-87.79575872421265,0.005118131637573242,0,0.006138324737548828
0,-0.4984424114227295,-88.29420113563538,-0.00458073616027832,0,0.0015575885772705078
0,-0.4984424114227295,-88.7926435470581,0.0,0,0.0015575885772705078
0,-0.4990699291229248,-89.29171347618103,-0.0006275177001953125,1,0.0009300708770751953
0,-0.49950575828552246,-89.79121923446655,-0.00043582916259765625,0,0.0004942417144775391
0,-0.4997260570526123,-90.29094529151917,-0.00022029876708984375,1,0.0002739429473876953
0,-0.5,-90.79094529151917,-0.0002739429473876953,0,0.0
0,-0.4990062713623047,-91.28995156288147,0.0009937286376953125,1,0.0009937286376953125
0,-0.48098158836364746,-91.77093315124512,0.018024682998657227,0,0.01901841163635254
0,-0.5,-92.27093315124512,-0.01901841163635254,1,0.0
0,-0.4989182949066162,-92.76985144615173,0.001081705093383789,0,0.001081705093383789
0,-0.5,-93.26985144615173,-0.001081705093383789,1,0.0
0,-0.49782633781433105,-93.76767778396606,0.0021736621856689453,0,0.0021736621856689453
0,-0.5,-94.26767778396606,-0.0021736621856689453,1,0.0
0,-0.4989352226257324,-94.7666130065918,0.0010647773742675781,0,0.0010647773742675781
0,-0.5,-95.2666130065918,-0.0010647773742675781,1,0.0
0,-0.4987056255340576,-95.76531863212585,0.0012943744659423828,0,0.0012943744659423828
0,-0.5,-96.26531863212585,-0.0012943744659423828,0,0.0
0,-0.49828195571899414,-96.76360058784485,0.0017180442810058594,0,0.0017180442810058594
0,-0.49957799911499023,-97.26317858695984,-0.0012960433959960938,1,0.0004220008850097656
0,-0.49877500534057617,-97.76195359230042,0.0008029937744140625,0,0.0012249946594238281
0,-0.4997365474700928,-98.26169013977051,-0.0009615421295166016,1,0.00026345252990722656
0,-0.49924755096435547,-98.76093769073486,0.0004889965057373047,0,0.0007524490356445312
0,-0.5,-99.26093769073486,-0.0007524490356445312,1,0.0
0,-0.496920108795166,-99.75785779953003,0.0030798912048339844,0,0.0030798912048339844
0,-0.5,-100.25785779953003,-0.0030798912048339844,1,0.0
0,-0.4972665309906006,-100.75512433052063,0.002733469009399414,0,0.002733469009399414
0,-0.4998197555541992,-101.25494408607483,-0.002553224563598633,1,0.00018024444580078125
0,-0.4988234043121338,-101.75376749038696,0.0009963512420654297,0,0.001176595687866211
0,-0.4992861747741699,-102.25305366516113,-0.0004627704620361328,1,0.0007138252258300781
0,-0.49828410148620605,-102.75133776664734,0.0010020732879638672,0,0.0017158985137939453
0,-0.4997375011444092,-103.25107526779175,-0.001453399658203125,1,0.0002624988555908203
0,-0.4987187385559082,-103.74979400634766,0.0010187625885009766,0,0.0012812614440917969
0,-0.4993095397949219,-104.24910354614258,-0.0005908012390136719,1,0.000690460205078125
0,-0.4985976219177246,-104.7477011680603,0.0007119178771972656,0,0.0014023780822753906
0,-0.5,-105.2477011680603,-0.0014023780822753906,0,0.0
0,-0.498016357421875,-105.74571752548218,0.001983642578125,0,0.001983642578125
0,-0.5,-106.24571752548218,-0.001983642578125,0,0.0
0,-0.4979531764984131,-106.74367070198059,0.002046823501586914,0,0.002046823501586914
0,-0.5,-107.24367070198059,-0.002046823501586914,1,0.0
0,-0.4988842010498047,-107.7425549030304,0.0011157989501953125,0,0.0011157989501953125
0,-0.5,-108.2425549030304,-0.0011157989501953125,1,0.0
0,-0.4983713626861572,-108.74092626571655,0.0016286373138427734,0,0.0016286373138427734
0,-0.5,-109.24092626571655,-0.0016286373138427734,0,0.0
0,-0.4979720115661621,-109.73889827728271,0.0020279884338378906,0,0.0020279884338378906
0,-0.5,-110.23889827728271,-0.0020279884338378906,1,0.0
0,-0.49898815155029297,-110.73788642883301,0.0010118484497070312,0,0.0010118484497070312
0,-0.5,-111.23788642883301,-0.0010118484497070312,0,0.0
0,-0.49652528762817383,-111.73441171646118,0.003474712371826172,0,0.003474712371826172
0,-0.4996225833892822,-112.23403429985046,-0.0030972957611083984,1,0.00037741661071777344
0,-0.49987149238586426,-112.73390579223633,-0.00024890899658203125,0,0.0001285076141357422
0,-0.5,-113.23390579223633,-0.0001285076141357422,0,0.0
0,-0.49893712997436523,-113.7328429222107,0.0010628700256347656,0,0.0010628700256347656
0,-0.4992659091949463,-114.23210883140564,-0.0003287792205810547,1,0.0007340908050537109
0,-0.49884581565856934,-114.73095464706421,0.0004200935363769531,0,0.001154184341430664
0,-0.49898576736450195,-115.22994041442871,-0.0001399517059326172,1,0.0010142326354980469
0,-0.4969050884246826,-115.7268455028534,0.002080678939819336,0,0.003094911575317383
0,-0.4997589588165283,-116.22660446166992,-0.002853870391845703,0,0.0002410411834716797
0,-0.5,-116.72660446166992,-0.0002410411834716797,1,0.0
0,-0.49709606170654297,-117.22370052337646,0.0029039382934570312,0,0.0029039382934570312
0,-0.5,-117.72370052337646,-0.0029039382934570312,1,0.0
0,-0.49448108673095703,-118.21818161010742,0.005518913269042969,0,0.005518913269042969
0,-0.4994776248931885,-118.71765923500061,-0.004996538162231445,0,0.0005223751068115234
0,-0.5,-119.21765923500061,-0.0005223751068115234,1,0.0
0,-0.5,-119.71765923500061,0.0,0,0.0
0,-0.4997739791870117,-120.21743321418762,0.00022602081298828125,1,0.00022602081298828125
0,-0.4988369941711426,-120.71627020835876,0.0009369850158691406,0,0.0011630058288574219
0,-0.4989933967590332,-121.2152636051178,-0.000156402587890625,0,0.0010066032409667969
0,-0.49826741218566895,-121.71353101730347,0.0007259845733642578,0,0.0017325878143310547
0,-0.49974822998046875,-122.21327924728394,-0.0014808177947998047,1,0.00025177001953125
0,-0.49904966354370117,-122.71232891082764,0.0006985664367675781,0,0.0009503364562988281
0,-0.5,-123.21232891082764,-0.0009503364562988281,1,0.0
0,-0.4979572296142578,-123.7102861404419,0.0020427703857421875,0,0.0020427703857421875
0,-0.49869823455810547,-124.208984375,-0.0007410049438476562,1,0.0013017654418945312
0,-0.496612548828125,-124.70559692382812,0.0020856857299804688,0,0.003387451171875
0,-0.5,-125.20559692382812,-0.003387451171875,1,0.0
0,-0.5,-125.70559692382812,0.0,0,0.0
0,-0.5,-126.20559692382812,0.0,1,0.0
0,-0.497586727142334,-126.70318365097046,0.0024132728576660156,0,0.0024132728576660156
0,-0.49900054931640625,-127.20218420028687,-0.0014138221740722656,1,0.00099945068359375
0,-0.49547505378723145,-127.6976592540741,0.0035254955291748047,0,0.004524946212768555
0,-0.5,-128.1976592540741,-0.004524946212768555,1,0.0
0,-0.4981253147125244,-128.69578456878662,0.001874685287475586,0,0.001874685287475586
0,-0.4992799758911133,-129.19506454467773,-0.0011546611785888672,1,0.0007200241088867188
0,-0.4990510940551758,-129.6941156387329,0.0002288818359375,0,0.0009489059448242188
0,-0.49978113174438477,-130.1938967704773,-0.0007300376892089844,1,0.00021886825561523438
0,-0.498276948928833,-130.69217371940613,0.0015041828155517578,0,0.0017230510711669922
0,-0.4986891746520996,-131.19086289405823,-0.00041222572326660156,1,0.0013108253479003906
0,-0.4969768524169922,-131.68783974647522,0.0017123222351074219,0,0.0030231475830078125
0,-0.4985334873199463,-132.18637323379517,-0.0015566349029541016,0,0.001466512680053711
0,-0.4978811740875244,-132.6842544078827,0.000652313232421875,0,0.002118825912475586
0,-0.5,-133.1842544078827,-0.002118825912475586,1,0.0
0,-0.49906396865844727,-133.68331837654114,0.0009360313415527344,0,0.0009360313415527344
0,-0.5,-134.18331837654114,-0.0009360313415527344,0,0.0
0,-0.496779203414917,-134.68009757995605,0.003220796585083008,0,0.003220796585083008
0,-0.4998500347137451,-135.1799476146698,-0.003070831298828125,1,0.0001499652862548828
0,-0.5,-135.6799476146698,-0.0001499652862548828,0,0.0
0,-0.5,-136.1799476146698,0.0,1,0.0
0,-0.498013973236084,-136.67796158790588,0.0019860267639160156,0,0.0019860267639160156
0,-0.5,-137.17796158790588,-0.0019860267639160156,1,0.0
0,-0.4984736442565918,-137.67643523216248,0.0015263557434082031,0,0.0015263557434082031
0,-0.5,-138.17643523216248,-0.0015263557434082031,0,0.0
0,-0.49800634384155273,-138.67444157600403,0.0019936561584472656,0,0.0019936561584472656
0,-0.49898719787597656,-139.17342877388,-0.0009808540344238281,1,0.0010128021240234375
0,-0.4960956573486328,-139.66952443122864,0.00289154052734375,0,0.0039043426513671875
0,-0.49915337562561035,-140.16867780685425,-0.003057718276977539,1,0.0008466243743896484
0,-0.499575138092041,-140.6682529449463,-0.00042176246643066406,0,0.0004248619079589844
0,-0.5,-141.1682529449463,-0.0004248619079589844,1,0.0
0,-0.5,-141.6682529449463,0.0,0,0.0
0,-0.49981069564819336,-142.16806364059448,0.00018930435180664062,1,0.00018930435180664062
0,-0.498976469039917,-142.6670401096344,0.0008342266082763672,0,0.0010235309600830078
0,-0.5,-143.1670401096344,-0.0010235309600830078,1,0.0
0,-0.5,-143.6670401096344,0.0,0,0.0
0,-0.49872803688049316,-144.1657681465149,0.001271963119506836,1,0.001271963119506836
0,-0.4982798099517822,-144.66404795646667,0.0004482269287109375,0,0.0017201900482177734
0,-0.5,-145.16404795646667,-0.0017201900482177734,1,0.0
0,-0.4987618923187256,-145.6628098487854,0.001238107681274414,0,0.001238107681274414
0,-0.5,-146.1628098487854,-0.001238107681274414,1,0.0
0,-0.5,-146.6628098487854,0.0,0,0.0
0,-0.5,-147.1628098487854,0.0,1,0.0
0,-0.4981715679168701,-147.66098141670227,0.0018284320831298828,0,0.0018284320831298828
0,-0.5,-148.16098141670227,-0.0018284320831298828,1,0.0
0,-0.4989595413208008,-148.65994095802307,0.0010404586791992188,0,0.0010404586791992188
0,-0.5,-149.15994095802307,-0.0010404586791992188,1,0.0
0,-0.498016357421875,-149.65795731544495,0.001983642578125,0,0.001983642578125
0,-0.499558687210083,-150.15751600265503,-0.0015423297882080078,1,0.0004413127899169922
0,-0.49695754051208496,-150.65447354316711,0.002601146697998047,0,0.003042459487915039
0,-0.5,-151.15447354316711,-0.003042459487915039,1,0.0
0,-0.49812984466552734,-151.65260338783264,0.0018701553344726562,0,0.0018701553344726562
0,-0.4997842311859131,-152.15238761901855,-0.0016543865203857422,1,0.00021576881408691406
0,-0.4989924430847168,-152.65138006210327,0.0007917881011962891,0,0.0010075569152832031
0,-0.49905824661254883,-153.15043830871582,-6.580352783203125e-05,1,0.0009417533874511719
0,-0.49821996688842773,-153.64865827560425,0.0008382797241210938,0,0.0017800331115722656
0,-0.4997122287750244,-154.14837050437927,-0.0014922618865966797,1,0.00028777122497558594
0,-0.49849534034729004,-154.64686584472656,0.001216888427734375,0,0.001504659652709961
0,-0.5,-155.14686584472656,-0.001504659652709961,1,0.0
0,-0.49921298027038574,-155.64607882499695,0.0007870197296142578,0,0.0007870197296142578
0,-0.5,-156.14607882499695,-0.0007870197296142578,1,0.0
0,-0.4989180564880371,-156.64499688148499,0.0010819435119628906,0,0.0010819435119628906
0,-0.5,-157.14499688148499,-0.0010819435119628906,1,0.0
0,-0.4989471435546875,-157.64394402503967,0.0010528564453125,0,0.0010528564453125
0,-0.5,-158.14394402503967,-0.0010528564453125,1,0.0
0,-0.49817848205566406,-158.64212250709534,0.0018215179443359375,0,0.0018215179443359375
0,-0.4989945888519287,-159.14111709594727,-0.0008161067962646484,1,0.001005411148071289
0,-0.49799442291259766,-159.63911151885986,0.0010001659393310547,0,0.0020055770874023438
0,-0.5,-160.13911151885986,-0.0020055770874023438,1,0.0
0,-0.49799680709838867,-160.63710832595825,0.002003192901611328,0,0.002003192901611328
0,-0.49969029426574707,-161.136798620224,-0.0016934871673583984,1,0.0003097057342529297
0,-0.49869275093078613,-161.63549137115479,0.0009975433349609375,0,0.0013072490692138672
0,-0.49898576736450195,-162.1344771385193,-0.0002930164337158203,1,0.0010142326354980469
0,-0.4988064765930176,-162.6332836151123,0.000179290771484375,0,0.0011935234069824219
0,-0.4996018409729004,-163.1328854560852,-0.0007953643798828125,1,0.0003981590270996094
0,-0.49957895278930664,-163.6324644088745,2.288818359375e-05,0,0.0004210472106933594
0,-0.4989919662475586,-164.13145637512207,0.0005869865417480469,1,0.0010080337524414062
0,-0.497830867767334,-164.6292872428894,0.0011610984802246094,0,0.0021691322326660156
0,-0.5,-165.1292872428894,-0.0021691322326660156,1,0.0
0,-0.4993722438812256,-165.62865948677063,0.0006277561187744141,0,0.0006277561187744141
0,-0.5,-166.12865948677063,-0.0006277561187744141,1,0.0
0,-0.49900293350219727,-166.62766242027283,0.0009970664978027344,0,0.0009970664978027344
0,-0.5,-167.12766242027283,-0.0009970664978027344,1,0.0
0,-0.49851536750793457,-167.62617778778076,0.0014846324920654297,0,0.0014846324920654297
0,-0.5,-168.12617778778076,-0.0014846324920654297,1,0.0
0,-0.49907779693603516,-168.6252555847168,0.0009222030639648438,0,0.0009222030639648438
0,-0.49959373474121094,-169.124849319458,-0.0005159378051757812,1,0.0004062652587890625
0,-0.4989891052246094,-169.62383842468262,0.0006046295166015625,0,0.001010894775390625
0,-0.49907636642456055,-170.12291479110718,-8.726119995117188e-05,1,0.0009236335754394531
0,-0.49732041358947754,-170.62023520469666,0.0017559528350830078,0,0.002679586410522461
0,-0.498654842376709,-171.11889004707336,-0.0013344287872314453,1,0.0013451576232910156
0,-0.4980597496032715,-171.61694979667664,0.0005950927734375,0,0.0019402503967285156
0,-0.4996683597564697,-172.1166181564331,-0.0016086101531982422,1,0.00033164024353027344
0,-0.4986696243286133,-172.61528778076172,0.0009987354278564453,0,0.0013303756713867188
0,-0.4995307922363281,-173.11481857299805,-0.0008611679077148438,1,0.000469207763671875
0,-0.4969441890716553,-173.6117627620697,0.0025866031646728516,0,0.0030558109283447266
0,-0.49799609184265137,-174.10975885391235,-0.0010519027709960938,1,0.002003908157348633
0,-0.4970095157623291,-174.60676836967468,0.0009865760803222656,0,0.0029904842376708984
0,-0.4986255168914795,-175.10539388656616,-0.0016160011291503906,1,0.0013744831085205078
0,-0.49764442443847656,-175.60303831100464,0.0009810924530029297,0,0.0023555755615234375
0,-0.5,-176.10303831100464,-0.0023555755615234375,1,0.0
0,-0.49390268325805664,-176.5969409942627,0.006097316741943359,0,0.006097316741943359
0,-0.5,-177.0969409942627,-0.006097316741943359,1,0.0
0,-0.5,-177.5969409942627,0.0,0,0.0
0,-0.5,-178.0969409942627,0.0,1,0.0
0,-0.49794769287109375,-178.5948886871338,0.00205230712890625,0,0.00205230712890625
0,-0.5,-179.0948886871338,-0.00205230712890625,1,0.0
0,-0.49900317192077637,-179.59389185905457,0.0009968280792236328,0,0.0009968280792236328
0,-0.5,-180.09389185905457,-0.0009968280792236328,1,0.0
0,-0.4991271495819092,-180.59301900863647,0.0008728504180908203,0,0.0008728504180908203
0,-0.5,-181.09301900863647,-0.0008728504180908203,1,0.0
0,-0.4988369941711426,-181.59185600280762,0.0011630058288574219,0,0.0011630058288574219
0,-0.5,-182.09185600280762,-0.0011630058288574219,1,0.0
0,-0.49764561653137207,-182.589501619339,0.0023543834686279297,0,0.0023543834686279297
0,-0.5,-183.089501619339,-0.0023543834686279297,0,0.0
0,-0.5,-183.589501619339,0.0,0,0.0
0,-0.5,-184.089501619339,0.0,0,0.0
0,-0.49800658226013184,-184.58750820159912,0.001993417739868164,0,0.001993417739868164
0,-0.49935007095336914,-185.0868582725525,-0.0013434886932373047,0,0.0006499290466308594
0,-0.4990968704223633,-185.58595514297485,0.0002532005310058594,0,0.0009031295776367188
0,-0.49924635887145996,-186.0852015018463,-0.0001494884490966797,1,0.0007536411285400391
0,-0.498746395111084,-186.5839478969574,0.0004999637603759766,0,0.0012536048889160156
0,-0.4997096061706543,-187.08365750312805,-0.0009632110595703125,1,0.0002903938293457031
0,-0.5,-187.58365750312805,-0.0002903938293457031,0,0.0
0,-0.49968409538269043,-188.08334159851074,0.0003159046173095703,1,0.0003159046173095703
0,-0.499469518661499,-188.58281111717224,0.00021457672119140625,0,0.0005304813385009766
0,-0.49993133544921875,-189.08274245262146,-0.00046181678771972656,0,6.866455078125e-05
0,-0.4994957447052002,-189.58223819732666,0.0004355907440185547,0,0.0005042552947998047
0,-0.5,-190.08223819732666,-0.0005042552947998047,1,0.0
0,-0.5,-190.58223819732666,0.0,0,0.0
0,-0.5,-191.08223819732666,0.0,1,0.0
0,-0.5,-191.58223819732666,0.0,0,0.0
0,-0.5,-192.08223819732666,0.0,0,0.0
0,-0.4984760284423828,-192.58071422576904,0.0015239715576171875,0,0.0015239715576171875
0,-0.5,-193.08071422576904,-0.0015239715576171875,1,0.0
0,-0.4945380687713623,-193.5752522945404,0.005461931228637695,0,0.005461931228637695
0,-0.5,-194.0752522945404,-0.005461931228637695,1,0.0
0,-0.5,-194.5752522945404,0.0,0,0.0
0,-0.5,-195.0752522945404,0.0,1,0.0
0,-0.5,-195.5752522945404,0.0,0,0.0
0,-0.5,-196.0752522945404,0.0,0,0.0
0,-0.5,-196.5752522945404,0.0,0,0.0
0,-0.4992868900299072,-197.0745391845703,0.0007131099700927734,0,0.0007131099700927734
0,-0.4971168041229248,-197.57165598869324,0.002170085906982422,0,0.0028831958770751953
0,-0.47408604621887207,-198.0457420349121,0.023030757904052734,1,0.02591395378112793
0,-0.40787839889526367,-198.45362043380737,0.0662076473236084,0,0.09212160110473633
0,-0.49799537658691406,-198.9516158103943,-0.09011697769165039,1,0.0020046234130859375
0,-0.4979977607727051,-199.449613571167,-2.384185791015625e-06,0,0.002002239227294922
0,-0.49900102615356445,-199.94861459732056,-0.001003265380859375,1,0.0009989738464355469
0,-0.4970102310180664,-200.44562482833862,0.001990795135498047,0,0.0029897689819335938
0,-0.5,-200.94562482833862,-0.0029897689819335938,0,0.0
0,-0.4990074634552002,-201.44463229179382,0.0009925365447998047,0,0.0009925365447998047
0,-0.5,-201.94463229179382,-0.0009925365447998047,1,0.0
0,-0.49750614166259766,-202.44213843345642,0.0024938583374023438,0,0.0024938583374023438
0,-0.5,-202.94213843345642,-0.0024938583374023438,1,0.0
0,-0.5,-203.44213843345642,0.0,0,0.0
0,-0.49800658226013184,-203.94014501571655,0.001993417739868164,1,0.001993417739868164
0,-0.42504262924194336,-204.3651876449585,0.07296395301818848,0,0.07495737075805664
0,-0.4997291564941406,-204.86491680145264,-0.07468652725219727,1,0.000270843505859375
0,-0.49951910972595215,-205.3644359111786,0.00021004676818847656,0,0.00048089027404785156
0,-0.49973583221435547,-205.86417174339294,-0.0002167224884033203,1,0.00026416778564453125
0,-0.4976539611816406,-206.36182570457458,0.0020818710327148438,0,0.002346038818359375
0,-0.5,-206.86182570457458,-0.002346038818359375,1,0.0
0,-0.498183012008667,-207.36000871658325,0.0018169879913330078,0,0.0018169879913330078
0,-0.5,-207.86000871658325,-0.0018169879913330078,1,0.0
0,-0.4984610080718994,-208.35846972465515,0.001538991928100586,0,0.001538991928100586
0,-0.49900007247924805,-208.8574697971344,-0.0005390644073486328,1,0.0009999275207519531
0,-0.49900007247924805,-209.35646986961365,0.0,0,0.0009999275207519531
0,-0.4989962577819824,-209.85546612739563,3.814697265625e-06,1,0.0010037422180175781
0,-0.49495673179626465,-210.3504228591919,0.0040395259857177734,0,0.0050432682037353516
0,-0.5,-210.8504228591919,-0.0050432682037353516,1,0.0
0,-0.4981703758239746,-211.34859323501587,0.0018296241760253906,0,0.0018296241760253906
0,-0.49937987327575684,-211.84797310829163,-0.0012094974517822266,1,0.0006201267242431641
0,-0.4976921081542969,-212.34566521644592,0.001687765121459961,0,0.002307891845703125
0,-0.5,-212.84566521644592,-0.002307891845703125,1,0.0
0,-0.4990067481994629,-213.34467196464539,0.0009932518005371094,0,0.0009932518005371094
0,-0.5,-213.84467196464539,-0.0009932518005371094,1,0.0
0,-0.4982450008392334,-214.34291696548462,0.0017549991607666016,0,0.0017549991607666016
0,-0.4990537166595459,-214.84197068214417,-0.0008087158203125,1,0.0009462833404541016
0,-0.4990074634552002,-215.34097814559937,4.6253204345703125e-05,0,0.0009925365447998047
0,-0.5,-215.84097814559937,-0.0009925365447998047,1,0.0
0,-0.4988746643066406,-216.339852809906,0.001125335693359375,0,0.001125335693359375
0,-0.5,-216.839852809906,-0.001125335693359375,1,0.0
0,-0.49947619438171387,-217.33932900428772,0.0005238056182861328,0,0.0005238056182861328
0,-0.5,-217.83932900428772,-0.0005238056182861328,1,0.0
0,-0.49800682067871094,-218.33733582496643,0.0019931793212890625,0,0.0019931793212890625
0,-0.5,-218.83733582496643,-0.0019931793212890625,1,0.0
0,-0.49648451805114746,-219.33382034301758,0.003515481948852539,0,0.003515481948852539
0,-0.49888134002685547,-219.83270168304443,-0.002396821975708008,0,0.0011186599731445312
0,-0.4974675178527832,-220.33016920089722,0.0014138221740722656,0,0.002532482147216797
0,-0.5,-220.83016920089722,-0.002532482147216797,0,0.0
0,-0.49805355072021484,-221.32822275161743,0.0019464492797851562,0,0.0019464492797851562
0,-0.49900197982788086,-221.8272247314453,-0.0009484291076660156,1,0.0009980201721191406
0,-0.4972221851348877,-222.3244469165802,0.001779794692993164,0,0.0027778148651123047
0,-0.4994466304779053,-222.8238935470581,-0.002224445343017578,1,0.0005533695220947266
0,-0.5,-223.3238935470581,-0.0005533695220947266,0,0.0
0,-0.4994664192199707,-223.82335996627808,0.0005335807800292969,1,0.0005335807800292969
0,-0.4978022575378418,-224.32116222381592,0.0016641616821289062,0,0.002197742462158203
0,-0.499497652053833,-224.82065987586975,-0.001695394515991211,1,0.0005023479461669922
0,-0.49849462509155273,-225.3191545009613,0.0010030269622802734,0,0.0015053749084472656
0,-0.5,-225.8191545009613,-0.0015053749084472656,1,0.0
0,-0.4990072250366211,-226.31816172599792,0.0009927749633789062,0,0.0009927749633789062
0,-0.49898648262023926,-226.81714820861816,2.0742416381835938e-05,1,0.0010135173797607422
0,-0.4971764087677002,-227.31432461738586,0.0018100738525390625,0,0.0028235912322998047
0,-0.4989750385284424,-227.8132996559143,-0.0017986297607421875,0,0.0010249614715576172
0,-0.4978795051574707,-228.31117916107178,0.0010955333709716797,0,0.002120494842529297
0,-0.49953484535217285,-228.81071400642395,-0.0016553401947021484,1,0.00046515464782714844
0,-0.4987926483154297,-229.30950665473938,0.0007421970367431641,0,0.0012073516845703125
0,-0.5,-229.80950665473938,-0.0012073516845703125,1,0.0
0,-0.4978902339935303,-230.3073968887329,0.0021097660064697266,0,0.0021097660064697266
0,-0.499908447265625,-230.80730533599854,-0.0020182132720947266,1,9.1552734375e-05
0,-0.49878787994384766,-231.30609321594238,0.0011205673217773438,0,0.0012121200561523438
0,-0.49979686737060547,-231.805890083313,-0.0010089874267578125,0,0.00020313262939453125
0,-0.4988977909088135,-232.3047878742218,0.0008990764617919922,0,0.0011022090911865234
0,-0.5,-232.8047878742218,-0.0011022090911865234,1,0.0
0,-0.4968245029449463,-233.30161237716675,0.003175497055053711,0,0.003175497055053711
0,-0.49939942359924316,-233.801011800766,-0.002574920654296875,1,0.0006005764007568359
0,-0.497631311416626,-234.29864311218262,0.0017681121826171875,0,0.0023686885833740234
0,-0.5,-234.79864311218262,-0.0023686885833740234,1,0.0
0,-0.49761199951171875,-235.29625511169434,0.00238800048828125,0,0.00238800048828125
0,-0.5,-235.79625511169434,-0.00238800048828125,1,0.0
0,-0.4971303939819336,-236.29338550567627,0.0028696060180664062,0,0.0028696060180664062
0,-0.499478816986084,-236.79286432266235,-0.0023484230041503906,0,0.0005211830139160156
0,-0.4998035430908203,-237.29266786575317,-0.0003247261047363281,0,0.0001964569091796875
0,-0.5,-237.79266786575317,-0.0001964569091796875,1,0.0
0,-0.4994227886199951,-238.29209065437317,0.0005772113800048828,0,0.0005772113800048828
0,-0.5,-238.79209065437317,-0.0005772113800048828,1,0.0
0,-0.4989135265350342,-239.2910041809082,0.0010864734649658203,0,0.0010864734649658203
0,-0.4998898506164551,-239.79089403152466,-0.0009763240814208984,1,0.00011014938354492188
0,-0.4999265670776367,-240.2908205986023,-3.6716461181640625e-05,0,7.343292236328125e-05
0,-0.4888744354248047,-240.7796950340271,0.011052131652832031,3,0.011125564575195312
0,-0.45444607734680176,-241.2341411113739,0.03442835807800293,2,0.04555392265319824
0,-0.49616336822509766,-241.730304479599,-0.0417172908782959,0,0.0038366317749023438
0,-0.49616336822509766,-242.2264678478241,0.0,0,0.0038366317749023438
0,-0.5,-242.7264678478241,-0.0038366317749023438,1,0.0
0,-0.4967353343963623,-243.22320318222046,0.0032646656036376953,0,0.0032646656036376953
0,-0.5,-243.72320318222046,-0.0032646656036376953,1,0.0
0,-0.49765872955322266,-244.22086191177368,0.0023412704467773438,0,0.0023412704467773438
0,-0.5,-244.72086191177368,-0.0023412704467773438,1,0.0
0,-0.4978306293487549,-245.21869254112244,0.002169370651245117,0,0.002169370651245117
0,-0.5,-245.71869254112244,-0.002169370651245117,1,0.0
0,-0.4989304542541504,-246.2176229953766,0.0010695457458496094,0,0.0010695457458496094
0,-0.5,-246.7176229953766,-0.0010695457458496094,1,0.0
0,-0.4985189437866211,-247.2161419391632,0.0014810562133789062,0,0.0014810562133789062
0,-0.4990060329437256,-247.71514797210693,-0.0004870891571044922,1,0.000993967056274414
0,-0.4984242916107178,-248.21357226371765,0.0005817413330078125,0,0.0015757083892822266
0,-0.5,-248.71357226371765,-0.0015757083892822266,1,0.0
0,-0.49915575981140137,-249.21272802352905,0.0008442401885986328,0,0.0008442401885986328
0,-0.5,-249.71272802352905,-0.0008442401885986328,1,0.0
0,-0.4983351230621338,-250.2110631465912,0.001664876937866211,0,0.001664876937866211
0,-0.4995450973510742,-250.71060824394226,-0.0012099742889404297,1,0.00045490264892578125
0,-0.4988081455230713,-251.20941638946533,0.0007369518280029297,0,0.001191854476928711
0,-0.5,-251.70941638946533,-0.001191854476928711,0,0.0
0,-0.4975249767303467,-252.20694136619568,0.0024750232696533203,0,0.0024750232696533203
0,-0.5,-252.70694136619568,-0.0024750232696533203,1,0.0
0,-0.5,-253.20694136619568,0.0,0,0.0
0,-0.5,-253.70694136619568,0.0,0,0.0
0,-0.49750351905822754,-254.2044448852539,0.002496480941772461,0,0.002496480941772461
0,-0.5,-254.7044448852539,-0.002496480941772461,1,0.0
0,-0.4990050792694092,-255.20344996452332,0.0009949207305908203,0,0.0009949207305908203
0,-0.49979686737060547,-255.70324683189392,-0.0007917881011962891,1,0.00020313262939453125
0,-0.4974379539489746,-256.2006847858429,0.0023589134216308594,0,0.0025620460510253906
0,-0.5,-256.7006847858429,-0.0025620460510253906,0,0.0
0,-0.49752330780029297,-257.1982080936432,0.0024766921997070312,0,0.0024766921997070312
0,-0.5,-257.6982080936432,-0.0024766921997070312,1,0.0
0,-0.4975895881652832,-258.1957976818085,0.002410411834716797,0,0.002410411834716797
0,-0.5,-258.6957976818085,-0.002410411834716797,1,0.0
0,-0.4980638027191162,-259.1938614845276,0.001936197280883789,0,0.001936197280883789
0,-0.5,-259.6938614845276,-0.001936197280883789,1,0.0
0,-0.49779462814331055,-260.1916561126709,0.002205371856689453,0,0.002205371856689453
0,-0.5,-260.6916561126709,-0.002205371856689453,1,0.0
0,-0.4994807243347168,-261.1911368370056,0.0005192756652832031,0,0.0005192756652832031
0,-0.5,-261.6911368370056,-0.0005192756652832031,1,0.0
0,-0.4975883960723877,-262.188725233078,0.0024116039276123047,0,0.0024116039276123047
0,-0.49601292610168457,-262.6847381591797,0.001575469970703125,3,0.00398707389831543
0,-0.442183256149292,-263.126921415329,0.05382966995239258,2,0.05781674385070801
0,-0.44330835342407227,-263.57022976875305,-0.0011250972747802734,1,0.056691646575927734
0,-0.44092631340026855,-264.0111560821533,0.002382040023803711,0,0.059073686599731445
0,-0.5,-264.5111560821533,-0.059073686599731445,0,0.0
0,-0.4974558353424072,-265.0086119174957,0.0025441646575927734,0,0.0025441646575927734
0,-0.4996500015258789,-265.5082619190216,-0.0021941661834716797,1,0.00034999847412109375
0,-0.4987821578979492,-266.00704407691956,0.0008678436279296875,0,0.0012178421020507812
0,-0.5,-266.50704407691956,-0.0012178421020507812,1,0.0
0,-0.4974226951599121,-267.00446677207947,0.0025773048400878906,0,0.0025773048400878906
0,-0.49900293350219727,-267.50346970558167,-0.0015802383422851562,1,0.0009970664978027344
0,-0.4969491958618164,-268.0004189014435,0.0020537376403808594,0,0.0030508041381835938
0,-0.49924778938293457,-268.4996666908264,-0.002298593521118164,1,0.0007522106170654297
0,-0.4985654354095459,-268.99823212623596,0.0006823539733886719,0,0.0014345645904541016
0,-0.5,-269.49823212623596,-0.0014345645904541016,1,0.0
0,-0.4964108467102051,-269.99464297294617,0.003589153289794922,0,0.003589153289794922
0,-0.5,-270.49464297294617,-0.003589153289794922,1,0.0
0,-0.4975466728210449,-270.9921896457672,0.002453327178955078,0,0.002453327178955078
0,-0.49930524826049805,-271.4914948940277,-0.001758575439453125,1,0.0006947517395019531
0,-0.4978315830230713,-271.9893264770508,0.0014736652374267578,0,0.002168416976928711
0,-0.5,-272.4893264770508,-0.002168416976928711,1,0.0
0,-0.4980049133300781,-272.98733139038086,0.001995086669921875,0,0.001995086669921875
0,-0.5,-273.48733139038086,-0.001995086669921875,1,0.0
0,-0.4988975524902344,-273.9862289428711,0.001102447509765625,0,0.001102447509765625
0,-0.5,-274.4862289428711,-0.001102447509765625,1,0.0
0,-0.49613475799560547,-274.9823637008667,0.0038652420043945312,0,0.0038652420043945312
0,-0.5,-275.4823637008667,-0.0038652420043945312,1,0.0
0,-0.499006986618042,-275.98137068748474,0.0009930133819580078,0,0.0009930133819580078
0,-0.5,-276.48137068748474,-0.0009930133819580078,1,0.0
0,-0.48792076110839844,-276.96929144859314,0.012079238891601562,0,0.012079238891601562
0,-0.4989657402038574,-277.468257188797,-0.011044979095458984,1,0.0010342597961425781
0,-0.4990053176879883,-277.967262506485,-3.9577484130859375e-05,0,0.0009946823120117188
0,-0.4986391067504883,-278.4659016132355,0.0003662109375,1,0.0013608932495117188
0,-0.4983181953430176,-278.9642198085785,0.0003209114074707031,0,0.0016818046569824219
0,-0.49875950813293457,-279.4629793167114,-0.0004413127899169922,0,0.0012404918670654297
0,-0.49842286109924316,-279.96140217781067,0.00033664703369140625,0,0.001577138900756836
0,-0.5,-280.46140217781067,-0.001577138900756836,1,0.0
0,-0.49892258644104004,-280.9603247642517,0.001077413558959961,0,0.001077413558959961
0,-0.5,-281.4603247642517,-0.001077413558959961,1,0.0
0,-0.4983189105987549,-281.95864367485046,0.0016810894012451172,0,0.0016810894012451172
0,-0.499509334564209,-282.4581530094147,-0.0011904239654541016,0,0.0004906654357910156
0,-0.49918293952941895,-282.9573359489441,0.00032639503479003906,0,0.0008170604705810547
0,-0.49945569038391113,-283.456791639328,-0.0002727508544921875,0,0.0005443096160888672
0,-0.49895334243774414,-283.95574498176575,0.0005023479461669922,0,0.0010466575622558594
0,-0.5,-284.45574498176575,-0.0010466575622558594,0,0.0
0,-0.49787116050720215,-284.95361614227295,0.0021288394927978516,0,0.0021288394927978516
0,-0.5,-285.45361614227295,-0.0021288394927978516,1,0.0
0,-0.49806928634643555,-285.9516854286194,0.0019307136535644531,0,0.0019307136535644531
0,-0.5,-286.4516854286194,-0.0019307136535644531,1,0.0
0,-0.49302172660827637,-286.94470715522766,0.006978273391723633,0,0.006978273391723633
0,-0.5,-287.44470715522766,-0.006978273391723633,0,0.0
0,-0.5,-287.94470715522766,0.0,0,0.0
0,-0.5,-288.44470715522766,0.0,1,0.0
0,-0.49898862838745117,-288.9436957836151,0.0010113716125488281,0,0.0010113716125488281
0,-0.4986245632171631,-289.4423203468323,0.00036406517028808594,1,0.001375436782836914
0,-0.4986245632171631,-289.94094491004944,0.0,0,0.001375436782836914
0,-0.5,-290.44094491004944,-0.001375436782836914,0,0.0
0,-0.4983968734741211,-290.93934178352356,0.0016031265258789062,0,0.0016031265258789062
0,-0.5,-291.43934178352356,-0.0016031265258789062,1,0.0
0,-0.4964113235473633,-291.9357531070709,0.0035886764526367188,0,0.0035886764526367188
0,-0.4998810291290283,-292.43563413619995,-0.003469705581665039,1,0.00011897087097167969
0,-0.49901413917541504,-292.93464827537537,0.0008668899536132812,0,0.000985860824584961
0,-0.4997115135192871,-293.43435978889465,-0.0006973743438720703,0,0.0002884864807128906
0,-0.5,-293.93435978889465,-0.0002884864807128906,0,0.0
0,-0.5,-294.43435978889465,0.0,0,0.0
0,-0.5,-294.93435978889465,0.0,0,0.0
0,-0.5,-295.43435978889465,0.0,0,0.0
0,-0.5,-295.93435978889465,0.0,0,0.0
0,-0.5,-296.43435978889465,0.0,0,0.0
0,-0.5,-296.93435978889465,0.0,0,0.0
0,-0.5,-297.43435978889465,0.0,0,0.0
0,-0.499431848526001,-297.93379163742065,0.0005681514739990234,0,0.0005681514739990234
0,-0.4989359378814697,-298.4327275753021,0.00049591064453125,0,0.0010640621185302734
0,-0.49793314933776855,-298.9306607246399,0.0010027885437011719,0,0.0020668506622314453
0,-0.5,-299.4306607246399,-0.0020668506622314453,1,0.0
0,-0.5,-299.9306607246399,0.0,0,0.0
0,-0.49900245666503906,-300.42966318130493,0.0009975433349609375,1,0.0009975433349609375
0,-0.49790382385253906,-300.92756700515747,0.0010986328125,0,0.0020961761474609375
0,-0.49902820587158203,-301.42659521102905,-0.0011243820190429688,0,0.0009717941284179688
0,-0.49957942962646484,-301.9261746406555,-0.0005512237548828125,0,0.00042057037353515625
0,-0.5,-302.4261746406555,-0.00042057037353515625,1,0.0
0,-0.4989190101623535,-302.92509365081787,0.0010809898376464844,0,0.0010809898376464844
0,-0.4995434284210205,-303.4246370792389,-0.0006244182586669922,0,0.0004565715789794922
0,-0.4994990825653076,-303.9241361618042,4.4345855712890625e-05,0,0.0005009174346923828
0,-0.49967145919799805,-304.4238076210022,-0.0001723766326904297,1,0.0003285408020019531
0,-0.4981050491333008,-304.9219126701355,0.0015664100646972656,0,0.0018949508666992188
0,-0.5,-305.4219126701355,-0.0018949508666992188,1,0.0
0,-0.49971961975097656,-305.9216322898865,0.0002803802490234375,0,0.0002803802490234375
0,-0.49993371963500977,-306.4215660095215,-0.00021409988403320312,1,6.628036499023438e-05
0,-0.49935245513916016,-306.92091846466064,0.0005812644958496094,0,0.0006475448608398438
0,-0.5,-307.42091846466064,-0.0006475448608398438,0,0.0
0,-0.49899864196777344,-307.9199171066284,0.0010013580322265625,0,0.0010013580322265625
0,-0.49941444396972656,-308.41933155059814,-0.000415802001953125,1,0.0005855560302734375
0,-0.4987008571624756,-308.9180324077606,0.0007135868072509766,0,0.001299142837524414
0,-0.4995152950286865,-309.4175477027893,-0.0008144378662109375,0,0.00048470497131347656
0,-0.5,-309.9175477027893,-0.00048470497131347656,0,0.0
0,-0.49898838996887207,-310.4165360927582,0.0010116100311279297,1,0.0010116100311279297
0,-0.4979393482208252,-310.914475440979,0.001049041748046875,0,0.0020606517791748047
0,-0.4996204376220703,-311.4140958786011,-0.0016810894012451172,0,0.0003795623779296875
0,-0.498943567276001,-311.9130394458771,0.0006768703460693359,0,0.0010564327239990234
0,-0.5,-312.4130394458771,-0.0010564327239990234,1,0.0
0,-0.4979548454284668,-312.91099429130554,0.002045154571533203,0,0.002045154571533203
0,-0.5,-313.41099429130554,-0.002045154571533203,0,0.0
0,-0.49928784370422363,-313.91028213500977,0.0007121562957763672,0,0.0007121562957763672
0,-0.5,-314.41028213500977,-0.0007121562957763672,1,0.0
0,-0.49897027015686035,-314.9092524051666,0.0010297298431396484,0,0.0010297298431396484
0,-0.5,-315.4092524051666,-0.0010297298431396484,0,0.0
0,-0.5,-315.9092524051666,0.0,0,0.0
0,-0.5,-316.4092524051666,0.0,1,0.0
0,-0.49796509742736816,-316.907217502594,0.002034902572631836,0,0.002034902572631836
0,-0.5,-317.407217502594,-0.002034902572631836,0,0.0
0,-0.5,-317.907217502594,0.0,0,0.0
0,-0.5,-318.407217502594,0.0,0,0.0
0,-0.5,-318.907217502594,0.0,0,0.0
0,-0.5,-319.407217502594,0.0,0,0.0
0,-0.49958062171936035,-319.90679812431335,0.00041937828063964844,0,0.00041937828063964844
0,-0.4997398853302002,-320.40653800964355,-0.00015926361083984375,1,0.0002601146697998047
0,-0.49897313117980957,-320.90551114082336,0.000766754150390625,0,0.0010268688201904297
0,-0.4994473457336426,-321.404958486557,-0.0004742145538330078,0,0.0005526542663574219
0,-0.5,-321.904958486557,-0.0005526542663574219,0,0.0
0,-0.5,-322.404958486557,0.0,0,0.0
0,-0.5,-322.904958486557,0.0,0,0.0
0,-0.49973416328430176,-323.4046926498413,0.0002658367156982422,0,0.0002658367156982422
0,-0.4979383945465088,-323.9026310443878,0.0017957687377929688,0,0.002061605453491211
0,-0.5,-324.4026310443878,-0.002061605453491211,1,0.0
0,-0.4977238178253174,-324.90035486221313,0.002276182174682617,0,0.002276182174682617
0,-0.4989924430847168,-325.39934730529785,-0.001268625259399414,0,0.0010075569152832031
0,-0.49925661087036133,-325.8986039161682,-0.00026416778564453125,0,0.0007433891296386719
0,-0.49873781204223633,-326.39734172821045,0.000518798828125,0,0.0012621879577636719
0,-0.5,-326.89734172821045,-0.0012621879577636719,0,0.0
0,-0.5,-327.39734172821045,0.0,0,0.0
0,-0.5,-327.89734172821045,0.0,0,0.0
0,-0.5,-328.39734172821045,0.0,1,0.0
0,-0.5,-328.89734172821045,0.0,0,0.0
0,-0.4974367618560791,-329.3947784900665,0.0025632381439208984,0,0.0025632381439208984
0,-0.4988272190093994,-329.8936057090759,-0.0013904571533203125,0,0.001172780990600586
0,-0.49939417839050293,-330.39299988746643,-0.0005669593811035156,0,0.0006058216094970703
0,-0.5,-330.89299988746643,-0.0006058216094970703,0,0.0
0,-0.498424768447876,-331.3914246559143,0.0015752315521240234,0,0.0015752315521240234
0,-0.49962830543518066,-331.8910529613495,-0.0012035369873046875,0,0.00037169456481933594
0,-0.49892473220825195,-332.38997769355774,0.0007035732269287109,1,0.0010752677917480469
0,-0.4980168342590332,-332.8879945278168,0.00090789794921875,0,0.001983165740966797
0,-0.4994618892669678,-333.38745641708374,-0.0014450550079345703,0,0.0005381107330322266
0,-0.5,-333.88745641708374,-0.0005381107330322266,0,0.0
0,-0.49881839752197266,-334.3862748146057,0.0011816024780273438,0,0.0011816024780273438
0,-0.5,-334.8862748146057,-0.0011816024780273438,0,0.0
0,-0.49896812438964844,-335.38524293899536,0.0010318756103515625,1,0.0010318756103515625
0,-0.49881958961486816,-335.88406252861023,0.00014853477478027344,0,0.001180410385131836
0,-0.4979593753814697,-336.3820219039917,0.0008602142333984375,1,0.0020406246185302734
0,-0.49630117416381836,-336.8783230781555,0.0016582012176513672,0,0.0036988258361816406
0,-0.49900102615356445,-337.3773241043091,-0.0026998519897460938,0,0.0009989738464355469
0,-0.5,-337.8773241043091,-0.0009989738464355469,0,0.0
0,-0.4996473789215088,-338.3769714832306,0.00035262107849121094,0,0.00035262107849121094
0,-0.5,-338.8769714832306,-0.00035262107849121094,0,0.0
0,-0.5,-339.3769714832306,0.0,0,0.0
0,-0.5,-339.8769714832306,0.0,0,0.0
0,-0.5,-340.3769714832306,0.0,1,0.0
0,-0.49792003631591797,-340.8748915195465,0.0020799636840820312,0,0.0020799636840820312
0,-0.5,-341.3748915195465,-0.0020799636840820312,0,0.0
0,-0.5,-341.8748915195465,0.0,0,0.0
0,-0.5,-342.3748915195465,0.0,1,0.0
0,-0.4990062713623047,-342.8738977909088,0.0009937286376953125,0,0.0009937286376953125
0,-0.5,-343.3738977909088,-0.0009937286376953125,0,0.0
0,-0.49953508377075195,-343.87343287467957,0.0004649162292480469,0,0.0004649162292480469
0,-0.5,-344.37343287467957,-0.0004649162292480469,1,0.0
0,-0.49794864654541016,-344.871381521225,0.0020513534545898438,0,0.0020513534545898438
0,-0.49914979934692383,-345.3705313205719,-0.0012011528015136719,1,0.0008502006530761719
0,-0.49935126304626465,-345.86988258361816,-0.0002014636993408203,0,0.0006487369537353516
0,-0.4998788833618164,-346.36976146698,-0.0005276203155517578,0,0.00012111663818359375
0,-0.5,-346.86976146698,-0.00012111663818359375,0,0.0
0,-0.5,-347.36976146698,0.0,0,0.0
0,-0.4999103546142578,-347.86967182159424,8.96453857421875e-05,0,8.96453857421875e-05
0,-0.49890565872192383,-348.36857748031616,0.0010046958923339844,1,0.0010943412780761719
0,-0.4982893466949463,-348.8668668270111,0.0006163120269775391,0,0.001710653305053711
0,-0.49941349029541016,-349.3662803173065,-0.0011241436004638672,1,0.0005865097045898438
0,-0.5,-349.8662803173065,-0.0005865097045898438,0,0.0
0,-0.498992919921875,-350.3652732372284,0.001007080078125,1,0.001007080078125
0,-0.49872303009033203,-350.8639962673187,0.00026988983154296875,0,0.0012769699096679688
0,-0.4995431900024414,-351.36353945732117,-0.000820159912109375,0,0.00045680999755859375
0,-0.5,-351.86353945732117,-0.00045680999755859375,0,0.0
0,-0.5,-352.36353945732117,0.0,1,0.0
0,-0.4979219436645508,-352.8614614009857,0.0020780563354492188,0,0.0020780563354492188
0,-0.49948978424072266,-353.36095118522644,-0.001567840576171875,0,0.0005102157592773438
0,-0.5,-353.86095118522644,-0.0005102157592773438,0,0.0
0,-0.4990413188934326,-354.3599925041199,0.0009586811065673828,0,0.0009586811065673828
0,-0.496929407119751,-354.8569219112396,0.0021119117736816406,0,0.0030705928802490234
0,-0.4987506866455078,-355.35567259788513,-0.001821279525756836,1,0.0012493133544921875
0,-0.4992039203643799,-355.8548765182495,-0.0004532337188720703,0,0.0007960796356201172
0,-0.4988749027252197,-356.35375142097473,0.00032901763916015625,1,0.0011250972747802734
0,-0.49791932106018066,-356.8516707420349,0.0009555816650390625,0,0.002080678939819336
0,-0.5,-357.3516707420349,-0.002080678939819336,0,0.0
0,-0.4991583824157715,-357.8508291244507,0.0008416175842285156,0,0.0008416175842285156
0,-0.5,-358.3508291244507,-0.0008416175842285156,1,0.0
0,-0.49849534034729004,-358.849324464798,0.001504659652709961,0,0.001504659652709961
0,-0.5,-359.349324464798,-0.001504659652709961,0,0.0
0,-0.49899888038635254,-359.8483233451843,0.001001119613647461,0,0.001001119613647461
0,-0.5,-360.3483233451843,-0.001001119613647461,0,0.0
0,-0.49794816970825195,-360.8462715148926,0.002051830291748047,0,0.002051830291748047
0,-0.5,-361.3462715148926,-0.002051830291748047,0,0.0
0,-0.5,-361.8462715148926,0.0,0,0.0
0,-0.5,-362.3462715148926,0.0,0,0.0
0,-0.4980583190917969,-362.8443298339844,0.001941680908203125,0,0.001941680908203125
0,-0.4995887279510498,-363.3439185619354,-0.0015304088592529297,0,0.0004112720489501953
0,-0.49974656105041504,-363.84366512298584,-0.00015783309936523438,0,0.00025343894958496094
0,-0.5,-364.34366512298584,-0.00025343894958496094,1,0.0
0,-0.4979677200317383,-364.8416328430176,0.0020322799682617188,0,0.0020322799682617188
0,-0.4994997978210449,-365.3411326408386,-0.0015320777893066406,0,0.0005002021789550781
0,-0.5,-365.8411326408386,-0.0005002021789550781,0,0.0
0,-0.49950265884399414,-366.3406352996826,0.0004973411560058594,1,0.0004973411560058594
0,-0.4987146854400635,-366.8393499851227,0.0007879734039306641,0,0.0012853145599365234
0,-0.5,-367.3393499851227,-0.0012853145599365234,0,0.0
0,-0.498995304107666,-367.83834528923035,0.0010046958923339844,0,0.0010046958923339844
0,-0.5,-368.33834528923035,-0.0010046958923339844,1,0.0
0,-0.4989044666290283,-368.8372497558594,0.0010955333709716797,0,0.0010955333709716797
0,-0.5,-369.3372497558594,-0.0010955333709716797,0,0.0
0,-0.4987621307373047,-369.8360118865967,0.0012378692626953125,0,0.0012378692626953125
0,-0.4996957778930664,-370.33570766448975,-0.0009336471557617188,0,0.00030422210693359375
0,-0.5,-370.83570766448975,-0.00030422210693359375,0,0.0
0,-0.49898624420166016,-371.3346939086914,0.0010137557983398438,0,0.0010137557983398438
0,-0.4999105930328369,-371.83460450172424,-0.0009243488311767578,0,8.940696716308594e-05
0,-0.5,-372.33460450172424,-8.940696716308594e-05,1,0.0
0,-0.4985320568084717,-372.8331365585327,0.0014679431915283203,0,0.0014679431915283203
0,-0.49921250343322754,-373.33234906196594,-0.0006804466247558594,0,0.0007874965667724609
0,-0.4985377788543701,-373.8308868408203,0.0006747245788574219,0,0.0014622211456298828
0,-0.5,-374.3308868408203,-0.0014622211456298828,0,0.0
0,-0.5,-374.8308868408203,0.0,0,0.0
0,-0.49976158142089844,-375.3306484222412,0.0002384185791015625,0,0.0002384185791015625
0,-0.5,-375.8306484222412,-0.0002384185791015625,0,0.0
0,-0.4989948272705078,-376.3296432495117,0.0010051727294921875,1,0.0010051727294921875
0,-0.4977257251739502,-376.82736897468567,0.0012691020965576172,0,0.0022742748260498047
0,-0.5,-377.32736897468567,-0.0022742748260498047,0,0.0
0,-0.4989356994628906,-377.82630467414856,0.001064300537109375,0,0.001064300537109375
0,-0.5,-378.32630467414856,-0.001064300537109375,1,0.0
0,-0.49794507026672363,-378.8242497444153,0.002054929733276367,0,0.002054929733276367
0,-0.5,-379.3242497444153,-0.002054929733276367,0,0.0
0,-0.5,-379.8242497444153,0.0,0,0.0
0,-0.49968600273132324,-380.3239357471466,0.0003139972686767578,0,0.0003139972686767578
0,-0.49981236457824707,-380.82374811172485,-0.00012636184692382812,0,0.0001876354217529297
0,-0.5,-381.32374811172485,-0.0001876354217529297,0,0.0
0,-0.5,-381.82374811172485,0.0,0,0.0
0,-0.4989919662475586,-382.3227400779724,0.0010080337524414062,0,0.0010080337524414062
0,-0.49751782417297363,-382.8202579021454,0.001474142074584961,0,0.002482175827026367
0,-0.5,-383.3202579021454,-0.002482175827026367,0,0.0
0,-0.49952220916748047,-383.81978011131287,0.00047779083251953125,0,0.00047779083251953125
0,-0.4989027976989746,-384.31868290901184,0.0006194114685058594,1,0.0010972023010253906
0,-0.4987516403198242,-384.81743454933167,0.00015115737915039062,0,0.0012483596801757812
0,-0.499406099319458,-385.3168406486511,-0.0006544589996337891,0,0.0005939006805419922
0,-0.5,-385.8168406486511,-0.0005939006805419922,0,0.0
0,-0.49947166442871094,-386.31631231307983,0.0005283355712890625,1,0.0005283355712890625
0,-0.49866652488708496,-386.8149788379669,0.0008051395416259766,0,0.001333475112915039
0,-0.49979710578918457,-387.3147759437561,-0.0011305809020996094,0,0.0002028942108154297
0,-0.4996168613433838,-387.8143928050995,0.00018024444580078125,0,0.00038313865661621094
0,-0.49945878982543945,-388.3138515949249,0.00015807151794433594,1,0.0005412101745605469
0,-0.49939417839050293,-388.81324577331543,6.461143493652344e-05,0,0.0006058216094970703
0,-0.498934268951416,-389.31218004226685,0.00045990943908691406,0,0.0010657310485839844
0,-0.49875330924987793,-389.8109333515167,0.00018095970153808594,0,0.0012466907501220703
0,-0.5,-390.3109333515167,-0.0012466907501220703,0,0.0
0,-0.49932193756103516,-390.81025528907776,0.0006780624389648438,0,0.0006780624389648438
0,-0.4996316432952881,-391.30988693237305,-0.0003097057342529297,0,0.00036835670471191406
0,-0.5,-391.80988693237305,-0.00036835670471191406,0,0.0
0,-0.49881792068481445,-392.30870485305786,0.0011820793151855469,1,0.0011820793151855469
0,-0.4973015785217285,-392.8060064315796,0.0015163421630859375,0,0.0026984214782714844
0,-0.5,-393.3060064315796,-0.0026984214782714844,0,0.0
0,-0.49961161613464355,-393.80561804771423,0.0003883838653564453,0,0.0003883838653564453
0,-0.4997432231903076,-394.30536127090454,-0.0001316070556640625,0,0.0002567768096923828
0,-0.49761128425598145,-394.8029725551605,0.002131938934326172,0,0.0023887157440185547
0,-0.5,-395.3029725551605,-0.0023887157440185547,0,0.0
0,-0.4997990131378174,-395.80277156829834,0.0002009868621826172,0,0.0002009868621826172
0,-0.5,-396.30277156829834,-0.0002009868621826172,0,0.0
0,-0.49881863594055176,-396.8015902042389,0.0011813640594482422,0,0.0011813640594482422
0,-0.5,-397.3015902042389,-0.0011813640594482422,0,0.0
0,-0.5,-397.8015902042389,0.0,0,0.0
0,-0.5,-398.3015902042389,0.0,0,0.0
3,-0.2636451721191406,-398.56523537635803,0.23635482788085938,0,0.23635482788085938
0,-0.4990999698638916,-399.0643353462219,-0.23545479774475098,1,0.0009000301361083984
0,-0.49900054931640625,-399.56333589553833,9.942054748535156e-05,0,0.00099945068359375
0,-0.5,-400.06333589553833,-0.00099945068359375,1,0.0
0,-0.5,-400.56333589553833,0.0,0,0.0
0,-0.5,-401.06333589553833,0.0,1,0.0
0,-0.49849700927734375,-401.5618329048157,0.00150299072265625,0,0.00150299072265625
0,-0.5,-402.0618329048157,-0.00150299072265625,1,0.0
0,-0.4984445571899414,-402.5602774620056,0.0015554428100585938,0,0.0015554428100585938
0,-0.49956798553466797,-403.0598454475403,-0.0011234283447265625,0,0.00043201446533203125
0,-0.4990811347961426,-403.5589265823364,0.0004868507385253906,0,0.0009188652038574219
0,-0.5,-404.0589265823364,-0.0009188652038574219,1,0.0
0,-0.49795031547546387,-404.5568768978119,0.002049684524536133,0,0.002049684524536133
0,-0.49898672103881836,-405.0558636188507,-0.0010364055633544922,0,0.0010132789611816406
0,-0.5,-405.5558636188507,-0.0010132789611816406,0,0.0
0,-0.49906229972839355,-406.0549259185791,0.0009377002716064453,1,0.0009377002716064453
0,-0.4990055561065674,-406.55393147468567,5.6743621826171875e-05,0,0.0009944438934326172
0,-0.5,-407.05393147468567,-0.0009944438934326172,0,0.0
0,-0.5,-407.55393147468567,0.0,0,0.0
0,-0.49974822998046875,-408.05367970466614,0.00025177001953125,1,0.00025177001953125
0,-0.4993762969970703,-408.5530560016632,0.0003719329833984375,0,0.0006237030029296875
0,-0.5,-409.0530560016632,-0.0006237030029296875,0,0.0
0,-0.49899816513061523,-409.5520541667938,0.0010018348693847656,1,0.0010018348693847656
0,-0.4976058006286621,-410.0496599674225,0.001392364501953125,0,0.0023941993713378906
0,-0.5,-410.5496599674225,-0.0023941993713378906,0,0.0
0,-0.4989495277404785,-411.04860949516296,0.0010504722595214844,0,0.0010504722595214844
0,-0.5,-411.54860949516296,-0.0010504722595214844,0,0.0
0,-0.49962925910949707,-412.04823875427246,0.0003707408905029297,0,0.0003707408905029297
0,-0.5,-412.54823875427246,-0.0003707408905029297,0,0.0
0,-0.4987163543701172,-413.0469551086426,0.0012836456298828125,0,0.0012836456298828125
0,-0.4972496032714844,-413.54420471191406,0.0014667510986328125,0,0.002750396728515625
0,-0.49987053871154785,-414.0440752506256,-0.0026209354400634766,0,0.00012946128845214844
0,-0.5,-414.5440752506256,-0.00012946128845214844,0,0.0
0,-0.5,-415.0440752506256,0.0,1,0.0
0,-0.4990065097808838,-415.5430817604065,0.000993490219116211,0,0.000993490219116211
0,-0.49893951416015625,-416.04202127456665,6.699562072753906e-05,0,0.00106048583984375
0,-0.49736952781677246,-416.5393908023834,0.001569986343383789,0,0.002630472183227539
0,-0.4998044967651367,-417.03919529914856,-0.002434968948364258,0,0.00019550323486328125
0,-0.4979078769683838,-417.53710317611694,0.0018966197967529297,0,0.002092123031616211
0,-0.499859094619751,-418.0369622707367,-0.0019512176513671875,0,0.00014090538024902344
0,-0.5,-418.5369622707367,-0.00014090538024902344,0,0.0
0,-0.4987332820892334,-419.0356955528259,0.0012667179107666016,0,0.0012667179107666016
0,-0.49757933616638184,-419.5332748889923,0.0011539459228515625,0,0.002420663833618164
0,-0.49939799308776855,-420.0326728820801,-0.0018186569213867188,0,0.0006020069122314453
0,-0.5,-420.5326728820801,-0.0006020069122314453,0,0.0
0,-0.499835729598999,-421.0325086116791,0.00016427040100097656,0,0.00016427040100097656
0,-0.4989457130432129,-421.5314543247223,0.0008900165557861328,0,0.0010542869567871094
0,-0.5,-422.0314543247223,-0.0010542869567871094,0,0.0
0,-0.5,-422.5314543247223,0.0,0,0.0
0,-0.5,-423.0314543247223,0.0,1,0.0
0,-0.4989159107208252,-423.5303702354431,0.0010840892791748047,0,0.0010840892791748047
0,-0.5,-424.0303702354431,-0.0010840892791748047,0,0.0
0,-0.4994828701019287,-424.52985310554504,0.0005171298980712891,0,0.0005171298980712891
0,-0.49983739852905273,-425.0296905040741,-0.00035452842712402344,1,0.00016260147094726562
0,-0.49890923500061035,-425.5285997390747,0.0009281635284423828,0,0.0010907649993896484
0,-0.5,-426.0285997390747,-0.0010907649993896484,0,0.0
0,-0.5,-426.5285997390747,0.0,0,0.0
0,-0.49900221824645996,-427.02760195732117,0.000997781753540039,0,0.000997781753540039
0,-0.49900221824645996,-427.5266041755676,0.0,0,0.000997781753540039
0,-0.5,-428.0266041755676,-0.000997781753540039,0,0.0
0,-0.49712181091308594,-428.5237259864807,0.0028781890869140625,0,0.0028781890869140625
0,-0.49898862838745117,-429.02271461486816,-0.0018668174743652344,1,0.0010113716125488281
0,-0.4964747428894043,-429.51918935775757,0.002513885498046875,0,0.003525257110595703
0,-0.4989948272705078,-430.0181841850281,-0.0025200843811035156,1,0.0010051727294921875
0,-0.4990694522857666,-430.51725363731384,-7.462501525878906e-05,0,0.0009305477142333984
0,-0.49900197982788086,-431.0162556171417,6.747245788574219e-05,1,0.0009980201721191406
0,-0.4983255863189697,-431.5145812034607,0.0006763935089111328,0,0.0016744136810302734
0,-0.5,-432.0145812034607,-0.0016744136810302734,0,0.0
0,-0.5,-432.5145812034607,0.0,0,0.0
0,-0.5,-433.0145812034607,0.0,1,0.0
0,-0.4989900588989258,-433.5135712623596,0.0010099411010742188,0,0.0010099411010742188
0,-0.49983835220336914,-434.013409614563,-0.0008482933044433594,0,0.00016164779663085938
0,-0.5,-434.513409614563,-0.00016164779663085938,0,0.0
0,-0.5,-435.013409614563,0.0,0,0.0
0,-0.4975900650024414,-435.51099967956543,0.0024099349975585938,0,0.0024099349975585938
0,-0.5,-436.01099967956543,-0.0024099349975585938,0,0.0
0,-0.4998178482055664,-436.510817527771,0.00018215179443359375,0,0.00018215179443359375
0,-0.5,-437.010817527771,-0.00018215179443359375,1,0.0
0,-0.498166561126709,-437.5089840888977,0.0018334388732910156,0,0.0018334388732910156
0,-0.49949145317077637,-438.0084755420685,-0.0013248920440673828,0,0.0005085468292236328
0,-0.4979729652404785,-438.50644850730896,0.0015184879302978516,0,0.0020270347595214844
0,-0.49898838996887207,-439.00543689727783,-0.0010154247283935547,1,0.0010116100311279297
0,-0.49839234352111816,-439.50382924079895,0.0005960464477539062,0,0.001607656478881836
0,-0.5,-440.00382924079895,-0.001607656478881836,0,0.0
0,-0.5,-440.50382924079895,0.0,0,0.0
0,-0.5,-441.00382924079895,0.0,0,0.0
0,-0.5,-441.50382924079895,0.0,0,0.0
0,-0.5,-442.00382924079895,0.0,0,0.0
0,-0.5,-442.50382924079895,0.0,0,0.0
0,-0.49957776069641113,-443.00340700149536,0.0004222393035888672,0,0.0004222393035888672
0,-0.4998021125793457,-443.5032091140747,-0.0002243518829345703,0,0.00019788742065429688
0,-0.5,-444.0032091140747,-0.00019788742065429688,1,0.0
0,-0.4972691535949707,-444.5004782676697,0.002730846405029297,0,0.002730846405029297
0,-0.49953436851501465,-445.0000126361847,-0.0022652149200439453,1,0.00046563148498535156
0,-0.5,-445.5000126361847,-0.00046563148498535156,0,0.0
0,-0.49947404861450195,-445.9994866847992,0.0005259513854980469,1,0.0005259513854980469
0,-0.5,-446.4994866847992,-0.0005259513854980469,0,0.0
0,-0.5,-446.9994866847992,0.0,1,0.0
0,-0.5,-447.4994866847992,0.0,0,0.0
0,-0.49800729751586914,-447.99749398231506,0.0019927024841308594,1,0.0019927024841308594
0,-0.4954707622528076,-448.49296474456787,0.0025365352630615234,0,0.004529237747192383
0,-0.5,-448.99296474456787,-0.004529237747192383,1,0.0
0,-0.4989337921142578,-449.49189853668213,0.0010662078857421875,0,0.0010662078857421875
0,-0.5,-449.99189853668213,-0.0010662078857421875,0,0.0
0,-0.49689459800720215,-450.48879313468933,0.0031054019927978516,0,0.0031054019927978516
0,-0.49930310249328613,-450.9880962371826,-0.0024085044860839844,1,0.0006968975067138672
0,-0.4984443187713623,-451.486540555954,0.0008587837219238281,0,0.0015556812286376953
0,-0.5,-451.986540555954,-0.0015556812286376953,1,0.0
0,-0.4982285499572754,-452.48476910591125,0.0017714500427246094,0,0.0017714500427246094
0,-0.5,-452.98476910591125,-0.0017714500427246094,1,0.0
0,-0.49906206130981445,-453.48383116722107,0.0009379386901855469,0,0.0009379386901855469
0,-0.4992227554321289,-453.9830539226532,-0.00016069412231445312,1,0.0007772445678710938
0,-0.49712705612182617,-454.480180978775,0.0020956993103027344,0,0.002872943878173828
0,-0.49963998794555664,-454.9798209667206,-0.0025129318237304688,1,0.0003600120544433594
0,-0.4997975826263428,-455.4796185493469,-0.0001575946807861328,0,0.00020241737365722656
0,-0.5,-455.9796185493469,-0.00020241737365722656,1,0.0
0,-0.49899864196777344,-456.4786171913147,0.0010013580322265625,0,0.0010013580322265625
0,-0.5,-456.9786171913147,-0.0010013580322265625,1,0.0
0,-0.4979550838470459,-457.47657227516174,0.0020449161529541016,0,0.0020449161529541016
0,-0.5,-457.97657227516174,-0.0020449161529541016,0,0.0
0,-0.49945998191833496,-458.4760322570801,0.0005400180816650391,0,0.0005400180816650391
0,-0.498990535736084,-458.97502279281616,0.00046944618225097656,1,0.0010094642639160156
0,-0.49748778343200684,-459.47251057624817,0.0015027523040771484,0,0.002512216567993164
0,-0.5,-459.97251057624817,-0.002512216567993164,1,0.0
0,-0.49899768829345703,-460.4715082645416,0.0010023117065429688,0,0.0010023117065429688
0,-0.49936676025390625,-460.97087502479553,-0.00036907196044921875,0,0.00063323974609375
0,-0.49980902671813965,-461.4706840515137,-0.00044226646423339844,0,0.00019097328186035156
0,-0.4994382858276367,-461.9701223373413,0.0003707408905029297,1,0.0005617141723632812
0,-0.4989156723022461,-462.46903800964355,0.000522613525390625,0,0.0010843276977539062
0,-0.5,-462.96903800964355,-0.0010843276977539062,0,0.0
0,-0.5,-463.46903800964355,0.0,0,0.0
0,-0.5,-463.96903800964355,0.0,1,0.0
0,-0.49792051315307617,-464.46695852279663,0.002079486846923828,0,0.002079486846923828
0,-0.499298095703125,-464.96625661849976,-0.0013775825500488281,1,0.000701904296875
0,-0.4976530075073242,-465.4639096260071,0.0016450881958007812,0,0.0023469924926757812
0,-0.5,-465.9639096260071,-0.0023469924926757812,0,0.0
0,-0.5,-466.4639096260071,0.0,0,0.0
0,-0.4994688034057617,-466.96337842941284,0.0005311965942382812,0,0.0005311965942382812
0,-0.49846839904785156,-467.4618468284607,0.0010004043579101562,0,0.0015316009521484375
0,-0.5,-467.9618468284607,-0.0015316009521484375,1,0.0
0,-0.4979588985443115,-468.459805727005,0.0020411014556884766,0,0.0020411014556884766
0,-0.4989938735961914,-468.9587996006012,-0.0010349750518798828,0,0.0010061264038085938
0,-0.49898791313171387,-469.4577875137329,5.9604644775390625e-06,0,0.0010120868682861328
0,-0.5,-469.9577875137329,-0.0010120868682861328,1,0.0
0,-0.5,-470.4577875137329,0.0,0,0.0
0,-0.4998657703399658,-470.9576532840729,0.0001342296600341797,0,0.0001342296600341797
0,-0.4996800422668457,-471.4573333263397,0.0001857280731201172,0,0.0003199577331542969
0,-0.5,-471.9573333263397,-0.0003199577331542969,0,0.0
0,-0.5,-472.4573333263397,0.0,0,0.0
0,-0.4989156723022461,-472.95624899864197,0.0010843276977539062,1,0.0010843276977539062
0,-0.4975728988647461,-473.4538218975067,0.0013427734375,0,0.0024271011352539062
0,-0.49890565872192383,-473.95272755622864,-0.0013327598571777344,1,0.0010943412780761719
0,-0.49741363525390625,-474.45014119148254,0.0014920234680175781,0,0.00258636474609375
0,-0.49976205825805664,-474.9499032497406,-0.0023484230041503906,0,0.00023794174194335938
0,-0.5,-475.4499032497406,-0.00023794174194335938,0,0.0
0,-0.49900197982788086,-475.9489052295685,0.0009980201721191406,1,0.0009980201721191406
0,-0.4980313777923584,-476.44693660736084,0.0009706020355224609,0,0.0019686222076416016
0,-0.5,-476.94693660736084,-0.0019686222076416016,0,0.0
0,-0.4980010986328125,-477.44493770599365,0.0019989013671875,0,0.0019989013671875
0,-0.49931931495666504,-477.9442570209503,-0.001318216323852539,0,0.0006806850433349609
0,-0.5,-478.4442570209503,-0.0006806850433349609,0,0.0
0,-0.5,-478.9442570209503,0.0,0,0.0
0,-0.49900388717651367,-479.44326090812683,0.0009961128234863281,0,0.0009961128234863281
0,-0.49985623359680176,-479.94311714172363,-0.0008523464202880859,0,0.0001437664031982422
0,-0.49900102615356445,-480.4421181678772,0.0008552074432373047,0,0.0009989738464355469
0,-0.4990692138671875,-480.9411873817444,-6.818771362304688e-05,0,0.0009307861328125
0,-0.4990108013153076,-481.4401981830597,5.841255187988281e-05,0,0.0009891986846923828
0,-0.4995546340942383,-481.93975281715393,-0.0005438327789306641,1,0.00044536590576171875
0,-0.5,-482.43975281715393,-0.00044536590576171875,0,0.0
0,-0.5,-482.93975281715393,0.0,0,0.0
0,-0.49801063537597656,-483.4377634525299,0.0019893646240234375,0,0.0019893646240234375
0,-0.4994504451751709,-483.9372138977051,-0.001439809799194336,0,0.0005495548248291016
0,-0.4989967346191406,-484.4362106323242,0.00045371055603027344,0,0.001003265380859375
0,-0.4995265007019043,-484.9357371330261,-0.0005297660827636719,1,0.0004734992980957031
0,-0.4981696605682373,-485.43390679359436,0.0013568401336669922,0,0.0018303394317626953
0,-0.5,-485.93390679359436,-0.0018303394317626953,0,0.0
0,-0.49959325790405273,-486.4335000514984,0.0004067420959472656,0,0.0004067420959472656
0,-0.5,-486.9335000514984,-0.0004067420959472656,0,0.0
0,-0.49940013885498047,-487.4329001903534,0.0005998611450195312,0,0.0005998611450195312
0,-0.49898195266723633,-487.93188214302063,0.0004181861877441406,1,0.0010180473327636719
0,-0.49277281761169434,-488.4246549606323,0.006209135055541992,0,0.007227182388305664
0,-0.499835729598999,-488.9244906902313,-0.0070629119873046875,1,0.00016427040100097656
0,-0.49944424629211426,-489.42393493652344,0.0003914833068847656,0,0.0005557537078857422
0,-0.5,-489.92393493652344,-0.0005557537078857422,0,0.0
0,-0.5,-490.42393493652344,0.0,0,0.0
0,-0.5,-490.92393493652344,0.0,0,0.0
0,-0.5,-491.42393493652344,0.0,0,0.0
0,-0.49727296829223633,-491.9212079048157,0.002727031707763672,0,0.002727031707763672
0,-0.4955158233642578,-492.41672372817993,0.0017571449279785156,0,0.0044841766357421875
0,-0.49943089485168457,-492.9161546230316,-0.003915071487426758,0,0.0005691051483154297
0,-0.49900126457214355,-493.41515588760376,0.0004296302795410156,0,0.0009987354278564453
0,-0.49903154373168945,-493.91418743133545,-3.0279159545898438e-05,0,0.0009684562683105469
0,-0.4987297058105469,-494.412917137146,0.0003018379211425781,0,0.001270294189453125
0,-0.5,-494.912917137146,-0.001270294189453125,1,0.0
0,-0.4984562397003174,-495.4113733768463,0.0015437602996826172,0,0.0015437602996826172
0,-0.5,-495.9113733768463,-0.0015437602996826172,0,0.0
0,-0.4989051818847656,-496.4102785587311,0.001094818115234375,0,0.001094818115234375
0,-0.4988579750061035,-496.9091365337372,4.7206878662109375e-05,1,0.0011420249938964844
0,-0.496380090713501,-497.4055166244507,0.002477884292602539,0,0.0036199092864990234
0,-0.4990074634552002,-497.9045240879059,-0.0026273727416992188,1,0.0009925365447998047
0,-0.4970543384552002,-498.4015784263611,0.001953125,0,0.0029456615447998047
0,-0.4989914894104004,-498.4020154476166,-0.0019371509552001953,1,0.0010085105895996094
0,-0.49811792373657227,-498.40013337135315,0.000873565673828125,0,0.0018820762634277344
0,-0.49967503547668457,-498.39980840682983,-0.0015571117401123047,1,0.0003249645233154297
0,-0.49913907051086426,-498.39984107017517,0.0005359649658203125,0,0.0008609294891357422
0,-0.4989628791809082,-498.3988039493561,0.0001761913299560547,1,0.0010371208190917969
0,-0.4989628791809082,-498.39856600761414,0.0,0,0.0010371208190917969
0,-0.5,-498.39856600761414,-0.0010371208190917969,0,0.0
0,-0.4990410804748535,-498.39861249923706,0.0009589195251464844,0,0.0009589195251464844
0,-0.4998626708984375,-498.4005949497223,-0.0008215904235839844,1,0.0001373291015625
0,-0.5,-498.4005949497223,-0.0001373291015625,0,0.0
0,-0.5,-498.4015944004059,0.0,1,0.0
0,-0.49896669387817383,-498.4018120765686,0.0010333061218261719,0,0.0010333061218261719
0,-0.5,-498.4037616252899,-0.0010333061218261719,1,0.0
0,-0.4994981288909912,-498.40376448631287,0.0005018711090087891,0,0.0005018711090087891
0,-0.4995534420013428,-498.4041039943695,-5.53131103515625e-05,1,0.00044655799865722656
0,-0.4989020824432373,-498.40300607681274,0.0006513595581054688,0,0.0010979175567626953
0,-0.5,-498.40300607681274,-0.0010979175567626953,1,0.0
0,-0.4989461898803711,-498.4040012359619,0.0010538101196289062,0,0.0010538101196289062
0,-0.5,-498.4043483734131,-0.0010538101196289062,0,0.0
0,-0.498981237411499,-498.40504240989685,0.0010187625885009766,0,0.0010187625885009766
0,-0.49956464767456055,-498.40526056289673,-0.0005834102630615234,1,0.0004353523254394531
0,-0.5,-498.40696597099304,-0.0004353523254394531,0,0.0
0,-0.5,-498.40749430656433,0.0,1,0.0
0,-0.4989607334136963,-498.4094512462616,0.001039266586303711,0,0.001039266586303711
0,-0.4998772144317627,-498.4096910953522,-0.0009164810180664062,1,0.0001227855682373047
0,-0.49883484840393066,-498.40969157218933,0.0010423660278320312,0,0.001165151596069336
0,-0.5,-498.40969157218933,-0.001165151596069336,0,0.0
0,-0.499006986618042,-498.4096984863281,0.0009930133819580078,0,0.0009930133819580078
0,-0.49935102462768555,-498.4091622829437,-0.0003440380096435547,1,0.0006489753723144531
0,-0.4989964962005615,-498.40915536880493,0.00035452842712402344,0,0.0010035037994384766
0,-0.5,-498.40915536880493,-0.0010035037994384766,1,0.0
0,-0.4990041255950928,-498.4121479988098,0.0009958744049072266,0,0.0009958744049072266
0,-0.5,-498.4125347137451,-0.0009958744049072266,0,0.0
0,-0.498978853225708,-498.41397738456726,0.0010211467742919922,0,0.0010211467742919922
0,-0.5,-498.41397738456726,-0.0010211467742919922,1,0.0
0,-0.4987215995788574,-498.41371059417725,0.0012784004211425781,0,0.0012784004211425781
0,-0.5,-498.41371059417725,-0.0012784004211425781,1,0.0
0,-0.49899959564208984,-498.4147615432739,0.0010004043579101562,0,0.0010004043579101562
0,-0.4989337921142578,-498.4136953353882,6.580352783203125e-05,0,0.0010662078857421875
0,-0.5,-498.41768407821655,-0.0010662078857421875,0,0.0
0,-0.5,-498.41768407821655,0.0,1,0.0
0,-0.4965946674346924,-498.41499495506287,0.003405332565307617,0,0.003405332565307617
0,-0.5,-498.41528820991516,-0.003405332565307617,1,0.0
0,-0.5,-498.4154055118561,0.0,0,0.0
0,-0.5,-498.4154055118561,0.0,0,0.0
0,-0.5,-498.41823148727417,0.0,0,0.0
0,-0.49976301193237305,-498.41799449920654,0.00023698806762695312,1,0.00023698806762695312
0,-0.5,-498.4200909137726,-0.00023698806762695312,0,0.0
0,-0.49913740158081055,-498.4192283153534,0.0008625984191894531,1,0.0008625984191894531
0,-0.49886417388916016,-498.41809248924255,0.0002732276916503906,0,0.0011358261108398438
0,-0.49827075004577637,-498.41636323928833,0.0005934238433837891,0,0.0017292499542236328
0,-0.4988720417022705,-498.41561126708984,-0.0006012916564941406,0,0.0011279582977294922
0,-0.4996755123138428,-498.4152867794037,-0.0008034706115722656,1,0.00032448768615722656
0,-0.5,-498.4152867794037,-0.00032448768615722656,0,0.0
0,-0.5,-498.4163439273834,0.0,0,0.0
0,-0.4977436065673828,-498.4150822162628,0.0022563934326171875,0,0.0022563934326171875
0,-0.4989938735961914,-498.4147779941559,-0.0012502670288085938,0,0.0010061264038085938
0,-0.4950084686279297,-498.4097864627838,0.003985404968261719,0,0.0049915313720703125
0,-0.5,-498.4110150337219,-0.0049915313720703125,1,0.0
0,-0.4979414939880371,-498.4105706214905,0.0020585060119628906,0,0.0020585060119628906
0,-0.4994194507598877,-498.41123247146606,-0.001477956771850586,0,0.0005805492401123047
0,-0.4997098445892334,-498.4130458831787,-0.0002903938293457031,0,0.00029015541076660156
0,-0.49949193000793457,-498.4140796661377,0.00021791458129882812,0,0.0005080699920654297
0,-0.49869513511657715,-498.41328525543213,0.0007967948913574219,0,0.0013048648834228516
0,-0.5,-498.4144139289856,-0.0013048648834228516,1,0.0
0,-0.49803709983825684,-498.41245102882385,0.001962900161743164,0,0.001962900161743164
0,-0.5,-498.41245102882385,-0.001962900161743164,1,0.0
0,-0.49796485900878906,-498.41041588783264,0.0020351409912109375,0,0.0020351409912109375
0,-0.5,-498.4114656448364,-0.0020351409912109375,1,0.0
0,-0.49800658226013184,-498.41053557395935,0.001993417739868164,0,0.001993417739868164
0,-0.5,-498.41053557395935,-0.001993417739868164,1,0.0
0,-0.5,-498.41168999671936,0.0,0,0.0
0,-0.4999270439147949,-498.41457533836365,7.295608520507812e-05,1,7.295608520507812e-05
0,-0.4989888668060303,-498.41751885414124,0.0009381771087646484,0,0.0010111331939697266
0,-0.49965524673461914,-498.41717410087585,-0.0006663799285888672,0,0.0003447532653808594
0,-0.49868035316467285,-498.41785073280334,0.0009748935699462891,0,0.0013196468353271484
0,-0.4996492862701416,-498.4191527366638,-0.00096893310546875,1,0.00035071372985839844
0,-0.5,-498.4191527366638,-0.00035071372985839844,0,0.0
0,-0.49867916107177734,-498.4197735786438,0.0013208389282226562,0,0.0013208389282226562
0,-0.4970216751098633,-498.41761660575867,0.0016574859619140625,0,0.0029783248901367188
0,-0.4990067481994629,-498.41713762283325,-0.0019850730895996094,1,0.0009932518005371094
0,-0.4967997074127197,-498.4144666194916,0.002207040786743164,0,0.0032002925872802734
0,-0.49889540672302246,-498.4133620262146,-0.0020956993103027344,0,0.001104593276977539
0,-0.5,-498.4163374900818,-0.001104593276977539,0,0.0
0,-0.5,-498.4163374900818,0.0,0,0.0
0,-0.4989912509918213,-498.4162566661835,0.001008749008178711,0,0.001008749008178711
0,-0.5,-498.4162566661835,-0.001008749008178711,0,0.0
0,-0.5,-498.41725492477417,0.0,0,0.0
0,-0.4997258186340332,-498.4169807434082,0.0002741813659667969,0,0.0002741813659667969
0,-0.4994845390319824,-498.41937351226807,0.00024127960205078125,0,0.0005154609680175781
0,-0.5,-498.42064571380615,-0.0005154609680175781,0,0.0
0,-0.49834728240966797,-498.42077445983887,0.0016527175903320312,0,0.0016527175903320312
0,-0.498978853225708,-498.42075085639954,-0.0006315708160400391,1,0.0010211467742919922
0,-0.4954338073730469,-498.41827392578125,0.003545045852661133,0,0.004566192626953125
0,-0.5,-498.4194142818451,-0.004566192626953125,1,0.0
0,-0.4979119300842285,-498.419136762619,0.0020880699157714844,0,0.0020880699157714844
0,-0.5,-498.419136762619,-0.0020880699157714844,1,0.0
0,-0.49749255180358887,-498.418181180954,0.002507448196411133,0,0.002507448196411133
0,-0.49892377853393555,-498.4171049594879,-0.0014312267303466797,0,0.0010762214660644531
0,-0.4976801872253418,-498.4155340194702,0.00124359130859375,0,0.002319812774658203
0,-0.5,-498.4160828590393,-0.002319812774658203,0,0.0
0,-0.4979360103607178,-498.4159219264984,0.0020639896392822266,0,0.0020639896392822266
0,-0.49900364875793457,-498.41492557525635,-0.0010676383972167969,1,0.0009963512420654297
0,-0.49648237228393555,-498.41398334503174,0.0025212764739990234,0,0.003517627716064453
0,-0.49974584579467773,-498.413969039917,-0.0032634735107421875,0,0.0002541542053222656
0,-0.5,-498.4160294532776,-0.0002541542053222656,0,0.0
0,-0.5,-498.4160294532776,0.0,1,0.0
0,-0.49800777435302734,-498.414715051651,0.0019922256469726562,0,0.0019922256469726562
0,-0.4989786148071289,-498.414146900177,-0.0009708404541015625,1,0.0010213851928710938
0,-0.4960958957672119,-498.4114227294922,0.002882719039916992,0,0.003904104232788086
0,-0.5,-498.4114227294922,-0.003904104232788086,1,0.0
0,-0.49900102615356445,-498.4164423942566,0.0009989738464355469,0,0.0009989738464355469
0,-0.49985718727111816,-498.4162995815277,-0.0008561611175537109,1,0.00014281272888183594
0,-0.49496912956237793,-498.41388607025146,0.004888057708740234,0,0.00503087043762207
0,-0.49929070472717285,-498.41317677497864,-0.004321575164794922,0,0.0007092952728271484
0,-0.498992919921875,-498.41449522972107,0.00029778480529785156,0,0.001007080078125
0,-0.5,-498.4155011177063,-0.001007080078125,1,0.0
0,-0.4982759952545166,-498.4157793521881,0.0017240047454833984,0,0.0017240047454833984
0,-0.497727632522583,-498.41453194618225,0.0005483627319335938,0,0.002272367477416992
0,-0.4989750385284424,-498.41496777534485,-0.001247406005859375,0,0.0010249614715576172
0,-0.5,-498.415974855423,-0.0010249614715576172,0,0.0
0,-0.5,-498.41761302948,0.0,0,0.0
0,-0.5,-498.4180655479431,0.0,1,0.0
0,-0.4984281063079834,-498.42124819755554,0.0015718936920166016,0,0.0015718936920166016
0,-0.499006986618042,-498.42153215408325,-0.0005788803100585938,0,0.0009930133819580078
0,-0.49792933464050293,-498.42272329330444,0.0010776519775390625,0,0.0020706653594970703
0,-0.5,-498.4237537384033,-0.0020706653594970703,1,0.0
0,-0.5,-498.4296090602875,0.0,0,0.0
0,-0.5,-498.43026542663574,0.0,1,0.0
0,-0.4989614486694336,-498.4299886226654,0.0010385513305664062,0,0.0010385513305664062
0,-0.5,-498.4299886226654,-0.0010385513305664062,0,0.0
0,-0.49796390533447266,-498.4302215576172,0.0020360946655273438,0,0.0020360946655273438
0,-0.5,-498.4312274456024,-0.0020360946655273438,1,0.0
0,-0.49886178970336914,-498.4320888519287,0.0011382102966308594,0,0.0011382102966308594
0,-0.5,-498.4320888519287,-0.0011382102966308594,0,0.0
0,-0.49900317192077637,-498.43507957458496,0.0009968280792236328,0,0.0009968280792236328
0,-0.5,-498.4352853298187,-0.0009968280792236328,0,0.0
0,-0.5,-498.4352853298187,0.0,0,0.0
0,-0.5,-498.4357895851135,0.0,1,0.0
0,-0.4988715648651123,-498.4365973472595,0.0011284351348876953,0,0.0011284351348876953
0,-0.5,-498.43771862983704,-0.0011284351348876953,0,0.0
0,-0.49947261810302734,-498.43907356262207,0.0005273818969726562,0,0.0005273818969726562
0,-0.5,-498.4397292137146,-0.0005273818969726562,1,0.0
0,-0.5,-498.44093108177185,0.0,0,0.0
0,-0.4999406337738037,-498.4413115978241,5.936622619628906e-05,1,5.936622619628906e-05
0,-0.4994044303894043,-498.4416735172272,0.0005362033843994141,0,0.0005955696105957031
0,-0.4998316764831543,-498.4415051937103,-0.00042724609375,1,0.00016832351684570312
0,-0.49862217903137207,-498.44311571121216,0.0012094974517822266,0,0.0013778209686279297
0,-0.4989752769470215,-498.44255542755127,-0.00035309791564941406,1,0.0010247230529785156
0,-0.4989607334136963,-498.4426431655884,1.4543533325195312e-05,0,0.001039266586303711
0,-0.4998338222503662,-498.44247698783875,-0.0008730888366699219,0,0.00016617774963378906
0,-0.5,-498.4442574977875,-0.00016617774963378906,0,0.0
0,-0.5,-498.4454929828644,0.0,1,0.0
0,-0.4989933967590332,-498.4469757080078,0.0010066032409667969,0,0.0010066032409667969
0,-0.49983978271484375,-498.44806814193726,-0.0008463859558105469,0,0.00016021728515625
0,-0.5,-498.45008635520935,-0.00016021728515625,0,0.0
0,-0.5,-498.45008635520935,0.0,0,0.0
0,-0.49873971939086914,-498.4524121284485,0.0012602806091308594,0,0.0012602806091308594
0,-0.5,-498.4531719684601,-0.0012602806091308594,1,0.0
0,-0.49600958824157715,-498.45070147514343,0.0039904117584228516,0,0.0039904117584228516
0,-0.5,-498.45177459716797,-0.0039904117584228516,0,0.0
0,-0.4980926513671875,-498.45174908638,0.0019073486328125,0,0.0019073486328125
0,-0.5,-498.4528601169586,-0.0019073486328125,1,0.0
0,-0.5,-498.45789766311646,0.0,0,0.0
0,-0.5,-498.4586741924286,0.0,1,0.0
0,-0.4976823329925537,-498.45635652542114,0.002317667007446289,0,0.002317667007446289
0,-0.4994697570800781,-498.4568245410919,-0.001787424087524414,0,0.000530242919921875
0,-0.49899959564208984,-498.4608552455902,0.00047016143798828125,0,0.0010004043579101562
0,-0.5,-498.46117758750916,-0.0010004043579101562,1,0.0
0,-0.49799156188964844,-498.4591691493988,0.0020084381103515625,0,0.0020084381103515625
0,-0.5,-498.4591691493988,-0.0020084381103515625,1,0.0
0,-0.4979426860809326,-498.45711183547974,0.002057313919067383,0,0.002057313919067383
0,-0.5,-498.45711183547974,-0.002057313919067383,0,0.0
0,-0.49856996536254883,-498.4576938152313,0.0014300346374511719,0,0.0014300346374511719
0,-0.49831628799438477,-498.4570302963257,0.0002536773681640625,0,0.0016837120056152344
0,-0.49831628799438477,-498.4614849090576,0.0,0,0.0016837120056152344
0,-0.5,-498.4630424976349,-0.0016837120056152344,1,0.0
0,-0.4973561763763428,-498.4619562625885,0.0026438236236572266,0,0.0026438236236572266
0,-0.49947619438171387,-498.4623625278473,-0.0021200180053710938,1,0.0005238056182861328
0,-0.5,-498.46285676956177,-0.0005238056182861328,0,0.0
0,-0.49942803382873535,-498.4625587463379,0.0005719661712646484,1,0.0005719661712646484
0,-0.49213671684265137,-498.45469546318054,0.007291316986083984,0,0.007863283157348633
0,-0.5,-498.45568919181824,-0.007863283157348633,1,0.0
0,-0.49509763717651367,-498.4698052406311,0.004902362823486328,0,0.004902362823486328
0,-0.5,-498.4698052406311,-0.004902362823486328,1,0.0
0,-0.49937915802001953,-498.4702661037445,0.0006208419799804688,0,0.0006208419799804688
0,-0.4996786117553711,-498.4699447154999,-0.0002994537353515625,1,0.00032138824462890625
0,-0.4996786117553711,-498.4717969894409,0.0,0,0.00032138824462890625
0,-0.5,-498.4717969894409,-0.00032138824462890625,1,0.0
0,-0.49884033203125,-498.47170209884644,0.00115966796875,0,0.00115966796875
0,-0.4996984004974365,-498.4714004993439,-0.0008580684661865234,1,0.00030159950256347656
0,-0.5,-498.4726948738098,-0.00030159950256347656,0,0.0
0,-0.49944067001342773,-498.47213554382324,0.0005593299865722656,1,0.0005593299865722656
0,-0.5,-498.47385358810425,-0.0005593299865722656,0,0.0
0,-0.4983692169189453,-498.4726448059082,0.0016307830810546875,0,0.0016307830810546875
0,-0.49831128120422363,-498.47218108177185,5.793571472167969e-05,0,0.0016887187957763672
0,-0.5,-498.47244453430176,-0.0016887187957763672,0,0.0
0,-0.5,-498.4731969833374,0.0,0,0.0
0,-0.4994511604309082,-498.4726481437683,0.0005488395690917969,1,0.0005488395690917969
0,-0.4994940757751465,-498.4752221107483,-4.291534423828125e-05,0,0.0005059242248535156
0,-0.49948620796203613,-498.4747083187103,7.867813110351562e-06,0,0.0005137920379638672
0,-0.5,-498.4774417877197,-0.0005137920379638672,0,0.0
0,-0.5,-498.4776220321655,0.0,1,0.0
0,-0.5,-498.4787986278534,0.0,0,0.0
0,-0.5,-498.4795124530792,0.0,1,0.0
0,-0.5,-498.481228351593,0.0,0,0.0
0,-0.5,-498.4814908504486,0.0,1,0.0
0,-0.4979984760284424,-498.48077058792114,0.002001523971557617,0,0.002001523971557617
0,-0.5,-498.4814610481262,-0.002001523971557617,1,0.0
0,-0.49825406074523926,-498.48111748695374,0.0017459392547607422,0,0.0017459392547607422
0,-0.5,-498.48111748695374,-0.0017459392547607422,0,0.0
0,-0.49640774726867676,-498.47950887680054,0.003592252731323242,0,0.003592252731323242
0,-0.5,-498.47950887680054,-0.003592252731323242,1,0.0
0,-0.4980015754699707,-498.4795572757721,0.001998424530029297,0,0.001998424530029297
0,-0.4993448257446289,-498.4789021015167,-0.0013432502746582031,1,0.0006551742553710938
0,-0.49936938285827637,-498.4793872833252,-2.4557113647460938e-05,0,0.0006306171417236328
0,-0.4992532730102539,-498.47864055633545,0.00011610984802246094,1,0.0007467269897460938
0,-0.498455286026001,-498.4787244796753,0.0007979869842529297,0,0.0015447139739990234
0,-0.4994344711303711,-498.47815895080566,-0.0009791851043701172,0,0.0005655288696289062
0,-0.4954359531402588,-498.47562289237976,0.003998517990112305,0,0.004564046859741211
0,-0.5,-498.47562289237976,-0.004564046859741211,0,0.0
0,-0.49906349182128906,-498.47569823265076,0.0009365081787109375,0,0.0009365081787109375
0,-0.5,-498.47569823265076,-0.0009365081787109375,1,0.0
0,-0.498004674911499,-498.4771776199341,0.0019953250885009766,0,0.0019953250885009766
0,-0.4990363121032715,-498.47659134864807,-0.001031637191772461,1,0.0009636878967285156
0,-0.5,-498.4767198562622,-0.0009636878967285156,0,0.0
0,-0.5,-498.4767198562622,0.0,1,0.0
0,-0.49586963653564453,-498.4736523628235,0.004130363464355469,0,0.004130363464355469
0,-0.4987754821777344,-498.4731619358063,-0.0029058456420898438,1,0.001224517822265625
0,-0.49799537658691406,-498.4723114967346,0.0007801055908203125,0,0.0020046234130859375
0,-0.5,-498.4733257293701,-0.0020046234130859375,1,0.0
0,-0.4970555305480957,-498.47347617149353,0.002944469451904297,0,0.002944469451904297
0,-0.49854445457458496,-498.4722616672516,-0.0014889240264892578,1,0.001455545425415039
0,-0.4981529712677002,-498.4704146385193,0.0003914833068847656,0,0.0018470287322998047
0,-0.5,-498.47331857681274,-0.0018470287322998047,1,0.0
0,-0.49781084060668945,-498.47112941741943,0.002189159393310547,0,0.002189159393310547
0,-0.49968647956848145,-498.47633481025696,-0.0018756389617919922,0,0.0003135204315185547
0,-0.4987373352050781,-498.47559452056885,0.0009491443634033203,0,0.001262664794921875
0,-0.5,-498.47559452056885,-0.001262664794921875,1,0.0
0,-0.5,-498.47559452056885,0.0,0,0.0
0,-0.5,-498.47582054138184,0.0,1,0.0
0,-0.49700212478637695,-498.47398567199707,0.002997875213623047,0,0.002997875213623047
0,-0.5,-498.47499227523804,-0.002997875213623047,1,0.0
0,-0.5,-498.47672486305237,0.0,0,0.0
0,-0.4990849494934082,-498.4760615825653,0.0009150505065917969,0,0.0009150505065917969
0,-0.4987149238586426,-498.47572684288025,0.000370025634765625,0,0.0012850761413574219
0,-0.5,-498.47572684288025,-0.0012850761413574219,1,0.0
0,-0.49880242347717285,-498.47657203674316,0.0011975765228271484,0,0.0011975765228271484
0,-0.5,-498.47787380218506,-0.0011975765228271484,1,0.0
0,-0.49915170669555664,-498.4804129600525,0.0008482933044433594,0,0.0008482933044433594
0,-0.4997885227203369,-498.4802014827728,-0.0006368160247802734,0,0.00021147727966308594
0,-0.49907374382019043,-498.479275226593,0.0007147789001464844,0,0.0009262561798095703
0,-0.5,-498.479275226593,-0.0009262561798095703,0,0.0
0,-0.47274279594421387,-498.4544312953949,0.027257204055786133,0,0.027257204055786133
0,-0.49968743324279785,-498.4551181793213,-0.026944637298583984,1,0.00031256675720214844
0,-0.49918508529663086,-498.4588282108307,0.0005023479461669922,0,0.0008149147033691406
0,-0.49947452545166016,-498.45830273628235,-0.0002894401550292969,1,0.0005254745483398438
0,-0.49900054931640625,-498.45917797088623,0.00047397613525390625,0,0.00099945068359375
0,-0.5,-498.4598979949951,-0.00099945068359375,1,0.0
0,-0.49861884117126465,-498.4594657421112,0.0013811588287353516,0,0.0013811588287353516
0,-0.5,-498.4596846103668,-0.0013811588287353516,1,0.0
0,-0.49947094917297363,-498.46087861061096,0.0005290508270263672,0,0.0005290508270263672
0,-0.49951767921447754,-498.46170711517334,-4.673004150390625e-05,1,0.00048232078552246094
0,-0.49861717224121094,-498.46334743499756,0.0009005069732666016,0,0.0013828277587890625
0,-0.5,-498.4648139476776,-0.0013828277587890625,1,0.0
0,-0.4994354248046875,-498.4663681983948,0.0005645751953125,0,0.0005645751953125
0,-0.498992919921875,-498.46536111831665,0.0004425048828125,1,0.001007080078125
0,-0.49637317657470703,-498.4626703262329,0.0026197433471679688,0,0.0036268234252929688
0,-0.49895405769348145,-498.4616243839264,-0.002580881118774414,1,0.0010459423065185547
0,-0.49720335006713867,-498.4620485305786,0.0017507076263427734,0,0.002796649932861328
0,-0.5,-498.46219849586487,-0.002796649932861328,1,0.0
0,-0.49950385093688965,-498.46170234680176,0.0004961490631103516,0,0.0004961490631103516
0,-0.5,-498.46170234680176,-0.0004961490631103516,1,0.0
0,-0.49848008155822754,-498.4621684551239,0.001519918441772461,0,0.001519918441772461
0,-0.49948692321777344,-498.4616553783417,-0.0010068416595458984,1,0.0005130767822265625
0,-0.49491238594055176,-498.45809412002563,0.00457453727722168,0,0.005087614059448242
0,-0.4989621639251709,-498.4570562839508,-0.004049777984619141,1,0.0010378360748291016
0,-0.4973025321960449,-498.4563524723053,0.0016596317291259766,0,0.002697467803955078
0,-0.5,-498.4573652744293,-0.002697467803955078,1,0.0
0,-0.5,-498.4612696170807,0.0,0,0.0
0,-0.5,-498.4621162414551,0.0,1,0.0
0,-0.5,-498.46254110336304,0.0,0,0.0
0,-0.5,-498.46254110336304,0.0,1,0.0
0,-0.49097490310668945,-498.4535160064697,0.009025096893310547,0,0.009025096893310547
0,-0.5,-498.45370531082153,-0.009025096893310547,0,0.0
0,-0.5,-498.4547288417816,0.0,0,0.0
0,-0.49957942962646484,-498.4543082714081,0.00042057037353515625,1,0.00042057037353515625
0,-0.4998335838317871,-498.45414185523987,-0.0002541542053222656,0,0.00016641616821289062
0,-0.5,-498.4554138183594,-0.00016641616821289062,1,0.0
0,-0.5,-498.4571340084076,0.0,0,0.0
0,-0.5,-498.4571340084076,0.0,1,0.0
0,-0.4975442886352539,-498.4559164047241,0.0024557113647460938,0,0.0024557113647460938
0,-0.5,-498.4559164047241,-0.0024557113647460938,1,0.0
0,-0.49850964546203613,-498.45442605018616,0.0014903545379638672,0,0.0014903545379638672
0,-0.5,-498.45442605018616,-0.0014903545379638672,1,0.0
0,-0.4975271224975586,-498.45378160476685,0.0024728775024414062,0,0.0024728775024414062
0,-0.5,-498.45378160476685,-0.0024728775024414062,1,0.0
0,-0.5,-498.45482206344604,0.0,0,0.0
0,-0.5,-498.45482206344604,0.0,1,0.0
0,-0.5,-498.45680570602417,0.0,0,0.0
0,-0.5,-498.4572470188141,0.0,1,0.0
0,-0.49846744537353516,-498.45875692367554,0.0015325546264648438,0,0.0015325546264648438
0,-0.499772310256958,-498.4585292339325,-0.0013048648834228516,1,0.0002276897430419922
0,-0.49794888496398926,-498.45834827423096,0.00182342529296875,0,0.002051115036010742
0,-0.49906039237976074,-498.4576244354248,-0.0011115074157714844,1,0.0009396076202392578
0,-0.4982261657714844,-498.4568581581116,0.0008342266082763672,0,0.001773834228515625
0,-0.49971580505371094,-498.45751571655273,-0.0014896392822265625,0,0.0002841949462890625
0,-0.5,-498.4592957496643,-0.0002841949462890625,0,0.0
0,-0.5,-498.4595835208893,0.0,1,0.0
0,-0.4974660873413086,-498.4585542678833,0.0025339126586914062,0,0.0025339126586914062
0,-0.5,-498.4585542678833,-0.0025339126586914062,0,0.0
0,-0.49701786041259766,-498.4563591480255,0.0029821395874023438,0,0.0029821395874023438
0,-0.49900197982788086,-498.4553611278534,-0.001984119415283203,1,0.0009980201721191406
0,-0.5,-498.45644307136536,-0.0009980201721191406,0,0.0
0,-0.4995713233947754,-498.45601439476013,0.0004286766052246094,0,0.0004286766052246094
0,-0.4994933605194092,-498.45656061172485,7.796287536621094e-05,0,0.0005066394805908203
0,-0.5,-498.45656061172485,-0.0005066394805908203,0,0.0
0,-0.49800682067871094,-498.4563889503479,0.0019931793212890625,0,0.0019931793212890625
0,-0.49887585639953613,-498.4562702178955,-0.0008690357208251953,1,0.0011241436004638672
0,-0.49686646461486816,-498.4551422595978,0.0020093917846679688,0,0.003133535385131836
0,-0.4998326301574707,-498.45497488975525,-0.002966165542602539,1,0.00016736984252929688
0,-0.5,-498.45697808265686,-0.00016736984252929688,0,0.0
0,-0.5,-498.4572877883911,0.0,1,0.0
0,-0.5,-498.4585950374603,0.0,0,0.0
0,-0.4997711181640625,-498.4593803882599,0.0002288818359375,1,0.0002288818359375
0,-0.49954867362976074,-498.46012258529663,0.0002224445343017578,0,0.0004513263702392578
0,-0.5,-498.46052074432373,-0.0004513263702392578,1,0.0
0,-0.49890804290771484,-498.45984983444214,0.0010919570922851562,0,0.0010919570922851562
0,-0.5,-498.4608578681946,-0.0010919570922851562,0,0.0
0,-0.49868059158325195,-498.4617075920105,0.0013194084167480469,0,0.0013194084167480469
0,-0.49949145317077637,-498.4611990451813,-0.0008108615875244141,0,0.0005085468292236328
0,-0.4987063407897949,-498.46053314208984,0.0007851123809814453,0,0.0012936592102050781
0,-0.4994187355041504,-498.459951877594,-0.0007123947143554688,1,0.0005812644958496094
0,-0.49822306632995605,-498.45917201042175,0.001195669174194336,0,0.0017769336700439453
0,-0.4994394779205322,-498.4586114883423,-0.0012164115905761719,1,0.0005605220794677734
0,-0.49886322021484375,-498.4589593410492,0.0005762577056884766,0,0.00113677978515625
0,-0.5,-498.4589593410492,-0.00113677978515625,1,0.0
0,-0.49840879440307617,-498.45829033851624,0.0015912055969238281,0,0.0015912055969238281
0,-0.5,-498.458696603775,-0.0015912055969238281,1,0.0
0,-0.49897050857543945,-498.45867800712585,0.0010294914245605469,0,0.0010294914245605469
0,-0.5,-498.4596016407013,-0.0010294914245605469,1,0.0
0,-0.4937739372253418,-498.45605516433716,0.006226062774658203,0,0.006226062774658203
0,-0.49947094917297363,-498.4568712711334,-0.005697011947631836,1,0.0005290508270263672
0,-0.49947094917297363,-498.4582824707031,0.0,0,0.0005290508270263672
0,-0.5,-498.45861411094666,-0.0005290508270263672,1,0.0
0,-0.4989802837371826,-498.4589247703552,0.0010197162628173828,0,0.0010197162628173828
0,-0.49808669090270996,-498.4574806690216,0.0008935928344726562,1,0.001913309097290039
0,-0.49603271484375,-498.4565691947937,0.002053976058959961,0,0.00396728515625
0,-0.5,-498.45857310295105,-0.00396728515625,1,0.0
0,-0.4976174831390381,-498.45918107032776,0.002382516860961914,0,0.002382516860961914
0,-0.5,-498.4605555534363,-0.002382516860961914,1,0.0
0,-0.5,-498.4629111289978,0.0,0,0.0
0,-0.5,-498.4629111289978,0.0,1,0.0
0,-0.4979841709136963,-498.46699261665344,0.002015829086303711,0,0.002015829086303711
0,-0.4998962879180908,-498.46688890457153,-0.0019121170043945312,0,0.00010371208190917969
0,-0.4969494342803955,-498.46383833885193,0.0029468536376953125,0,0.003050565719604492
0,-0.4988744258880615,-498.46271276474,-0.0019249916076660156,1,0.0011255741119384766
0,-0.49666929244995117,-498.46143436431885,0.0022051334381103516,0,0.003330707550048828
0,-0.5,-498.46143436431885,-0.003330707550048828,1,0.0
0,-0.49895381927490234,-498.461385011673,0.0010461807250976562,0,0.0010461807250976562
0,-0.5,-498.461385011673,-0.0010461807250976562,1,0.0
0,-0.4980759620666504,-498.4603338241577,0.0019240379333496094,0,0.0019240379333496094
0,-0.5,-498.4603338241577,-0.0019240379333496094,1,0.0
0,-0.4983828067779541,-498.4598796367645,0.0016171932220458984,0,0.0016171932220458984
0,-0.5,-498.4598796367645,-0.0016171932220458984,0,0.0
0,-0.5,-498.46223402023315,0.0,0,0.0
0,-0.5,-498.46223402023315,0.0,0,0.0
0,-0.5,-498.46223402023315,0.0,0,0.0
0,-0.5,-498.46223402023315,0.0,0,0.0
0,-0.5,-498.464227437973,0.0,0,0.0
0,-0.499814510345459,-498.4646918773651,0.00018548965454101562,0,0.00018548965454101562
0,-0.499814510345459,-498.4654095172882,0.0,0,0.00018548965454101562
0,-0.5,-498.46616315841675,-0.00018548965454101562,1,0.0
0,-0.49703168869018555,-498.46444845199585,0.002968311309814453,0,0.002968311309814453
0,-0.5,-498.4647388458252,-0.002968311309814453,0,0.0
0,-0.49896860122680664,-498.463707447052,0.0010313987731933594,0,0.0010313987731933594
0,-0.5,-498.4640233516693,-0.0010313987731933594,0,0.0
0,-0.4985463619232178,-498.46310019493103,0.0014536380767822266,0,0.0014536380767822266
0,-0.5,-498.4631688594818,-0.0014536380767822266,1,0.0
0,-0.49828386306762695,-498.46195697784424,0.0017161369323730469,0,0.0017161369323730469
0,-0.5,-498.46195697784424,-0.0017161369323730469,1,0.0
0,-0.5,-498.46195697784424,0.0,0,0.0
0,-0.5,-498.46195697784424,0.0,1,0.0
0,-0.49900221824645996,-498.4609591960907,0.000997781753540039,0,0.000997781753540039
0,-0.499814510345459,-498.46077370643616,-0.0008122920989990234,1,0.00018548965454101562
0,-0.49987244606018066,-498.46217012405396,-5.793571472167969e-05,0,0.00012755393981933594
0,-0.4990098476409912,-498.46117997169495,0.0008625984191894531,1,0.000990152359008789
0,-0.4974222183227539,-498.46406412124634,0.0015876293182373047,0,0.0025777816772460938
0,-0.5,-498.46406412124634,-0.0025777816772460938,1,0.0
0,-0.5,-498.46406412124634,0.0,0,0.0
0,-0.5,-498.46406412124634,0.0,1,0.0
0,-0.49933481216430664,-498.46339893341064,0.0006651878356933594,0,0.0006651878356933594
0,-0.49910449981689453,-498.46250343322754,0.00023031234741210938,1,0.0008955001831054688
0,-0.4973258972167969,-498.45982933044434,0.0017786026000976562,0,0.002674102783203125
0,-0.5,-498.46054244041443,-0.002674102783203125,1,0.0
0,-0.4986724853515625,-498.46209812164307,0.0013275146484375,0,0.0013275146484375
0,-0.49893784523010254,-498.4869499206543,-0.00026535987854003906,1,0.001062154769897461
0,-0.49640798568725586,-498.5754795074463,0.0025298595428466797,0,0.0035920143127441406
0,-0.5,-498.5774841308594,-0.0035920143127441406,1,0.0
0,-0.49901866912841797,-498.5785050392151,0.0009813308715820312,0,0.0009813308715820312
0,-0.5,-498.5795040130615,-0.0009813308715820312,1,0.0
0,-0.49911975860595703,-498.5816135406494,0.0008802413940429688,0,0.0008802413940429688
0,-0.5,-498.5816135406494,-0.0008802413940429688,1,0.0
0,-0.498990535736084,-498.5815966129303,0.0010094642639160156,0,0.0010094642639160156
0,-0.49872732162475586,-498.58032393455505,0.000263214111328125,1,0.0012726783752441406
0,-0.49474501609802246,-498.5775628089905,0.0039823055267333984,0,0.005254983901977539
0,-0.4997091293334961,-498.577271938324,-0.004964113235473633,1,0.00029087066650390625
0,-0.4996356964111328,-498.5769076347351,7.343292236328125e-05,0,0.0003643035888671875
0,-0.49950623512268066,-498.57840728759766,0.00012946128845214844,1,0.0004937648773193359
0,-0.49897265434265137,-498.65233731269836,0.0005335807800292969,0,0.0010273456573486328
0,-0.5,-498.6526081562042,-0.0010273456573486328,0,0.0
0,-0.5,-498.65308904647827,0.0,0,0.0
0,-0.49927616119384766,-498.65262937545776,0.0007238388061523438,1,0.0007238388061523438
0,-0.49878716468811035,-498.65376257896423,0.0004889965057373047,0,0.0012128353118896484
0,-0.5,-498.65376257896423,-0.0012128353118896484,1,0.0
0,-0.5,-498.65557956695557,0.0,0,0.0
0,-0.49869847297668457,-498.65427803993225,0.0013015270233154297,0,0.0013015270233154297
0,-0.5,-498.65581703186035,-0.0013015270233154297,0,0.0
0,-0.5,-498.6568169593811,0.0,1,0.0
0,-0.49904370307922363,-498.6568605899811,0.0009562969207763672,0,0.0009562969207763672
0,-0.5,-498.6578643321991,-0.0009562969207763672,1,0.0
0,-0.5,-498.66290760040283,0.0,0,0.0
0,-0.4988389015197754,-498.6617465019226,0.0011610984802246094,0,0.0011610984802246094
0,-0.5,-498.66357612609863,-0.0011610984802246094,0,0.0
0,-0.4992482662200928,-498.66344451904297,0.0007517337799072266,1,0.0007517337799072266
0,-0.498734712600708,-498.6644871234894,0.0005135536193847656,0,0.0012652873992919922
0,-0.5,-498.6644871234894,-0.0012652873992919922,1,0.0
0,-0.49749183654785156,-498.66297221183777,0.0025081634521484375,0,0.0025081634521484375
0,-0.5,-498.66297221183777,-0.0025081634521484375,0,0.0
0,-0.5,-498.66472721099854,0.0,0,0.0
0,-0.5,-498.665673494339,0.0,1,0.0
0,-0.4979517459869385,-498.6646177768707,0.0020482540130615234,0,0.0020482540130615234
0,-0.5,-498.6646177768707,-0.0020482540130615234,1,0.0
0,-0.5,-498.6657431125641,0.0,0,0.0
0,-0.5,-498.6657431125641,0.0,0,0.0
0,-0.49898791313171387,-498.6652548313141,0.0010120868682861328,0,0.0010120868682861328
0,-0.5,-498.6652548313141,-0.0010120868682861328,0,0.0
0,-0.5,-498.6672480106354,0.0,0,0.0
0,-0.5,-498.6672480106354,0.0,1,0.0
0,-0.5,-498.67076349258423,0.0,0,0.0
0,-0.49883127212524414,-498.6707134246826,0.0011687278747558594,0,0.0011687278747558594
0,-0.4989335536956787,-498.6721794605255,-0.00010228157043457031,0,0.001066446304321289
0,-0.49877333641052246,-498.67095279693604,0.00016021728515625,1,0.001226663589477539
0,-0.4830350875854492,-498.65593433380127,0.015738248825073242,0,0.01696491241455078
0,-0.4987068176269531,-498.65563917160034,-0.015671730041503906,1,0.001293182373046875
0,-0.49865245819091797,-498.6570694446564,5.435943603515625e-05,0,0.0013475418090820312
0,-0.49920058250427246,-498.65682339668274,-0.0005481243133544922,0,0.0007994174957275391
0,-0.5,-498.65682339668274,-0.0007994174957275391,0,0.0
0,-0.4989495277404785,-498.65630650520325,0.0010504722595214844,1,0.0010504722595214844
0,-0.4979128837585449,-498.65641713142395,0.0010366439819335938,0,0.002087116241455078
0,-0.5,-498.6569194793701,-0.002087116241455078,0,0.0
0,-0.483203649520874,-498.64162850379944,0.016796350479125977,0,0.016796350479125977
0,-0.5,-498.64162850379944,-0.016796350479125977,0,0.0
0,-0.5,-498.6426212787628,0.0,0,0.0
0,-0.49974870681762695,-498.6433835029602,0.0002512931823730469,1,0.0002512931823730469
0,-0.49890995025634766,-498.64511704444885,0.0008387565612792969,0,0.0010900497436523438
0,-0.499347448348999,-498.6454894542694,-0.0004374980926513672,0,0.0006525516510009766
0,-0.49451112747192383,-498.64212107658386,0.004836320877075195,0,0.005488872528076172
0,-0.49896836280822754,-498.6415545940399,-0.004457235336303711,0,0.001031637191772461
0,-0.5,-498.6427619457245,-0.001031637191772461,0,0.0
0,-0.5,-498.6427619457245,0.0,1,0.0
0,-0.49822306632995605,-498.6430947780609,0.0017769336700439453,0,0.0017769336700439453
0,-0.4990236759185791,-498.64221000671387,-0.0008006095886230469,0,0.0009763240814208984
0,-0.4983656406402588,-498.6417877674103,0.0006580352783203125,0,0.001634359359741211
0,-0.49921345710754395,-498.6412043571472,-0.0008478164672851562,0,0.0007865428924560547
0,-0.5,-498.6423065662384,-0.0007865428924560547,0,0.0
0,-0.49948596954345703,-498.64179253578186,0.0005140304565429688,1,0.0005140304565429688
0,-0.4990663528442383,-498.64403438568115,0.00041961669921875,0,0.0009336471557617188
0,-0.5,-498.6446349620819,-0.0009336471557617188,0,0.0
0,-0.49941539764404297,-498.6464190483093,0.0005846023559570312,0,0.0005846023559570312
0,-0.4989655017852783,-498.6453845500946,0.00044989585876464844,0,0.0010344982147216797
0,-0.5,-498.6477725505829,-0.0010344982147216797,0,0.0
0,-0.49968957901000977,-498.6474621295929,0.0003104209899902344,0,0.0003104209899902344
0,-0.4998807907104492,-498.6502125263214,-0.00019121170043945312,0,0.00011920928955078125
0,-0.4994981288909912,-498.6502318382263,0.0003826618194580078,0,0.0005018711090087891
0,-0.4990665912628174,-498.6494948863983,0.0004315376281738281,0,0.0009334087371826172
0,-0.4994022846221924,-498.6488971710205,-0.000335693359375,0,0.0005977153778076172
0,-0.5,-498.6494743824005,-0.0005977153778076172,0,0.0
0,-0.4981498718261719,-498.6476242542267,0.001850128173828125,0,0.001850128173828125
0,-0.4967470169067383,-498.6454577445984,0.0014028549194335938,0,0.0032529830932617188
0,-0.5,-498.64556789398193,-0.0032529830932617188,1,0.0
0,-0.5,-498.6456413269043,0.0,0,0.0
0,-0.5,-498.6567668914795,0.0,1,0.0
0,-0.499469518661499,-498.7017903327942,0.0005304813385009766,0,0.0005304813385009766
0,-0.49900317192077637,-498.70463013648987,0.00046634674072265625,1,0.0009968280792236328
0,-0.49196910858154297,-498.7004358768463,0.0070340633392333984,0,0.008030891418457031
0,-0.4987630844116211,-498.69919896125793,-0.006793975830078125,0,0.0012369155883789062
0,-0.4985678195953369,-498.7010314464569,0.0001952648162841797,0,0.001432180404663086
0,-0.5,-498.7010314464569,-0.001432180404663086,1,0.0
0,-0.5,-498.7033727169037,0.0,0,0.0
0,-0.5,-498.7033727169037,0.0,1,0.0
0,-0.4980008602142334,-498.70354294776917,0.0019991397857666016,0,0.0019991397857666016
0,-0.5,-498.70354294776917,-0.0019991397857666016,0,0.0
0,-0.49877476692199707,-498.703387260437,0.0012252330780029297,0,0.0012252330780029297
0,-0.49898743629455566,-498.70237469673157,-0.00021266937255859375,1,0.001012563705444336
0,-0.49799346923828125,-498.7018492221832,0.000993967056274414,0,0.00200653076171875
0,-0.4991600513458252,-498.7020032405853,-0.0011665821075439453,1,0.0008399486541748047
0,-0.4994964599609375,-498.70307540893555,-0.0003364086151123047,0,0.0005035400390625
0,-0.4990379810333252,-498.7021133899689,0.0004584789276123047,0,0.0009620189666748047
0,-0.4992079734802246,-498.7021656036377,-0.00016999244689941406,0,0.0007920265197753906
0,-0.4977989196777344,-498.69996452331543,0.0014090538024902344,1,0.002201080322265625
0,-0.4992694854736328,-498.70089888572693,-0.0014705657958984375,0,0.0007305145263671875
0,-0.49896955490112305,-498.700323343277,0.0002999305725097656,1,0.0010304450988769531
0,-0.4975132942199707,-498.6990284919739,0.0014562606811523438,0,0.002486705780029297
0,-0.5,-498.6990284919739,-0.002486705780029297,1,0.0
0,-0.5,-498.70150351524353,0.0,0,0.0
0,-0.5,-498.70150351524353,0.0,1,0.0
0,-0.4929680824279785,-498.6944715976715,0.007031917572021484,0,0.007031917572021484
0,-0.5,-498.6944715976715,-0.007031917572021484,1,0.0
0,-0.4783358573913574,-498.67530393600464,0.021664142608642578,0,0.021664142608642578
0,-0.4998202323913574,-498.675124168396,-0.021484375,1,0.00017976760864257812
0,-0.5,-498.6761190891266,-0.00017976760864257812,0,0.0
0,-0.5,-498.676322221756,0.0,1,0.0
0,-0.49709534645080566,-498.6759796142578,0.002904653549194336,0,0.002904653549194336
0,-0.49899935722351074,-498.6749789714813,-0.0019040107727050781,0,0.0010006427764892578
0,-0.5,-498.67745566368103,-0.0010006427764892578,0,0.0
0,-0.4996769428253174,-498.67713260650635,0.0003230571746826172,0,0.0003230571746826172
0,-0.4985034465789795,-498.67804646492004,0.0011734962463378906,0,0.0014965534210205078
0,-0.5,-498.67804646492004,-0.0014965534210205078,1,0.0
0,-0.5,-498.6799826622009,0.0,0,0.0
0,-0.49687790870666504,-498.6768605709076,0.003122091293334961,0,0.003122091293334961
0,-0.49900341033935547,-498.67806935310364,-0.0021255016326904297,0,0.0009965896606445312
0,-0.5,-498.67806935310364,-0.0009965896606445312,1,0.0
0,-0.49795055389404297,-498.67653918266296,0.0020494461059570312,0,0.0020494461059570312
0,-0.49959826469421387,-498.6761374473572,-0.0016477108001708984,1,0.0004017353057861328
0,-0.498309850692749,-498.67685890197754,0.0012884140014648438,0,0.0016901493072509766
0,-0.4989454746246338,-498.6797914505005,-0.0006356239318847656,0,0.001054525375366211
0,-0.49893617630004883,-498.73654437065125,9.298324584960938e-06,0,0.0010638236999511719
0,-0.4995765686035156,-498.7928125858307,-0.0006403923034667969,1,0.000423431396484375
0,-0.49937915802001953,-498.85126543045044,0.00019741058349609375,0,0.0006208419799804688
0,-0.5,-498.85126543045044,-0.0006208419799804688,0,0.0
0,-0.49753475189208984,-498.8513443470001,0.0024652481079101562,0,0.0024652481079101562
0,-0.49956202507019043,-498.85125637054443,-0.002027273178100586,0,0.0004379749298095703
0,-0.49907565116882324,-498.8515498638153,0.0004863739013671875,0,0.0009243488311767578
0,-0.4989967346191406,-498.85054659843445,7.891654968261719e-05,0,0.001003265380859375
0,-0.49682068824768066,-498.8499445915222,0.002176046371459961,0,0.003179311752319336
0,-0.498624324798584,-498.8495659828186,-0.0018036365509033203,1,0.0013756752014160156
0,-0.4964425563812256,-498.849059343338,0.0021817684173583984,0,0.003557443618774414
0,-0.5,-498.8498115539551,-0.003557443618774414,1,0.0
0,-0.5,-498.85124611854553,0.0,0,0.0
0,-0.5,-498.85124611854553,0.0,0,0.0
0,-0.4981353282928467,-498.8529706001282,0.0018646717071533203,0,0.0018646717071533203
0,-0.499497652053833,-498.852468252182,-0.0013623237609863281,1,0.0005023479461669922
0,-0.499497652053833,-498.8544192314148,0.0,0,0.0005023479461669922
0,-0.5,-498.8551139831543,-0.0005023479461669922,1,0.0
0,-0.4960000514984131,-498.85328245162964,0.003999948501586914,0,0.003999948501586914
0,-0.5,-498.85328245162964,-0.003999948501586914,1,0.0
0,-0.49898719787597656,-498.85426473617554,0.0010128021240234375,0,0.0010128021240234375
0,-0.49984288215637207,-498.8541076183319,-0.0008556842803955078,1,0.0001571178436279297
0,-0.5,-498.8552100658417,-0.0001571178436279297,0,0.0
0,-0.5,-498.8552100658417,0.0,1,0.0
0,-0.49799442291259766,-498.85706973075867,0.0020055770874023438,0,0.0020055770874023438
0,-0.5,-498.85706973075867,-0.0020055770874023438,1,0.0
0,-0.48290157318115234,-498.8409643173218,0.017098426818847656,0,0.017098426818847656
0,-0.5,-498.8409643173218,-0.017098426818847656,0,0.0
0,-0.4993865489959717,-498.85243010520935,0.0006134510040283203,0,0.0006134510040283203
0,-0.5,-498.8534643650055,-0.0006134510040283203,1,0.0
0,-0.4973287582397461,-498.85178780555725,0.0026712417602539062,0,0.0026712417602539062
0,-0.49980783462524414,-498.852956533432,-0.002479076385498047,1,0.00019216537475585938
0,-0.49890995025634766,-498.85354828834534,0.0008978843688964844,0,0.0010900497436523438
0,-0.5,-498.8547887802124,-0.0010900497436523438,0,0.0
0,-0.5,-498.85636591911316,0.0,0,0.0
0,-0.49953174591064453,-498.8558976650238,0.00046825408935546875,1,0.00046825408935546875
0,-0.4985206127166748,-498.85549569129944,0.0010111331939697266,0,0.0014793872833251953
0,-0.49877262115478516,-498.8542683124542,-0.00025200843811035156,1,0.0012273788452148438
0,-0.4980037212371826,-498.85395312309265,0.0007688999176025391,0,0.001996278762817383
0,-0.5,-498.85444378852844,-0.001996278762817383,1,0.0
0,-0.498004674911499,-498.8532655239105,0.0019953250885009766,0,0.0019953250885009766
0,-0.5,-498.8538098335266,-0.0019953250885009766,1,0.0
0,-0.49868059158325195,-498.8535370826721,0.0013194084167480469,0,0.0013194084167480469
0,-0.5,-498.8535370826721,-0.0013194084167480469,1,0.0
0,-0.4980025291442871,-498.8536684513092,0.0019974708557128906,0,0.0019974708557128906
0,-0.5,-498.8536684513092,-0.0019974708557128906,1,0.0
0,-0.4800281524658203,-498.8356273174286,0.019971847534179688,0,0.019971847534179688
0,-0.49892401695251465,-498.8345513343811,-0.018895864486694336,1,0.0010759830474853516
0,-0.49796152114868164,-498.8394911289215,0.0009624958038330078,0,0.0020384788513183594
0,-0.4990530014038086,-498.8385441303253,-0.0010914802551269531,0,0.0009469985961914062
0,-0.49716830253601074,-498.8357124328613,0.0018846988677978516,0,0.002831697463989258
0,-0.5,-498.8357124328613,-0.002831697463989258,1,0.0
0,-0.49875640869140625,-498.8354802131653,0.00124359130859375,0,0.00124359130859375
0,-0.5,-498.8368556499481,-0.00124359130859375,1,0.0
0,-0.5,-498.83823108673096,0.0,0,0.0
0,-0.5,-498.83823108673096,0.0,1,0.0
0,-0.4979217052459717,-498.8377559185028,0.0020782947540283203,0,0.0020782947540283203
0,-0.5,-498.8377559185028,-0.0020782947540283203,0,0.0
0,-0.4979250431060791,-498.8392696380615,0.0020749568939208984,0,0.0020749568939208984
0,-0.49920177459716797,-498.83859038352966,-0.0012767314910888672,0,0.0007982254028320312
0,-0.49811887741088867,-498.83769512176514,0.0010828971862792969,0,0.0018811225891113281
0,-0.49948978424072266,-498.8374733924866,-0.0013709068298339844,1,0.0005102157592773438
0,-0.4958217144012451,-498.8332951068878,0.003668069839477539,0,0.004178285598754883
0,-0.5,-498.8332951068878,-0.004178285598754883,0,0.0
0,-0.49900388717651367,-498.83229899406433,0.0009961128234863281,0,0.0009961128234863281
0,-0.49863171577453613,-498.83093070983887,0.00037217140197753906,1,0.0013682842254638672
0,-0.497544527053833,-498.8284752368927,0.001087188720703125,0,0.002455472946166992
0,-0.4989926815032959,-498.827467918396,-0.0014481544494628906,1,0.0010073184967041016
0,-0.4969151020050049,-498.824383020401,0.0020775794982910156,0,0.003084897994995117
0,-0.5,-498.824383020401,-0.003084897994995117,0,0.0
0,-0.4964315891265869,-498.8213827610016,0.003568410873413086,0,0.003568410873413086
0,-0.4988729953765869,-498.8213198184967,-0.00244140625,0,0.001127004623413086
0,-0.5,-498.82338666915894,-0.001127004623413086,1,0.0
0,-0.5,-498.82338666915894,0.0,0,0.0
0,-0.5,-498.82338666915894,0.0,0,0.0
0,-0.5,-498.8243842124939,0.0,1,0.0
0,-0.49431467056274414,-498.8207950592041,0.005685329437255859,0,0.005685329437255859
0,-0.5,-498.8217668533325,-0.005685329437255859,1,0.0
0,-0.49894261360168457,-498.82113003730774,0.0010573863983154297,0,0.0010573863983154297
0,-0.49915242195129395,-498.82028245925903,-0.000209808349609375,1,0.0008475780487060547
0,-0.4981498718261719,-498.81951332092285,0.0010025501251220703,0,0.001850128173828125
0,-0.4997541904449463,-498.8197240829468,-0.001604318618774414,1,0.00024580955505371094
0,-0.49885058403015137,-498.8190755844116,0.0009036064147949219,0,0.0011494159698486328
0,-0.5,-498.8194041252136,-0.0011494159698486328,1,0.0
0,-0.4989297389984131,-498.82022881507874,0.001070261001586914,0,0.001070261001586914
0,-0.5,-498.82022881507874,-0.001070261001586914,0,0.0
0,-0.5,-498.82050919532776,0.0,0,0.0
0,-0.5,-498.82057547569275,0.0,0,0.0
0,-0.5,-498.8212230205536,0.0,0,0.0
0,-0.5,-498.8212230205536,0.0,0,0.0
0,-0.5,-498.8222243785858,0.0,0,0.0
0,-0.5,-498.8228099346161,0.0,0,0.0
0,-0.49799132347106934,-498.8221004009247,0.002008676528930664,0,0.002008676528930664
0,-0.4998316764831543,-498.82241678237915,-0.001840353012084961,1,0.00016832351684570312
0,-0.4980809688568115,-498.82049775123596,0.0017507076263427734,0,0.0019190311431884766
0,-0.5,-498.8215093612671,-0.0019190311431884766,1,0.0
0,-0.5,-498.82357001304626,0.0,0,0.0
0,-0.5,-498.8239495754242,0.0,1,0.0
0,-0.49860668182373047,-498.8236126899719,0.0013933181762695312,0,0.0013933181762695312
0,-0.5,-498.8236126899719,-0.0013933181762695312,0,0.0
0,-0.4994966983795166,-498.825154542923,0.0005033016204833984,0,0.0005033016204833984
0,-0.5,-498.825154542923,-0.0005033016204833984,1,0.0
0,-0.49879980087280273,-498.82466650009155,0.0012001991271972656,0,0.0012001991271972656
0,-0.5,-498.82466650009155,-0.0012001991271972656,1,0.0
0,-0.49793434143066406,-498.82363057136536,0.0020656585693359375,0,0.0020656585693359375
0,-0.4994523525238037,-498.82308292388916,-0.0015180110931396484,1,0.0005476474761962891
0,-0.4984476566314697,-498.82153058052063,0.0010046958923339844,0,0.0015523433685302734
0,-0.49894022941589355,-498.8204708099365,-0.0004925727844238281,1,0.0010597705841064453
0,-0.4978768825531006,-498.82038259506226,0.0010633468627929688,0,0.002123117446899414
0,-0.49906325340270996,-498.81944584846497,-0.001186370849609375,1,0.0009367465972900391
0,-0.49480581283569336,-498.81425166130066,0.0042574405670166016,0,0.005194187164306641
0,-0.5,-498.81425166130066,-0.005194187164306641,0,0.0
0,-0.5,-498.81425166130066,0.0,0,0.0
0,-0.5,-498.81425166130066,0.0,1,0.0
0,-0.49843788146972656,-498.813108921051,0.0015621185302734375,0,0.0015621185302734375
0,-0.5,-498.8133690357208,-0.0015621185302734375,1,0.0
0,-0.49900245666503906,-498.81339836120605,0.0009975433349609375,0,0.0009975433349609375
0,-0.49897122383117676,-498.8129222393036,3.123283386230469e-05,0,0.0010287761688232422
0,-0.4986610412597656,-498.81158328056335,0.0003101825714111328,0,0.001338958740234375
0,-0.5,-498.81158328056335,-0.001338958740234375,0,0.0
0,-0.49848413467407227,-498.8100674152374,0.0015158653259277344,0,0.0015158653259277344
0,-0.5,-498.8103332519531,-0.0015158653259277344,1,0.0
0,-0.5,-498.8123948574066,0.0,0,0.0
0,-0.5,-498.8123948574066,0.0,0,0.0
0,-0.499525785446167,-498.81419682502747,0.0004742145538330078,0,0.0004742145538330078
0,-0.5,-498.81520438194275,-0.0004742145538330078,0,0.0
0,-0.4962460994720459,-498.81219387054443,0.0037539005279541016,0,0.0037539005279541016
0,-0.4999072551727295,-498.8133633136749,-0.0036611557006835938,1,9.274482727050781e-05
0,-0.49945592880249023,-498.8128192424774,0.0004513263702392578,0,0.0005440711975097656
0,-0.5,-498.8128192424774,-0.0005440711975097656,1,0.0
0,-0.4980051517486572,-498.8108243942261,0.0019948482513427734,0,0.0019948482513427734
0,-0.5,-498.8108243942261,-0.0019948482513427734,0,0.0
0,-0.4989628791809082,-498.809787273407,0.0010371208190917969,0,0.0010371208190917969
0,-0.4994959831237793,-498.8118464946747,-0.0005331039428710938,1,0.0005040168762207031
0,-0.49872851371765137,-498.81174778938293,0.0007674694061279297,0,0.0012714862823486328
0,-0.5,-498.81235361099243,-0.0012714862823486328,1,0.0
0,-0.49747753143310547,-498.80983114242554,0.0025224685668945312,0,0.0025224685668945312
0,-0.49942636489868164,-498.81083273887634,-0.0019488334655761719,0,0.0005736351013183594
0,-0.4990057945251465,-498.8102102279663,0.00042057037353515625,0,0.0009942054748535156
0,-0.4987187385559082,-498.81000423431396,0.00028705596923828125,1,0.0012812614440917969
0,-0.4979691505432129,-498.80995655059814,0.0007495880126953125,0,0.0020308494567871094
0,-0.5,-498.8104946613312,-0.0020308494567871094,0,0.0
0,-0.49573826789855957,-498.80623292922974,0.00426173210144043,0,0.00426173210144043
0,-0.497805118560791,-498.80521965026855,-0.0020668506622314453,0,0.0021948814392089844
0,-0.5,-498.80521965026855,-0.0021948814392089844,0,0.0
0,-0.49883008003234863,-498.80508160591125,0.0011699199676513672,1,0.0011699199676513672
0,-0.49802446365356445,-498.80428647994995,0.0008056163787841797,0,0.001975536346435547
0,-0.5,-498.8063271045685,-0.001975536346435547,1,0.0
0,-0.49745845794677734,-498.80748438835144,0.0025415420532226562,0,0.0025415420532226562
0,-0.5,-498.8084833621979,-0.0025415420532226562,0,0.0
0,-0.4989967346191406,-498.807480096817,0.001003265380859375,0,0.001003265380859375
0,-0.4995152950286865,-498.8073480129242,-0.0005185604095458984,1,0.00048470497131347656
0,-0.49863433837890625,-498.8059823513031,0.0008809566497802734,0,0.00136566162109375
0,-0.49900126457214355,-498.80498361587524,-0.0003669261932373047,0,0.0009987354278564453
0,-0.4980051517486572,-498.8029887676239,0.0009961128234863281,0,0.0019948482513427734
0,-0.49900174140930176,-498.8019905090332,-0.0009965896606445312,0,0.0009982585906982422
0,-0.49902868270874023,-498.803099155426,-2.6941299438476562e-05,0,0.0009713172912597656
0,-0.499891996383667,-498.8029911518097,-0.0008633136749267578,1,0.00010800361633300781
0,-0.5,-498.8029911518097,-0.00010800361633300781,0,0.0
0,-0.5,-498.8029911518097,0.0,0,0.0
0,-0.4998939037322998,-498.8038787841797,0.00010609626770019531,0,0.00010609626770019531
0,-0.5,-498.8038787841797,-0.00010609626770019531,0,0.0
0,-0.5,-498.80434370040894,0.0,0,0.0
0,-0.5,-498.80434370040894,0.0,0,0.0
0,-0.5,-498.8063950538635,0.0,0,0.0
0,-0.4996325969696045,-498.8068778514862,0.0003674030303955078,1,0.0003674030303955078
0,-0.49902868270874023,-498.8065552711487,0.0006039142608642578,0,0.0009713172912597656
0,-0.5,-498.80667638778687,-0.0009713172912597656,1,0.0
0,-0.49892234802246094,-498.8055987358093,0.0010776519775390625,0,0.0010776519775390625
0,-0.49893879890441895,-498.80453753471375,-1.6450881958007812e-05,1,0.0010612010955810547
0,-0.5,-498.8046271800995,-0.0010612010955810547,0,0.0
0,-0.49945688247680664,-498.80517840385437,0.0005431175231933594,1,0.0005431175231933594
0,-0.4986698627471924,-498.8055589199066,0.0007870197296142578,0,0.0013301372528076172
0,-0.49900293350219727,-498.8051483631134,-0.0003330707550048828,0,0.0009970664978027344
0,-0.49964213371276855,-498.8047904968262,-0.0006392002105712891,0,0.0003578662872314453
0,-0.5,-498.8057975769043,-0.0003578662872314453,1,0.0
0,-0.49703264236450195,-498.80410718917847,0.002967357635498047,0,0.002967357635498047
0,-0.49901795387268066,-498.8035819530487,-0.001985311508178711,0,0.000982046127319336
0,-0.4994382858276367,-498.80302023887634,-0.0004203319549560547,0,0.0005617141723632812
0,-0.4998512268066406,-498.802871465683,-0.00041294097900390625,1,0.000148773193359375
0,-0.4998512268066406,-498.8048007488251,0.0,0,0.000148773193359375
0,-0.4999265670776367,-498.805237531662,-7.534027099609375e-05,0,7.343292236328125e-05
0,-0.49900221824645996,-498.80423974990845,0.0009243488311767578,0,0.000997781753540039
0,-0.49907922744750977,-498.8042776584625,-7.700920104980469e-05,1,0.0009207725524902344
0,-0.4990072250366211,-498.8063554763794,7.200241088867188e-05,0,0.0009927749633789062
0,-0.5,-498.8076047897339,-0.0009927749633789062,0,0.0
0,-0.5,-498.8084008693695,0.0,0,0.0
0,-0.499100923538208,-498.8086268901825,0.0008990764617919922,1,0.0008990764617919922
0,-0.4991796016693115,-498.8098871707916,-7.867813110351562e-05,0,0.0008203983306884766
0,-0.4994349479675293,-498.80932211875916,-0.00025534629821777344,0,0.0005650520324707031
0,-0.4978787899017334,-498.8080425262451,0.0015561580657958984,0,0.0021212100982666016
0,-0.5,-498.8080425262451,-0.0021212100982666016,1,0.0
0,-0.4979989528656006,-498.8075461387634,0.002001047134399414,0,0.002001047134399414
0,-0.5,-498.8075461387634,-0.002001047134399414,0,0.0
0,-0.49900341033935547,-498.80755066871643,0.0009965896606445312,0,0.0009965896606445312
0,-0.49895405769348145,-498.8065047264099,4.935264587402344e-05,1,0.0010459423065185547
0,-0.496964693069458,-498.8055212497711,0.0019893646240234375,0,0.003035306930541992
0,-0.5,-498.8055212497711,-0.003035306930541992,0,0.0
0,-0.49790477752685547,-498.803426027298,0.0020952224731445312,0,0.0020952224731445312
0,-0.5,-498.803426027298,-0.0020952224731445312,0,0.0
0,-0.5,-498.8053677082062,0.0,0,0.0
0,-0.5,-498.8057789802551,0.0,0,0.0
0,-0.5,-498.8060324192047,0.0,0,0.0
0,-0.4994823932647705,-498.8055148124695,0.0005176067352294922,0,0.0005176067352294922
0,-0.4994823932647705,-498.8070294857025,0.0,0,0.0005176067352294922
0,-0.5,-498.80752968788147,-0.0005176067352294922,0,0.0
0,-0.5,-498.80752968788147,0.0,0,0.0
0,-0.5,-498.8080270290375,0.0,0,0.0
0,-0.5,-498.8093123435974,0.0,0,0.0
0,-0.49930357933044434,-498.80861592292786,0.0006964206695556641,0,0.0006964206695556641
0,-0.49897003173828125,-498.8085906505585,0.00033354759216308594,0,0.00102996826171875
0,-0.49900364875793457,-498.8075942993164,-3.361701965332031e-05,1,0.0009963512420654297
0,-0.4961841106414795,-498.80487394332886,0.002819538116455078,0,0.003815889358520508
0,-0.4960517883300781,-498.80092573165894,0.0001323223114013672,0,0.003948211669921875
0,-0.4990043640136719,-498.8011679649353,-0.00295257568359375,1,0.000995635986328125
0,-0.49800634384155273,-498.7994785308838,0.0009980201721191406,0,0.0019936561584472656
0,-0.5,-498.7994785308838,-0.0019936561584472656,0,0.0
0,-0.4994959831237793,-498.7999882698059,0.0005040168762207031,0,0.0005040168762207031
0,-0.49899816513061523,-498.7990758419037,0.0004978179931640625,0,0.0010018348693847656
0,-0.5,-498.7990758419037,-0.0010018348693847656,1,0.0
0,-0.4255208969116211,-498.72606468200684,0.0744791030883789,0,0.0744791030883789
0,-0.5,-498.7268521785736,-0.0744791030883789,0,0.0
0,-0.5,-498.72831439971924,0.0,0,0.0
0,-0.5,-498.72831439971924,0.0,0,0.0
0,-0.5,-498.72831439971924,0.0,0,0.0
0,-0.5,-498.72855281829834,0.0,0,0.0
0,-0.5,-498.72855281829834,0.0,0,0.0
0,-0.5,-498.72955799102783,0.0,0,0.0
0,-0.5,-498.7318322658539,0.0,0,0.0
0,-0.4990966320037842,-498.73092889785767,0.0009033679962158203,0,0.0009033679962158203
0,-0.49948954582214355,-498.7314827442169,-0.000392913818359375,0,0.0005104541778564453
0,-0.5,-498.7314827442169,-0.0005104541778564453,0,0.0
0,-0.49956488609313965,-498.73310256004333,0.00043511390686035156,0,0.00043511390686035156
0,-0.5,-498.73310256004333,-0.00043511390686035156,0,0.0
0,-0.4989941120147705,-498.7320966720581,0.0010058879852294922,0,0.0010058879852294922
0,-0.5,-498.7324106693268,-0.0010058879852294922,0,0.0
0,-0.5,-498.73259830474854,0.0,0,0.0
0,-0.499300479888916,-498.73189878463745,0.0006995201110839844,1,0.0006995201110839844
0,-0.4987475872039795,-498.73064637184143,0.0005528926849365234,0,0.0012524127960205078
0,-0.49894213676452637,-498.7305965423584,-0.000194549560546875,0,0.0010578632354736328
0,-0.49949026107788086,-498.7325689792633,-0.0005481243133544922,1,0.0005097389221191406
0,-0.4989941120147705,-498.7315630912781,0.0004961490631103516,0,0.0010058879852294922
0,-0.4996223449707031,-498.7316632270813,-0.0006282329559326172,0,0.000377655029296875
0,-0.49910402297973633,-498.73186445236206,0.0005183219909667969,0,0.0008959770202636719
0,-0.5,-498.73311281204224,-0.0008959770202636719,0,0.0
0,-0.5,-498.7337067127228,0.0,0,0.0
0,-0.49851202964782715,-498.7322187423706,0.0014879703521728516,0,0.0014879703521728516
0,-0.49915456771850586,-498.7319016456604,-0.0006425380706787109,0,0.0008454322814941406
0,-0.4998326301574707,-498.7330677509308,-0.0006780624389648438,0,0.00016736984252929688
0,-0.5,-498.7332706451416,-0.00016736984252929688,0,0.0
0,-0.5,-498.7336537837982,0.0,0,0.0
0,-0.5,-498.7341949939728,0.0,0,0.0
0,-0.4989802837371826,-498.73378109931946,0.0010197162628173828,0,0.0010197162628173828
0,-0.4994375705718994,-498.73428440093994,-0.0004572868347167969,0,0.0005624294281005859
0,-0.5,-498.73553109169006,-0.0005624294281005859,0,0.0
0,-0.5,-498.73553109169006,0.0,0,0.0
0,-0.49985766410827637,-498.7360668182373,0.0001423358917236328,0,0.0001423358917236328
0,-0.5,-498.736435174942,-0.0001423358917236328,0,0.0
0,-0.4989910125732422,-498.73542618751526,0.0010089874267578125,2,0.0010089874267578125
0,-0.49699926376342773,-498.7336075305939,0.001991748809814453,1,0.0030007362365722656
0,-0.4950075149536133,-498.73131346702576,0.001991748809814453,0,0.004992485046386719
0,-0.5,-498.73131346702576,-0.004992485046386719,0,0.0
0,-0.49791407585144043,-498.72961592674255,0.0020859241485595703,0,0.0020859241485595703
0,-0.4990055561065674,-498.7288782596588,-0.0010914802551269531,0,0.0009944438934326172
0,-0.4990506172180176,-498.73031759262085,-4.506111145019531e-05,1,0.0009493827819824219
0,-0.4954183101654053,-498.72573590278625,0.0036323070526123047,0,0.0045816898345947266
0,-0.5,-498.72593688964844,-0.0045816898345947266,0,0.0
0,-0.49927735328674316,-498.7252142429352,0.0007226467132568359,0,0.0007226467132568359
0,-0.49979448318481445,-498.72619009017944,-0.0005171298980712891,0,0.00020551681518554688
0,-0.4991114139556885,-498.72530150413513,0.0006830692291259766,0,0.0008885860443115234
0,-0.5,-498.72530150413513,-0.0008885860443115234,0,0.0
0,-0.5,-498.72530150413513,0.0,0,0.0
0,-0.4985311031341553,-498.96018743515015,0.0014688968658447266,0,0.0014688968658447266
0,-0.4989755153656006,-498.96006298065186,-0.0004444122314453125,0,0.001024484634399414
0,-0.4988129138946533,-498.9598753452301,0.00016260147094726562,0,0.0011870861053466797
0,-0.49932074546813965,-498.95919609069824,-0.0005078315734863281,0,0.0006792545318603516
0,-0.49900078773498535,-498.9581968784332,0.0003199577331542969,0,0.0009992122650146484
0,-0.4989628791809082,-498.95715975761414,3.790855407714844e-05,1,0.0010371208190917969
0,-0.4974191188812256,-498.956081867218,0.0015437602996826172,0,0.002580881118774414
0,-0.5,-498.956081867218,-0.002580881118774414,1,0.0
0,-0.4979879856109619,-498.95562529563904,0.002012014389038086,0,0.002012014389038086
0,-0.4990050792694092,-498.9550623893738,-0.0010170936584472656,0,0.0009949207305908203
0,-0.4989936351776123,-498.95497488975525,1.1444091796875e-05,0,0.0010063648223876953
0,-0.4990675449371338,-498.9540424346924,-7.390975952148438e-05,0,0.0009324550628662109
0,-0.5,-498.9560921192169,-0.0009324550628662109,0,0.0
0,-0.5,-498.9571053981781,0.0,0,0.0
0,-0.4989914894104004,-498.9560968875885,0.0010085105895996094,1,0.0010085105895996094
0,-0.49501991271972656,-498.95205450057983,0.003971576690673828,0,0.0049800872802734375
0,-0.49899959564208984,-498.95204854011536,-0.003979682922363281,0,0.0010004043579101562
0,-0.5,-498.95204854011536,-0.0010004043579101562,0,0.0
0,-0.498992919921875,-498.95104146003723,0.001007080078125,0,0.001007080078125
0,-0.5,-498.95129323005676,-0.001007080078125,0,0.0
0,-0.5,-498.9519169330597,0.0,0,0.0
0,-0.5,-498.9519169330597,0.0,0,0.0
0,-0.5,-498.9529187679291,0.0,0,0.0
0,-0.5,-498.9553129673004,0.0,0,0.0
0,-0.5,-498.9553129673004,0.0,0,0.0
0,-0.5,-498.95636343955994,0.0,1,0.0
0,-0.4986734390258789,-498.9550368785858,0.0013265609741210938,0,0.0013265609741210938
0,-0.5,-498.9554076194763,-0.0013265609741210938,1,0.0
0,-0.5,-498.9554076194763,0.0,0,0.0
0,-0.49899888038635254,-498.95569014549255,0.001001119613647461,0,0.001001119613647461
0,-0.4989924430847168,-498.9574329853058,6.4373016357421875e-06,0,0.0010075569152832031
0,-0.49926280975341797,-498.95682525634766,-0.0002703666687011719,0,0.0007371902465820312
0,-0.5,-498.95682525634766,-0.0007371902465820312,0,0.0
0,-0.4989938735961914,-498.95581912994385,0.0010061264038085938,0,0.0010061264038085938
0,-0.49912381172180176,-498.95593643188477,-0.00012993812561035156,0,0.0008761882781982422
0,-0.49919962882995605,-498.95619654655457,-7.581710815429688e-05,0,0.0008003711700439453
0,-0.4989495277404785,-498.95777654647827,0.00025010108947753906,0,0.0010504722595214844
0,-0.4986100196838379,-498.956582069397,0.000339508056640625,0,0.0013899803161621094
0,-0.49900341033935547,-498.95767760276794,-0.0003933906555175781,0,0.0009965896606445312
0,-0.5,-498.9578185081482,-0.0009965896606445312,1,0.0
0,-0.4980034828186035,-498.9558219909668,0.0019965171813964844,0,0.0019965171813964844
0,-0.4991741180419922,-498.95626282691956,-0.0011706352233886719,1,0.0008258819580078125
0,-0.49904966354370117,-498.9577331542969,0.00012445449829101562,1,0.0009503364562988281
0,-0.5,-498.9583351612091,-0.0009503364562988281,0,0.0
0,-0.5,-498.9583351612091,0.0,0,0.0
0,-0.5,-498.9584994316101,0.0,0,0.0
0,-0.5,-498.9595537185669,0.0,0,0.0
0,-0.49887537956237793,-498.9584290981293,0.0011246204376220703,0,0.0011246204376220703
0,-0.5,-498.9584290981293,-0.0011246204376220703,0,0.0
0,-0.4989030361175537,-498.9573321342468,0.001096963882446289,0,0.001096963882446289
0,-0.5,-498.958416223526,-0.001096963882446289,0,0.0
0,-0.4989891052246094,-498.9574053287506,0.001010894775390625,0,0.001010894775390625
0,-0.4970204830169678,-498.95494294166565,0.0019686222076416016,0,0.0029795169830322266
0,-0.5,-498.9551055431366,-0.0029795169830322266,1,0.0
0,-0.4979267120361328,-498.9541230201721,0.0020732879638671875,0,0.0020732879638671875
0,-0.4990041255950928,-498.9531271457672,-0.001077413558959961,0,0.0009958744049072266
0,-0.5,-498.9531271457672,-0.0009958744049072266,2,0.0
0,-0.49966883659362793,-498.9537937641144,0.0003311634063720703,1,0.0003311634063720703
0,-0.5,-498.9547915458679,-0.0003311634063720703,0,0.0
0,-0.4990966320037842,-498.9538881778717,0.0009033679962158203,0,0.0009033679962158203
0,-0.49892449378967285,-498.9556908607483,0.00017213821411132812,0,0.0010755062103271484
0,-0.5,-498.95670223236084,-0.0010755062103271484,0,0.0
0,-0.5,-498.96022748947144,0.0,0,0.0
0,-0.5,-498.9612326622009,0.0,0,0.0
0,-0.5,-498.96216320991516,0.0,0,0.0
0,-0.49900221824645996,-498.96216344833374,0.000997781753540039,0,0.000997781753540039
0,-0.49895238876342773,-498.9627902507782,4.982948303222656e-05,0,0.0010476112365722656
0,-0.5,-498.9627902507782,-0.0010476112365722656,0,0.0
0,-0.4990055561065674,-498.96179580688477,0.0009944438934326172,1,0.0009944438934326172
0,-0.49801015853881836,-498.9598059654236,0.0009953975677490234,0,0.0019898414611816406
0,-0.5,-498.96081590652466,-0.0019898414611816406,0,0.0
0,-0.5,-498.9609775543213,0.0,0,0.0
0,-0.5,-498.9609775543213,0.0,0,0.0
0,-0.4994523525238037,-498.9604299068451,0.0005476474761962891,1,0.0005476474761962891
0,-0.49928998947143555,-498.9621298313141,0.00016236305236816406,0,0.0007100105285644531
0,-0.49988627433776855,-498.96201610565186,-0.0005962848663330078,0,0.00011372566223144531
0,-0.5,-498.9621982574463,-0.00011372566223144531,0,0.0
0,-0.5,-498.9621982574463,0.0,0,0.0
0,-0.49907898902893066,-498.9631106853485,0.0009210109710693359,1,0.0009210109710693359
0,-0.4990091323852539,-498.962628364563,6.985664367675781e-05,0,0.0009908676147460938
0,-0.5,-498.9646553993225,-0.0009908676147460938,0,0.0
0,-0.5,-498.96566700935364,0.0,0,0.0
0,-0.5,-498.9672746658325,0.0,0,0.0
0,-0.4996769428253174,-498.96695160865784,0.0003230571746826172,0,0.0003230571746826172
0,-0.5,-498.96695160865784,-0.0003230571746826172,0,0.0
0,-0.49855852127075195,-498.9655101299286,0.0014414787292480469,0,0.0014414787292480469
0,-0.4989910125732422,-498.96450114250183,-0.0004324913024902344,0,0.0010089874267578125
0,-0.49880433082580566,-498.96330547332764,0.00018668174743652344,1,0.001195669174194336
0,-0.49871397018432617,-498.96201944351196,9.036064147949219e-05,0,0.0012860298156738281
0,-0.5,-498.96244168281555,-0.0012860298156738281,0,0.0
0,-0.4990110397338867,-498.9616506099701,0.0009889602661132812,0,0.0009889602661132812
0,-0.5,-498.9616506099701,-0.0009889602661132812,1,0.0
0,-0.49900054931640625,-498.9633820056915,0.00099945068359375,0,0.00099945068359375
0,-0.5,-498.9638476371765,-0.00099945068359375,1,0.0
0,-0.4990553855895996,-498.9629030227661,0.0009446144104003906,0,0.0009446144104003906
0,-0.49904394149780273,-498.9624729156494,1.1444091796875e-05,0,0.0009560585021972656
0,-0.5,-498.9624729156494,-0.0009560585021972656,0,0.0
0,-0.4991309642791748,-498.9616038799286,0.0008690357208251953,0,0.0008690357208251953
0,-0.4989359378814697,-498.96053981781006,0.00019502639770507812,0,0.0010640621185302734
0,-0.5,-498.9625325202942,-0.0010640621185302734,0,0.0
0,-0.5,-498.9670617580414,0.0,0,0.0
0,-0.4989948272705078,-498.9660565853119,0.0010051727294921875,0,0.0010051727294921875
0,-0.5,-498.96712279319763,-0.0010051727294921875,0,0.0
0,-0.4979391098022461,-498.9650619029999,0.0020608901977539062,0,0.0020608901977539062
0,-0.5,-498.9681673049927,-0.0020608901977539062,0,0.0
0,-0.5,-498.9688642024994,0.0,0,0.0
0,-0.5,-498.970419883728,0.0,0,0.0
0,-0.5,-498.970419883728,0.0,0,0.0
0,-0.5,-498.97219133377075,0.0,0,0.0
0,-0.5,-498.97219133377075,0.0,0,0.0
0,-0.5,-498.97312927246094,0.0,0,0.0
0,-0.5,-498.9739065170288,0.0,1,0.0
0,-0.4986252784729004,-498.9754047393799,0.0013747215270996094,0,0.0013747215270996094
0,-0.49918675422668457,-498.974951505661,-0.0005614757537841797,1,0.0008132457733154297
0,-0.5,-498.97515392303467,-0.0008132457733154297,0,0.0
0,-0.498274564743042,-498.9734284877777,0.0017254352569580078,0,0.0017254352569580078
0,-0.5,-498.97442984580994,-0.0017254352569580078,0,0.0
0,-0.4989449977874756,-498.9733748435974,0.001055002212524414,0,0.001055002212524414
0,-0.4990701675415039,-498.97448992729187,-0.0001251697540283203,0,0.0009298324584960938
0,-0.49964046478271484,-498.9741303920746,-0.0005702972412109375,0,0.00035953521728515625
0,-0.5,-498.97467041015625,-0.00035953521728515625,0,0.0
0,-0.4989438056945801,-498.97462368011475,0.0010561943054199219,1,0.0010561943054199219
0,-0.4967479705810547,-498.9738838672638,0.0021958351135253906,0,0.0032520294189453125
0,-0.5,-498.9738838672638,-0.0032520294189453125,1,0.0
0,-0.4999387264251709,-498.9748249053955,6.127357482910156e-05,0,6.127357482910156e-05
0,-0.5,-498.9754581451416,-6.127357482910156e-05,0,0.0
0,-0.5,-498.97564911842346,0.0,0,0.0
0,-0.5,-498.9762108325958,0.0,0,0.0
0,-0.5,-498.9772951602936,0.0,0,0.0
0,-0.4989192485809326,-498.9762144088745,0.0010807514190673828,0,0.0010807514190673828
0,-0.4994945526123047,-498.9757089614868,-0.0005753040313720703,0,0.0005054473876953125
0,-0.5,-498.9757089614868,-0.0005054473876953125,0,0.0
0,-0.49841737747192383,-498.97620582580566,0.0015826225280761719,0,0.0015826225280761719
0,-0.5,-498.97690773010254,-0.0015826225280761719,0,0.0
0,-0.5,-498.9792547225952,0.0,0,0.0
0,-0.5,-498.9792547225952,0.0,1,0.0
0,-0.4971039295196533,-498.97635865211487,0.0028960704803466797,0,0.0028960704803466797
0,-0.49941086769104004,-498.97630071640015,-0.0023069381713867188,2,0.0005891323089599609
0,-0.4984288215637207,-498.976261138916,0.000982046127319336,1,0.0015711784362792969
0,-0.4944272041320801,-498.9706883430481,0.004001617431640625,0,0.005572795867919922
0,-0.5,-498.9727294445038,-0.005572795867919922,0,0.0
0,-0.5,-498.9737355709076,0.0,0,0.0
0,-0.5,-498.9747476577759,0.0,0,0.0
0,-0.5,-498.9747476577759,0.0,1,0.0
0,-0.49855494499206543,-498.97330260276794,0.0014450550079345703,0,0.0014450550079345703
0,-0.4989044666290283,-498.972341299057,-0.0003495216369628906,1,0.0010955333709716797
0,-0.4979219436645508,-498.9705832004547,0.000982522964477539,0,0.0020780563354492188
0,-0.4995708465576172,-498.97015404701233,-0.0016489028930664062,0,0.0004291534423828125
0,-0.5,-498.97015404701233,-0.0004291534423828125,0,0.0
0,-0.497528076171875,-498.96876645088196,0.002471923828125,0,0.002471923828125
0,-0.5,-498.9711935520172,-0.002471923828125,0,0.0
0,-0.5,-498.9722878932953,0.0,0,0.0
0,-0.5,-498.9748742580414,0.0,0,0.0
0,-0.5,-498.9751121997833,0.0,0,0.0
0,-0.5,-498.9751121997833,0.0,0,0.0
0,-0.4993102550506592,-498.9754204750061,0.0006897449493408203,0,0.0006897449493408203
0,-0.4990055561065674,-498.9763946533203,0.0003046989440917969,0,0.0009944438934326172
0,-0.4989931583404541,-498.97538781166077,1.239776611328125e-05,1,0.0010068416595458984
0,-0.4980037212371826,-498.97539043426514,0.0009894371032714844,0,0.001996278762817383
0,-0.4995296001434326,-498.9756007194519,-0.00152587890625,1,0.0004703998565673828
0,-0.4991428852081299,-498.97474360466003,0.0003867149353027344,0,0.0008571147918701172
0,-0.4989910125732422,-498.9737346172333,0.0001518726348876953,0,0.0010089874267578125
0,-0.4994966983795166,-498.9742274284363,-0.0005056858062744141,0,0.0005033016204833984
0,-0.49900126457214355,-498.9733724594116,0.0004954338073730469,0,0.0009987354278564453
0,-0.49884772300720215,-498.97321915626526,0.00015354156494140625,0,0.0011522769927978516
0,-0.49964284896850586,-498.9737927913666,-0.0007951259613037109,0,0.0003571510314941406
0,-0.5,-498.97478199005127,-0.0003571510314941406,0,0.0
0,-0.498462438583374,-498.9736897945404,0.0015375614166259766,0,0.0015375614166259766
0,-0.4989907741546631,-498.97268056869507,-0.0005283355712890625,0,0.001009225845336914
0,-0.5,-498.97268056869507,-0.001009225845336914,0,0.0
0,-0.5,-498.9746699333191,0.0,0,0.0
0,-0.4991750717163086,-498.97439455986023,0.0008249282836914062,0,0.0008249282836914062
0,-0.5,-498.9753978252411,-0.0008249282836914062,0,0.0
0,-0.49936771392822266,-498.9752390384674,0.0006322860717773438,0,0.0006322860717773438
0,-0.5,-498.97706937789917,-0.0006322860717773438,0,0.0
0,-0.5,-498.97706937789917,0.0,0,0.0
0,-0.4985048770904541,-498.97598099708557,0.0014951229095458984,0,0.0014951229095458984
0,-0.5,-498.97598099708557,-0.0014951229095458984,0,0.0
0,-0.5,-498.9765808582306,0.0,0,0.0
0,-0.5,-498.97759890556335,0.0,1,0.0
0,-0.4979398250579834,-498.98276591300964,0.0020601749420166016,0,0.0020601749420166016
0,-0.49956178665161133,-498.98249197006226,-0.0016219615936279297,1,0.0004382133483886719
0,-0.4989902973175049,-498.98203802108765,0.0005714893341064453,0,0.0010097026824951172
0,-0.4989817142486572,-498.9810197353363,8.58306884765625e-06,0,0.0010182857513427734
0,-0.49899840354919434,-498.9800181388855,-1.6689300537109375e-05,0,0.001001596450805664
0,-0.49889111518859863,-498.9789092540741,0.00010728836059570312,0,0.0011088848114013672
0,-0.5,-498.9789092540741,-0.0011088848114013672,0,0.0
0,-0.5,-498.98163628578186,0.0,0,0.0
0,-0.5,-498.9861204624176,0.0,0,0.0
0,-0.5,-498.9866895675659,0.0,1,0.0
0,-0.4979972839355469,-498.9856855869293,0.002002716064453125,0,0.002002716064453125
0,-0.5,-498.98665404319763,-0.002002716064453125,1,0.0
0,-0.497905969619751,-498.98583030700684,0.0020940303802490234,0,0.0020940303802490234
0,-0.4993174076080322,-498.98514771461487,-0.00141143798828125,0,0.0006825923919677734
0,-0.4989941120147705,-498.9856855869293,0.00032329559326171875,0,0.0010058879852294922
0,-0.4989476203918457,-498.98463320732117,4.649162292480469e-05,0,0.0010523796081542969
0,-0.4980015754699707,-498.9837296009064,0.000946044921875,0,0.001998424530029297
0,-0.4987013339996338,-498.9835729598999,-0.0006997585296630859,0,0.001298666000366211
0,-0.498995304107666,-498.98618817329407,-0.00029397010803222656,0,0.0010046958923339844
0,-0.49900054931640625,-498.9861812591553,-5.245208740234375e-06,2,0.00099945068359375
0,-0.4966278076171875,-498.98575472831726,0.00237274169921875,1,0.0033721923828125
0,-0.4813549518585205,-498.9681181907654,0.015272855758666992,0,0.018645048141479492
0,-0.4984610080718994,-498.9684612751007,-0.017106056213378906,2,0.001538991928100586
0,-0.5,-498.968786239624,-0.001538991928100586,0,0.0
0,-0.5,-498.96964716911316,0.0,0,0.0
0,-0.5,-498.97068428993225,0.0,0,0.0
0,-0.4994828701019287,-498.97120428085327,0.0005171298980712891,0,0.0005171298980712891
0,-0.49949121475219727,-498.97069549560547,-8.344650268554688e-06,0,0.0005087852478027344
0,-0.49882936477661133,-498.9704837799072,0.0006618499755859375,0,0.0011706352233886719
0,-0.49901723861694336,-498.96963834762573,-0.00018787384033203125,0,0.0009827613830566406
0,-0.4989912509918213,-498.96862959861755,2.5987625122070312e-05,0,0.001008749008178711
0,-0.5,-498.96862959861755,-0.001008749008178711,1,0.0
0,-0.49899959564208984,-498.96866250038147,0.0010004043579101562,0,0.0010004043579101562
0,-0.4991285800933838,-498.96779108047485,-0.0001289844512939453,0,0.0008714199066162109
0,-0.5,-498.96829295158386,-0.0008714199066162109,0,0.0
0,-0.5,-498.9687395095825,0.0,1,0.0
0,-0.497941255569458,-498.96777868270874,0.002058744430541992,0,0.002058744430541992
0,-0.5,-498.96777868270874,-0.002058744430541992,0,0.0
0,-0.5,-498.96883249282837,0.0,0,0.0
0,-0.4995858669281006,-498.96841835975647,0.00041413307189941406,0,0.00041413307189941406
0,-0.5,-498.96943712234497,-0.00041413307189941406,0,0.0
0,-0.5,-498.9698724746704,0.0,0,0.0
0,-0.49897098541259766,-498.968843460083,0.0010290145874023438,0,0.0010290145874023438
0,-0.4989922046661377,-498.96783566474915,-2.1219253540039062e-05,2,0.0010077953338623047
0,-0.4949605464935303,-498.963835477829,0.004031658172607422,1,0.0050394535064697266
0,-0.4939579963684082,-498.9579162597656,0.0010025501251220703,0,0.006042003631591797
0,-0.5,-498.9590814113617,-0.006042003631591797,0,0.0
0,-0.4994199275970459,-498.95850133895874,0.0005800724029541016,0,0.0005800724029541016
0,-0.4983556270599365,-498.95784997940063,0.001064300537109375,0,0.0016443729400634766
0,-0.5,-498.95849895477295,-0.0016443729400634766,0,0.0
0,-0.49895429611206055,-498.95845675468445,0.0010457038879394531,0,0.0010457038879394531
0,-0.49860501289367676,-498.9570617675781,0.00034928321838378906,0,0.0013949871063232422
0,-0.5,-498.95805764198303,-0.0013949871063232422,0,0.0
0,-0.4985799789428711,-498.9566376209259,0.0014200210571289062,0,0.0014200210571289062
0,-0.49899983406066895,-498.95665860176086,-0.00041985511779785156,1,0.0010001659393310547
0,-0.4970121383666992,-498.95367074012756,0.0019876956939697266,0,0.0029878616333007812
0,-0.49900341033935547,-498.95395255088806,-0.00199127197265625,0,0.0009965896606445312
0,-0.4989891052246094,-498.95294165611267,1.430511474609375e-05,0,0.001010894775390625
0,-0.4994316101074219,-498.953373670578,-0.0004425048828125,0,0.000568389892578125
0,-0.5,-498.95443987846375,-0.000568389892578125,0,0.0
0,-0.5,-498.95443987846375,0.0,0,0.0
0,-0.5,-498.95443987846375,0.0,1,0.0
0,-0.5,-498.95784521102905,0.0,0,0.0
0,-0.49947142601013184,-498.9573166370392,0.0005285739898681641,2,0.0005285739898681641
0,-0.49900102615356445,-498.95631766319275,0.0004703998565673828,1,0.0009989738464355469
0,-0.49794816970825195,-498.954265832901,0.0010528564453125,0,0.002051830291748047
0,-0.4994962215423584,-498.95376205444336,-0.0015480518341064453,0,0.0005037784576416016
0,-0.4996318817138672,-498.95363092422485,-0.00013566017150878906,1,0.0003681182861328125
0,-0.49869823455810547,-498.95232915878296,0.0009336471557617188,0,0.0013017654418945312
0,-0.5,-498.95319175720215,-0.0013017654418945312,0,0.0
0,-0.49895572662353516,-498.9532833099365,0.0010442733764648438,1,0.0010442733764648438
0,-0.4980018138885498,-498.9530143737793,0.0009539127349853516,0,0.0019981861114501953
0,-0.5,-498.954142332077,-0.0019981861114501953,0,0.0
0,-0.4989969730377197,-498.9534637928009,0.0010030269622802734,0,0.0010030269622802734
0,-0.5,-498.9534637928009,-0.0010030269622802734,0,0.0
0,-0.5,-498.9534637928009,0.0,0,0.0
0,-0.49854373931884766,-498.95426392555237,0.0014562606811523438,0,0.0014562606811523438
0,-0.4993863105773926,-498.95465636253357,-0.0008425712585449219,0,0.0006136894226074219
0,-0.49828290939331055,-498.95793080329895,0.0011034011840820312,1,0.0017170906066894531
0,-0.4959440231323242,-498.9538748264313,0.002338886260986328,0,0.004055976867675781
0,-0.49900221824645996,-498.9549355506897,-0.003058195114135742,0,0.000997781753540039
0,-0.49889516830444336,-498.95441126823425,0.00010704994201660156,0,0.0011048316955566406
0,-0.5,-498.954701423645,-0.0011048316955566406,0,0.0
0,-0.4997994899749756,-498.95500898361206,0.00020051002502441406,1,0.00020051002502441406
0,-0.49791622161865234,-498.95423007011414,0.0018832683563232422,0,0.0020837783813476562
0,-0.5,-498.95423007011414,-0.0020837783813476562,1,0.0
0,-0.49901700019836426,-498.95520997047424,0.0009829998016357422,0,0.0009829998016357422
0,-0.5,-498.95520997047424,-0.0009829998016357422,1,0.0
0,-0.499006986618042,-498.9562520980835,0.0009930133819580078,0,0.0009930133819580078
0,-0.49985456466674805,-498.95610666275024,-0.0008475780487060547,0,0.00014543533325195312
0,-0.49933958053588867,-498.957439661026,0.000514984130859375,0,0.0006604194641113281
0,-0.5,-498.957439661026,-0.0006604194641113281,1,0.0
0,-0.49799537658691406,-498.9554350376129,0.0020046234130859375,0,0.0020046234130859375
0,-0.49865055084228516,-498.9541585445404,-0.0006551742553710938,1,0.0013494491577148438
0,-0.4990537166595459,-498.9542233943939,-0.0004031658172607422,0,0.0009462833404541016
0,-0.5,-498.9545681476593,-0.0009462833404541016,1,0.0
0,-0.4989190101623535,-498.954806804657,0.0010809898376464844,0,0.0010809898376464844
0,-0.49933838844299316,-498.95449590682983,-0.00041937828063964844,1,0.0006616115570068359
0,-0.5,-498.95449590682983,-0.0006616115570068359,0,0.0
0,-0.49896764755249023,-498.95478439331055,0.0010323524475097656,1,0.0010323524475097656
0,-0.4972667694091797,-498.95502948760986,0.0017008781433105469,0,0.0027332305908203125
0,-0.49928927421569824,-498.9553120136261,-0.0020225048065185547,1,0.0007107257843017578
0,-0.49959397315979004,-498.95810627937317,-0.0003046989440917969,0,0.00040602684020996094
0,-0.5,-498.95921087265015,-0.00040602684020996094,1,0.0
0,-0.498016357421875,-498.957227230072,0.001983642578125,0,0.001983642578125
0,-0.5,-498.957227230072,-0.001983642578125,0,0.0
0,-0.49965572357177734,-498.957891702652,0.00034427642822265625,0,0.00034427642822265625
0,-0.5,-498.957891702652,-0.00034427642822265625,0,0.0
0,-0.49758219718933105,-498.9554738998413,0.0024178028106689453,0,0.0024178028106689453
0,-0.49939870834350586,-498.9551467895508,-0.0018165111541748047,0,0.0006012916564941406
0,-0.49970412254333496,-498.95536637306213,-0.00030541419982910156,0,0.00029587745666503906
0,-0.49878478050231934,-498.95415115356445,0.000919342041015625,0,0.001215219497680664
0,-0.5,-498.9558038711548,-0.001215219497680664,0,0.0
0,-0.49939942359924316,-498.9562244415283,0.0006005764007568359,1,0.0006005764007568359
0,-0.4979894161224365,-498.9587800502777,0.0014100074768066406,0,0.0020105838775634766
0,-0.5,-498.9587800502777,-0.0020105838775634766,1,0.0
0,-0.4992396831512451,-498.9601078033447,0.0007603168487548828,0,0.0007603168487548828
0,-0.5,-498.9601078033447,-0.0007603168487548828,0,0.0
0,-0.5,-498.96261525154114,0.0,0,0.0
0,-0.5,-498.9636914730072,0.0,1,0.0
0,-0.49828219413757324,-498.96429347991943,0.0017178058624267578,0,0.0017178058624267578
0,-0.5,-498.96429347991943,-0.0017178058624267578,0,0.0
0,-0.5,-498.9663574695587,0.0,0,0.0
0,-0.5,-498.9673538208008,0.0,1,0.0
0,-0.49900007247924805,-498.9698715209961,0.0009999275207519531,0,0.0009999275207519531
0,-0.499556303024292,-498.9696819782257,-0.0005562305450439453,0,0.0004436969757080078
0,-0.49980902671813965,-498.96949100494385,-0.00025272369384765625,0,0.00019097328186035156
0,-0.4992794990539551,-498.9687705039978,0.0005295276641845703,0,0.0007205009460449219
0,-0.4980597496032715,-498.96882247924805,0.0012197494506835938,0,0.0019402503967285156
0,-0.49959683418273926,-498.96944069862366,-0.0015370845794677734,1,0.0004031658172607422
0,-0.49976682662963867,-498.9731116294861,-0.00016999244689941406,0,0.00023317337036132812
0,-0.49938035011291504,-498.972491979599,0.0003864765167236328,1,0.0006196498870849609
0,-0.49821949005126953,-498.9717104434967,0.0011608600616455078,0,0.0017805099487304688
0,-0.49954819679260254,-498.9714014530182,-0.0013287067413330078,0,0.00045180320739746094
0,-0.4994325637817383,-498.97586488723755,0.00011563301086425781,0,0.0005674362182617188
0,-0.4980354309082031,-498.9746096134186,0.0013971328735351562,1,0.001964569091796875
0,-0.4978013038635254,-498.97341799736023,0.00023412704467773438,0,0.0021986961364746094
0,-0.49949073791503906,-498.97290873527527,-0.0016894340515136719,1,0.0005092620849609375
0,-0.4979977607727051,-498.97263050079346,0.0014929771423339844,0,0.002002239227294922
0,-0.49900317192077637,-498.97390604019165,-0.001005411148071289,1,0.0009968280792236328
0,-0.4976694583892822,-498.9726004600525,0.0013337135314941406,0,0.0023305416107177734
0,-0.4993877410888672,-498.97198820114136,-0.001718282699584961,0,0.0006122589111328125
0,-0.4997532367706299,-498.971741437912,-0.0003654956817626953,0,0.0002467632293701172
0,-0.5,-498.971741437912,-0.0002467632293701172,1,0.0
0,-0.49794697761535645,-498.97126030921936,0.0020530223846435547,0,0.0020530223846435547
0,-0.5,-498.9722533226013,-0.0020530223846435547,1,0.0
0,-0.49866151809692383,-498.97298550605774,0.0013384819030761719,0,0.0013384819030761719
0,-0.5,-498.97298550605774,-0.0013384819030761719,0,0.0
0,-0.49900388717651367,-498.97198939323425,0.0009961128234863281,0,0.0009961128234863281
0,-0.5,-498.97198939323425,-0.0009961128234863281,0,0.0
0,-0.4980034828186035,-498.9710314273834,0.0019965171813964844,0,0.0019965171813964844
0,-0.4989802837371826,-498.9700117111206,-0.0009768009185791016,0,0.0010197162628173828
0,-0.4981703758239746,-498.9702181816101,0.0008099079132080078,0,0.0018296241760253906
0,-0.4989962577819824,-498.9692144393921,-0.0008258819580078125,1,0.0010037422180175781
0,-0.4970512390136719,-498.9674038887024,0.0019450187683105469,0,0.002948760986328125
0,-0.4989814758300781,-498.96638536453247,-0.00193023681640625,1,0.001018524169921875
0,-0.49709391593933105,-498.964476108551,0.0018875598907470703,0,0.0029060840606689453
0,-0.499514102935791,-498.9639902114868,-0.002420186996459961,0,0.0004858970642089844
0,-0.49927330017089844,-498.9632635116577,0.00024080276489257812,0,0.0007266998291015625
0,-0.5,-498.9632635116577,-0.0007266998291015625,0,0.0
0,-0.4990122318267822,-498.9634041786194,0.0009877681732177734,0,0.0009877681732177734
0,-0.5,-498.9634041786194,-0.0009877681732177734,1,0.0
0,-0.49920177459716797,-498.9631333351135,0.0007982254028320312,0,0.0007982254028320312
0,-0.5,-498.9631333351135,-0.0007982254028320312,0,0.0
0,-0.5,-498.9631333351135,0.0,0,0.0
0,-0.49980735778808594,-498.9630000591278,0.0001926422119140625,1,0.0001926422119140625
0,-0.49944281578063965,-498.96303844451904,0.00036454200744628906,0,0.0005571842193603516
0,-0.4989902973175049,-498.9621970653534,0.0004525184631347656,1,0.0010097026824951172
0,-0.49799346923828125,-498.9615683555603,0.0009968280792236328,0,0.00200653076171875
0,-0.5,-498.9625930786133,-0.00200653076171875,1,0.0
0,-0.4989328384399414,-498.9625651836395,0.0010671615600585938,0,0.0010671615600585938
0,-0.5,-498.96273136138916,-0.0010671615600585938,0,0.0
0,-0.4993767738342285,-498.9621081352234,0.0006232261657714844,0,0.0006232261657714844
0,-0.49872875213623047,-498.9608368873596,0.0006480216979980469,1,0.0012712478637695312
0,-0.4994962215423584,-498.96133971214294,-0.0007674694061279297,0,0.0005037784576416016
0,-0.5,-498.9614999294281,-0.0005037784576416016,0,0.0
0,-0.5,-498.9614999294281,0.0,0,0.0
0,-0.5,-498.9614999294281,0.0,0,0.0
0,-0.5,-498.96276021003723,0.0,0,0.0
0,-0.5,-498.96276021003723,0.0,0,0.0
0,-0.49921131134033203,-498.965961933136,0.0007886886596679688,0,0.0007886886596679688
0,-0.49961185455322266,-498.9655737876892,-0.000400543212890625,1,0.00038814544677734375
0,-0.4996979236602783,-498.9671790599823,-8.606910705566406e-05,0,0.0003020763397216797
0,-0.49900341033935547,-498.96618247032166,0.0006945133209228516,1,0.0009965896606445312
0,-0.4974956512451172,-498.9636781215668,0.0015077590942382812,0,0.0025043487548828125
0,-0.49977898597717285,-498.96345710754395,-0.002283334732055664,1,0.00022101402282714844
0,-0.49900317192077637,-498.96477794647217,0.0007758140563964844,0,0.0009968280792236328
0,-0.4989914894104004,-498.9642996788025,1.1682510375976562e-05,1,0.0010085105895996094
0,-0.49767470359802246,-498.9629747867584,0.0013167858123779297,0,0.002325296401977539
0,-0.5,-498.9629747867584,-0.002325296401977539,0,0.0
0,-0.49529266357421875,-498.960275888443,0.00470733642578125,0,0.00470733642578125
0,-0.5,-498.960275888443,-0.00470733642578125,0,0.0
0,-0.5,-498.96233320236206,0.0,0,0.0
0,-0.5,-498.96233320236206,0.0,1,0.0
0,-0.5,-498.9637632369995,0.0,0,0.0
0,-0.5,-498.9654469490051,0.0,0,0.0
0,-0.4994807243347168,-498.96661138534546,0.0005192756652832031,0,0.0005192756652832031
0,-0.5,-498.96661138534546,-0.0005192756652832031,1,0.0
0,-0.49794697761535645,-498.9672021865845,0.0020530223846435547,0,0.0020530223846435547
0,-0.5,-498.96772599220276,-0.0020530223846435547,0,0.0
0,-0.4995431900024414,-498.9672691822052,0.00045680999755859375,0,0.00045680999755859375
0,-0.5,-498.96784114837646,-0.00045680999755859375,0,0.0
0,-0.4979524612426758,-498.9736568927765,0.0020475387573242188,0,0.0020475387573242188
0,-0.5,-498.9736568927765,-0.0020475387573242188,1,0.0
0,-0.49901819229125977,-498.97757744789124,0.0009818077087402344,0,0.0009818077087402344
0,-0.4985675811767578,-498.976145029068,0.0004506111145019531,0,0.0014324188232421875
0,-0.4943556785583496,-498.9711215496063,0.004211902618408203,0,0.005644321441650391
0,-0.498943567276001,-498.97038650512695,-0.004587888717651367,1,0.0010564327239990234
0,-0.49800562858581543,-498.9687135219574,0.0009379386901855469,0,0.0019943714141845703
0,-0.4990057945251465,-498.96771931648254,-0.0010001659393310547,1,0.0009942054748535156
0,-0.4973306655883789,-498.9662096500397,0.0016751289367675781,0,0.0026693344116210938
0,-0.499711275100708,-498.96622252464294,-0.0023806095123291016,1,0.0002887248992919922
0,-0.4981658458709717,-498.9643883705139,0.0015454292297363281,0,0.0018341541290283203
0,-0.49898457527160645,-498.9639322757721,-0.0008187294006347656,1,0.0010154247283935547
0,-0.49295806884765625,-498.95689034461975,0.006026506423950195,0,0.00704193115234375
0,-0.5,-498.9585211277008,-0.00704193115234375,1,0.0
0,-0.497988224029541,-498.9581980705261,0.0020117759704589844,0,0.0020117759704589844
0,-0.5,-498.9581980705261,-0.0020117759704589844,1,0.0
0,-0.4979984760284424,-498.95619654655457,0.002001523971557617,0,0.002001523971557617
0,-0.5,-498.95674538612366,-0.002001523971557617,0,0.0
0,-0.49898266792297363,-498.9562339782715,0.0010173320770263672,0,0.0010173320770263672
0,-0.5,-498.95674777030945,-0.0010173320770263672,0,0.0
0,-0.5,-498.95674777030945,0.0,1,0.0
0,-0.4975271224975586,-498.954274892807,0.0024728775024414062,0,0.0024728775024414062
0,-0.49973368644714355,-498.95400857925415,-0.002206563949584961,0,0.0002663135528564453
0,-0.4982481002807617,-498.9522566795349,0.001485586166381836,0,0.0017518997192382812
0,-0.5,-498.9522566795349,-0.0017518997192382812,0,0.0
0,-0.5,-498.9522566795349,0.0,1,0.0
0,-0.4953322410583496,-498.9495904445648,0.004667758941650391,0,0.004667758941650391
0,-0.49942994117736816,-498.9490203857422,-0.004097700119018555,0,0.0005700588226318359
0,-0.5,-498.95076632499695,-0.0005700588226318359,0,0.0
0,-0.4990406036376953,-498.94980692863464,0.0009593963623046875,1,0.0009593963623046875
0,-0.4970083236694336,-498.9504075050354,0.0020322799682617188,0,0.0029916763305664062
0,-0.4983699321746826,-498.9487774372101,-0.0013616085052490234,0,0.0016300678253173828
0,-0.5,-498.9507758617401,-0.0016300678253173828,0,0.0
0,-0.5,-498.9514310359955,0.0,0,0.0
0,-0.5,-498.9520616531372,0.0,0,0.0
0,-0.5,-498.95280838012695,0.0,0,0.0
0,-0.499021053314209,-498.95337414741516,0.0009789466857910156,0,0.0009789466857910156
0,-0.5,-498.9539396762848,-0.0009789466857910156,0,0.0
0,-0.49900388717651367,-498.95750761032104,0.0009961128234863281,0,0.0009961128234863281
0,-0.5,-498.95750761032104,-0.0009961128234863281,0,0.0
0,-0.5,-498.95844411849976,0.0,0,0.0
0,-0.4989943504333496,-498.9574384689331,0.0010056495666503906,0,0.0010056495666503906
0,-0.5,-498.9594337940216,-0.0010056495666503906,0,0.0
0,-0.49829602241516113,-498.9586935043335,0.0017039775848388672,1,0.0017039775848388672
0,-0.49887609481811523,-498.9575695991516,-0.0005800724029541016,0,0.0011239051818847656
0,-0.4991297721862793,-498.9566993713379,-0.0002536773681640625,0,0.0008702278137207031
0,-0.49900221824645996,-498.9598319530487,0.00012755393981933594,0,0.000997781753540039
0,-0.4956517219543457,-498.9567081928253,0.003350496292114258,0,0.004348278045654297
0,-0.5,-498.9587128162384,-0.004348278045654297,0,0.0
0,-0.49953341484069824,-498.9582462310791,0.0004665851593017578,1,0.0004665851593017578
0,-0.4992961883544922,-498.9604868888855,0.0002372264862060547,0,0.0007038116455078125
0,-0.49886274337768555,-498.9608051776886,0.0004334449768066406,0,0.0011372566223144531
0,-0.5,-498.9626522064209,-0.0011372566223144531,0,0.0
0,-0.4992184638977051,-498.9618706703186,0.0007815361022949219,1,0.0007815361022949219
0,-0.497683048248291,-498.9617428779602,0.0015354156494140625,0,0.0023169517517089844
0,-0.498990535736084,-498.9610469341278,-0.0013074874877929688,0,0.0010094642639160156
0,-0.5,-498.96230959892273,-0.0010094642639160156,0,0.0
0,-0.49919772148132324,-498.96150732040405,0.0008022785186767578,0,0.0008022785186767578
0,-0.49898672103881836,-498.96049404144287,0.0002110004425048828,0,0.0010132789611816406
0,-0.5,-498.96049404144287,-0.0010132789611816406,1,0.0
0,-0.4940071105957031,-498.9574990272522,0.005992889404296875,0,0.005992889404296875
0,-0.49900293350219727,-498.9565019607544,-0.004995822906494141,0,0.0009970664978027344
0,-0.5,-498.9565019607544,-0.0009970664978027344,0,0.0
0,-0.5,-498.957417011261,0.0,1,0.0
0,-0.49898695945739746,-498.95768904685974,0.001013040542602539,0,0.001013040542602539
0,-0.4989924430847168,-498.95668148994446,-5.4836273193359375e-06,0,0.0010075569152832031
0,-0.5,-498.9578790664673,-0.0010075569152832031,0,0.0
0,-0.5,-498.9578790664673,0.0,0,0.0
0,-0.5,-498.95872735977173,0.0,0,0.0
0,-0.5,-498.9589388370514,0.0,0,0.0
0,-0.5,-498.9598650932312,0.0,0,0.0
0,-0.5,-498.9598650932312,0.0,1,0.0
0,-0.5,-498.987122297287,0.0,0,0.0
0,-0.5,-498.9874348640442,0.0,1,0.0
0,-0.4989793300628662,-498.9872291088104,0.001020669937133789,0,0.001020669937133789
0,-0.4996910095214844,-498.98744559288025,-0.0007116794586181641,0,0.000308990478515625
0,-0.5,-498.98844504356384,-0.000308990478515625,0,0.0
0,-0.5,-498.98844504356384,0.0,1,0.0
0,-0.497971773147583,-498.98779797554016,0.002028226852416992,0,0.002028226852416992
0,-0.4986691474914551,-498.9864671230316,-0.0006973743438720703,0,0.0013308525085449219
0,-0.5,-498.98699617385864,-0.0013308525085449219,0,0.0
0,-0.5,-498.98747849464417,0.0,0,0.0
0,-0.49900317192077637,-498.98786449432373,0.0009968280792236328,0,0.0009968280792236328
0,-0.5,-498.98786449432373,-0.0009968280792236328,1,0.0
0,-0.49900364875793457,-498.987432718277,0.0009963512420654297,0,0.0009963512420654297
0,-0.4996955394744873,-498.9881353378296,-0.0006918907165527344,1,0.0003044605255126953
0,-0.5,-498.9917621612549,-0.0003044605255126953,0,0.0
0,-0.4989895820617676,-498.99179768562317,0.0010104179382324219,0,0.0010104179382324219
0,-0.4997982978820801,-498.9943926334381,-0.0008087158203125,0,0.00020170211791992188
0,-0.4989933967590332,-498.99338603019714,0.000804901123046875,0,0.0010066032409667969
0,-0.5,-498.99388217926025,-0.0010066032409667969,2,0.0
0,-0.498004674911499,-498.99188685417175,0.0019953250885009766,1,0.0019953250885009766
0,-0.49899935722351074,-498.99240612983704,-0.0009946823120117188,0,0.0010006427764892578
0,-0.4983088970184326,-498.9912281036377,0.000690460205078125,0,0.0016911029815673828
0,-0.49822497367858887,-498.99454069137573,8.392333984375e-05,0,0.0017750263214111328
0,-0.49895405769348145,-498.99453258514404,-0.0007290840148925781,0,0.0010459423065185547
0,-0.49958324432373047,-498.99681329727173,-0.0006291866302490234,0,0.00041675567626953125
0,-0.49750471115112305,-498.99431800842285,0.002078533172607422,0,0.002495288848876953
0,-0.5,-498.99431800842285,-0.002495288848876953,0,0.0
0,-0.49953198432922363,-498.9938499927521,0.0004680156707763672,1,0.0004680156707763672
0,-0.4998013973236084,-498.9936513900757,-0.0002694129943847656,0,0.00019860267639160156
0,-0.5,-498.9936513900757,-0.00019860267639160156,0,0.0
0,-0.5,-499.002676486969,0.0,0,0.0
0,-0.5,-499.002676486969,0.0,0,0.0
0,-0.5,-499.002676486969,0.0,0,0.0
0,-0.5,-499.00309705734253,0.0,1,0.0
0,-0.4989149570465088,-499.00217843055725,0.001085042953491211,0,0.001085042953491211
0,-0.5,-499.00217843055725,-0.001085042953491211,0,0.0
0,-0.5,-499.00217843055725,0.0,0,0.0
0,-0.5,-499.00217843055725,0.0,0,0.0
0,-0.49983763694763184,-499.00447177886963,0.00016236305236816406,0,0.00016236305236816406
0,-0.5,-499.00447177886963,-0.00016236305236816406,1,0.0
0,-0.499006986618042,-499.00496912002563,0.0009930133819580078,0,0.0009930133819580078
0,-0.4995124340057373,-499.0044815540314,-0.0005054473876953125,1,0.0004875659942626953
0,-0.49870991706848145,-499.0056643486023,0.0008025169372558594,0,0.0012900829315185547
0,-0.5,-499.0056643486023,-0.0012900829315185547,1,0.0
0,-0.4987010955810547,-499.00436544418335,0.0012989044189453125,0,0.0012989044189453125
0,-0.5,-499.00436544418335,-0.0012989044189453125,0,0.0
0,-0.5,-499.00436544418335,0.0,0,0.0
0,-0.49947047233581543,-499.00383591651917,0.0005295276641845703,0,0.0005295276641845703
0,-0.5,-499.00536847114563,-0.0005295276641845703,0,0.0
0,-0.49965858459472656,-499.0052547454834,0.0003414154052734375,0,0.0003414154052734375
0,-0.4992649555206299,-499.00657081604004,0.0003936290740966797,0,0.0007350444793701172
0,-0.49899768829345703,-499.00650811195374,0.00026726722717285156,0,0.0010023117065429688
0,-0.5,-499.00828194618225,-0.0010023117065429688,0,0.0
0,-0.49694108963012695,-499.00550723075867,0.003058910369873047,0,0.003058910369873047
0,-0.49894094467163086,-499.0044481754303,-0.0019998550415039062,0,0.0010590553283691406
0,-0.4999098777770996,-499.0043580532074,-0.00096893310546875,0,9.012222290039062e-05
0,-0.5,-499.0068919658661,-9.012222290039062e-05,0,0.0
0,-0.49794960021972656,-499.0048415660858,0.0020503997802734375,0,0.0020503997802734375
0,-0.49899911880493164,-499.00682282447815,-0.0010495185852050781,0,0.0010008811950683594
0,-0.49954795837402344,-499.0073688030243,-0.0005488395690917969,0,0.0004520416259765625
0,-0.49886417388916016,-499.00623297691345,0.0006837844848632812,0,0.0011358261108398438
0,-0.4989914894104004,-499.0056531429291,-0.00012731552124023438,0,0.0010085105895996094
0,-0.49900341033935547,-499.005163192749,-1.1920928955078125e-05,0,0.0009965896606445312
0,-0.5,-499.005163192749,-0.0009965896606445312,1,0.0
0,-0.49900269508361816,-499.00615906715393,0.000997304916381836,0,0.000997304916381836
0,-0.5,-499.0072832107544,-0.000997304916381836,0,0.0
0,-0.5,-499.0104167461395,0.0,0,0.0
0,-0.5,-499.01058411598206,0.0,0,0.0
0,-0.5,-499.01058411598206,0.0,0,0.0
0,-0.5,-499.01058411598206,0.0,0,0.0
0,-0.5,-499.01058411598206,0.0,0,0.0
0,-0.5,-499.010812997818,0.0,0,0.0
0,-0.4988830089569092,-499.01014733314514,0.0011169910430908203,0,0.0011169910430908203
0,-0.499295711517334,-499.0094430446625,-0.0004127025604248047,0,0.0007042884826660156
0,-0.4986581802368164,-499.0091931819916,0.0006375312805175781,0,0.0013418197631835938
0,-0.4996511936187744,-499.00884437561035,-0.0009930133819580078,1,0.00034880638122558594
0,-0.49899935722351074,-499.0091631412506,0.0006518363952636719,0,0.0010006427764892578
0,-0.4985666275024414,-499.0082383155823,0.00043272972106933594,0,0.0014333724975585938
0,-0.4991943836212158,-499.0087263584137,-0.0006277561187744141,0,0.0008056163787841797
0,-0.4985926151275635,-499.0079002380371,0.0006017684936523438,0,0.0014073848724365234
0,-0.5,-499.00967717170715,-0.0014073848724365234,0,0.0
0,-0.5,-499.0102376937866,0.0,1,0.0
0,-0.49775028228759766,-499.0091247558594,0.0022497177124023438,0,0.0022497177124023438
0,-0.4996156692504883,-499.00874042510986,-0.001865386962890625,1,0.00038433074951171875
0,-0.4981536865234375,-499.0084853172302,0.0014619827270507812,0,0.0018463134765625
0,-0.49869513511657715,-499.0071804523468,-0.0005414485931396484,1,0.0013048648834228516
0,-0.49779725074768066,-499.00600719451904,0.0008978843688964844,0,0.002202749252319336
0,-0.49961304664611816,-499.00562024116516,-0.0018157958984375,0,0.00038695335388183594
0,-0.5,-499.0118463039398,-0.00038695335388183594,0,0.0
0,-0.4990544319152832,-499.01142978668213,0.0009455680847167969,1,0.0009455680847167969
0,-0.4981048107147217,-499.0100636482239,0.0009496212005615234,0,0.0018951892852783203
0,-0.5,-499.0100636482239,-0.0018951892852783203,1,0.0
0,-0.49499940872192383,-499.0060827732086,0.005000591278076172,0,0.005000591278076172
0,-0.49901700019836426,-499.0070130825043,-0.00401759147644043,1,0.0009829998016357422
0,-0.49796152114868164,-499.0089418888092,0.0010554790496826172,0,0.0020384788513183594
0,-0.5,-499.0089418888092,-0.0020384788513183594,1,0.0
0,-0.4980494976043701,-499.00937390327454,0.0019505023956298828,0,0.0019505023956298828
0,-0.4992797374725342,-499.00865364074707,-0.0012302398681640625,1,0.0007202625274658203
0,-0.4982783794403076,-499.0069320201874,0.0010013580322265625,0,0.0017216205596923828
0,-0.4993569850921631,-499.00628900527954,-0.0010786056518554688,1,0.0006430149078369141
0,-0.49896812438964844,-499.0072729587555,0.00038886070251464844,0,0.0010318756103515625
0,-0.49900007247924805,-499.00637674331665,-3.1948089599609375e-05,1,0.0009999275207519531
0,-0.49931931495666504,-499.0087466239929,-0.0003192424774169922,0,0.0006806850433349609
0,-0.4995272159576416,-499.0093994140625,-0.0002079010009765625,1,0.00047278404235839844
0,-0.5,-499.01273012161255,-0.00047278404235839844,0,0.0
0,-0.49958062171936035,-499.0123107433319,0.00041937828063964844,1,0.00041937828063964844
0,-0.49935412406921387,-499.0127110481262,0.00022649765014648438,0,0.0006458759307861328
0,-0.5,-499.0127110481262,-0.0006458759307861328,0,0.0
0,-0.5,-499.01463508605957,0.0,0,0.0
0,-0.5,-499.01463508605957,0.0,1,0.0
0,-0.48267292976379395,-498.9989252090454,0.017327070236206055,0,0.017327070236206055
0,-0.5,-498.9989252090454,-0.017327070236206055,0,0.0
0,-0.5,-498.9989252090454,0.0,0,0.0
0,-0.5,-498.9989252090454,0.0,0,0.0
0,-0.49923181533813477,-498.99815702438354,0.0007681846618652344,1,0.0007681846618652344
0,-0.4997713565826416,-498.9979283809662,-0.0005395412445068359,0,0.00022864341735839844
0,-0.49909090995788574,-498.9970192909241,0.0006804466247558594,1,0.0009090900421142578
0,-0.4980435371398926,-498.9952483177185,0.001047372817993164,0,0.001956462860107422
0,-0.4981346130371094,-498.99356842041016,-9.107589721679688e-05,0,0.001865386962890625
0,-0.5,-498.99356842041016,-0.001865386962890625,1,0.0
0,-0.5,-498.99653673171997,0.0,0,0.0
0,-0.5,-498.99653673171997,0.0,1,0.0
0,-0.4989335536956787,-498.99650168418884,0.001066446304321289,0,0.001066446304321289
0,-0.5,-498.99650168418884,-0.001066446304321289,0,0.0
0,-0.4950072765350342,-498.99296259880066,0.00499272346496582,0,0.00499272346496582
0,-0.49892282485961914,-498.9918854236603,-0.003915548324584961,1,0.0010771751403808594
0,-0.49791789054870605,-498.99151945114136,0.001004934310913086,0,0.0020821094512939453
0,-0.4989902973175049,-498.99050974845886,-0.0010724067687988281,1,0.0010097026824951172
0,-0.4953572750091553,-498.985867023468,0.0036330223083496094,0,0.0046427249908447266
0,-0.5,-498.985867023468,-0.0046427249908447266,1,0.0
0,-0.49899888038635254,-498.9858636856079,0.001001119613647461,0,0.001001119613647461
0,-0.4999258518218994,-498.98597502708435,-0.000926971435546875,1,7.414817810058594e-05
0,-0.5,-498.98610258102417,-7.414817810058594e-05,0,0.0
0,-0.49957895278930664,-498.9866716861725,0.0004210472106933594,1,0.0004210472106933594
0,-0.4994022846221924,-498.9886517524719,0.0001766681671142578,0,0.0005977153778076172
0,-0.5,-498.9886517524719,-0.0005977153778076172,1,0.0
0,-0.4978678226470947,-498.986519575119,0.0021321773529052734,0,0.0021321773529052734
0,-0.5,-498.986519575119,-0.0021321773529052734,1,0.0
0,-0.49857354164123535,-498.98575830459595,0.0014264583587646484,0,0.0014264583587646484
0,-0.4989919662475586,-498.9856457710266,-0.0004184246063232422,0,0.0010080337524414062
0,-0.4944577217102051,-498.98277759552,0.004534244537353516,0,0.005542278289794922
0,-0.4992833137512207,-498.98206090927124,-0.004825592041015625,1,0.0007166862487792969
0,-0.49928998947143555,-498.9826784133911,-6.67572021484375e-06,0,0.0007100105285644531
0,-0.5,-498.983740568161,-0.0007100105285644531,1,0.0
0,-0.4960181713104248,-498.9833507537842,0.003981828689575195,0,0.003981828689575195
0,-0.49900317192077637,-498.98235392570496,-0.0029850006103515625,1,0.0009968280792236328
0,-0.49800729751586914,-498.9813425540924,0.0009958744049072266,0,0.0019927024841308594
0,-0.4995872974395752,-498.980929851532,-0.0015799999237060547,1,0.0004127025604248047
0,-0.49849724769592285,-498.98030734062195,0.0010900497436523438,0,0.0015027523040771484
0,-0.49922966957092285,-498.97953701019287,-0.000732421875,1,0.0007703304290771484
0,-0.49776530265808105,-498.97831177711487,0.0014643669128417969,0,0.0022346973419189453
0,-0.49955010414123535,-498.97913455963135,-0.0017848014831542969,0,0.00044989585876464844
0,-0.499835729598999,-498.9842252731323,-0.0002856254577636719,0,0.00016427040100097656
0,-0.49910545349121094,-498.98362159729004,0.0007302761077880859,1,0.0008945465087890625
0,-0.4978952407836914,-498.9818811416626,0.0012102127075195312,0,0.0021047592163085938
0,-0.4997382164001465,-498.98211312294006,-0.0018429756164550781,1,0.0002617835998535156
0,-0.49495387077331543,-498.9780943393707,0.004784345626831055,0,0.00504612922668457
0,-0.49948883056640625,-498.97758316993713,-0.00453495979309082,1,0.00051116943359375
0,-0.498734712600708,-498.97631788253784,0.0007541179656982422,0,0.0012652873992919922
0,-0.5,-498.977041721344,-0.0012652873992919922,0,0.0
0,-0.4959402084350586,-498.97419476509094,0.004059791564941406,0,0.004059791564941406
0,-0.5,-498.97419476509094,-0.004059791564941406,1,0.0
0,-0.49799680709838867,-498.97219157218933,0.002003192901611328,0,0.002003192901611328
0,-0.4996683597564697,-498.9731614589691,-0.0016715526580810547,1,0.00033164024353027344
0,-0.498354434967041,-498.97151589393616,0.001313924789428711,0,0.0016455650329589844
0,-0.49896931648254395,-498.9704852104187,-0.0006148815155029297,0,0.0010306835174560547
0,-0.4980587959289551,-498.96950030326843,0.0009105205535888672,0,0.0019412040710449219
0,-0.5,-498.96950030326843,-0.0019412040710449219,0,0.0
0,-0.5,-498.96950030326843,0.0,0,0.0
0,-0.4994947910308838,-498.97015619277954,0.0005052089691162109,1,0.0005052089691162109
0,-0.4994947910308838,-498.9696509838104,0.0,0,0.0005052089691162109
0,-0.49965906143188477,-498.9700617790222,-0.00016427040100097656,1,0.0003409385681152344
0,-0.4987962245941162,-498.9701232910156,0.0008628368377685547,0,0.001203775405883789
0,-0.5,-498.9701232910156,-0.001203775405883789,1,0.0
0,-0.4977538585662842,-498.97038531303406,0.0022461414337158203,0,0.0022461414337158203
0,-0.5,-498.97038531303406,-0.0022461414337158203,1,0.0
0,-0.49869489669799805,-498.96908020973206,0.0013051033020019531,0,0.0013051033020019531
0,-0.4989900588989258,-498.968070268631,-0.0002951622009277344,1,0.0010099411010742188
0,-0.49706029891967773,-498.9671788215637,0.0019297599792480469,0,0.0029397010803222656
0,-0.49980878829956055,-498.9669876098633,-0.0027484893798828125,0,0.00019121170043945312
0,-0.5,-498.9669876098633,-0.00019121170043945312,0,0.0
0,-0.49959468841552734,-498.9665822982788,0.00040531158447265625,1,0.00040531158447265625
0,-0.4995133876800537,-498.96710777282715,8.130073547363281e-05,0,0.00048661231994628906
0,-0.49904870986938477,-498.96615648269653,0.0004646778106689453,0,0.0009512901306152344
0,-0.49920177459716797,-498.9653582572937,-0.00015306472778320312,0,0.0007982254028320312
0,-0.49852824211120605,-498.9638864994049,0.0006735324859619141,1,0.0014717578887939453
0,-0.49678826332092285,-498.96067476272583,0.0017399787902832031,0,0.0032117366790771484
0,-0.5,-498.9618434906006,-0.0032117366790771484,1,0.0
0,-0.49761509895324707,-498.96052503585815,0.0023849010467529297,0,0.0023849010467529297
0,-0.5,-498.96175169944763,-0.0023849010467529297,1,0.0
0,-0.4976491928100586,-498.97636580467224,0.0023508071899414062,0,0.0023508071899414062
0,-0.5,-498.9776589870453,-0.0023508071899414062,2,0.0
0,-0.49797654151916504,-498.97698307037354,0.002023458480834961,1,0.002023458480834961
0,-0.49697399139404297,-498.9747564792633,0.0010025501251220703,0,0.0030260086059570312
0,-0.4990262985229492,-498.97378277778625,-0.00205230712890625,0,0.0009737014770507812
0,-0.49779486656188965,-498.97262811660767,0.0012314319610595703,1,0.0022051334381103516
0,-0.49579286575317383,-498.9705080986023,0.0020020008087158203,0,0.004207134246826172
0,-0.49950575828552246,-498.9700138568878,-0.003712892532348633,0,0.0004942417144775391
0,-0.4974398612976074,-498.98425006866455,0.002065896987915039,0,0.002560138702392578
0,-0.49941301345825195,-498.9836630821228,-0.0019731521606445312,1,0.0005869865417480469
0,-0.49945521354675293,-498.98311829566956,-4.220008850097656e-05,0,0.0005447864532470703
0,-0.5,-498.98336958885193,-0.0005447864532470703,1,0.0
0,-0.49794602394104004,-498.9824056625366,0.002053976058959961,0,0.002053976058959961
0,-0.49993181228637695,-498.982990026474,-0.001985788345336914,1,6.818771362304688e-05
0,-0.5,-498.9884788990021,-6.818771362304688e-05,0,0.0
0,-0.5,-498.98951053619385,0.0,1,0.0
0,-0.4954800605773926,-498.98499059677124,0.004519939422607422,0,0.004519939422607422
0,-0.5,-498.98499059677124,-0.004519939422607422,1,0.0
0,-0.4983944892883301,-498.9851620197296,0.0016055107116699219,0,0.0016055107116699219
0,-0.4994783401489258,-498.98561668395996,-0.0010838508605957031,1,0.0005216598510742188
0,-0.4994783401489258,-498.9867293834686,0.0,0,0.0005216598510742188
0,-0.49892640113830566,-498.9864423274994,0.0005519390106201172,1,0.001073598861694336
0,-0.49692463874816895,-498.98336696624756,0.0020017623901367188,0,0.0030753612518310547
0,-0.5,-498.9838809967041,-0.0030753612518310547,1,0.0
0,-0.4987037181854248,-498.9835183620453,0.0012962818145751953,0,0.0012962818145751953
0,-0.4991631507873535,-498.98268151283264,-0.00045943260192871094,1,0.0008368492126464844
0,-0.49845314025878906,-498.9817192554474,0.0007100105285644531,0,0.0015468597412109375
0,-0.5,-498.9827537536621,-0.0015468597412109375,1,0.0
0,-0.4979417324066162,-498.9806954860687,0.002058267593383789,0,0.002058267593383789
0,-0.4990091323852539,-498.98001503944397,-0.0010673999786376953,1,0.0009908676147460938
0,-0.49771547317504883,-498.97784972190857,0.0012936592102050781,0,0.002284526824951172
0,-0.4985942840576172,-498.9769458770752,-0.0008788108825683594,1,0.0014057159423828125
0,-0.49611997604370117,-498.9739992618561,0.0024743080139160156,0,0.003880023956298828
0,-0.49886250495910645,-498.973459482193,-0.0027425289154052734,1,0.0011374950408935547
0,-0.49741530418395996,-498.97087478637695,0.0014472007751464844,0,0.002584695816040039
0,-0.4996521472930908,-498.9723770618439,-0.0022368431091308594,1,0.0003478527069091797
0,-0.4984915256500244,-498.97412157058716,0.0011606216430664062,0,0.001508474349975586
0,-0.49900150299072266,-498.9731230735779,-0.0005099773406982422,1,0.0009984970092773438
0,-0.4962778091430664,-498.96940088272095,0.00272369384765625,0,0.0037221908569335938
0,-0.5,-498.96940088272095,-0.0037221908569335938,0,0.0
0,-0.4989511966705322,-498.96888256073,0.0010488033294677734,0,0.0010488033294677734
0,-0.49900221824645996,-498.96888160705566,-5.1021575927734375e-05,1,0.000997781753540039
0,-0.49900221824645996,-498.9759147167206,0.0,0,0.000997781753540039
0,-0.49969935417175293,-498.9768509864807,-0.0006971359252929688,1,0.0003006458282470703
0,-0.49921178817749023,-498.97749495506287,0.0004875659942626953,0,0.0007882118225097656
0,-0.5,-498.97749495506287,-0.0007882118225097656,0,0.0
0,-0.49774956703186035,-498.9752445220947,0.0022504329681396484,0,0.0022504329681396484
0,-0.49983692169189453,-498.9750814437866,-0.0020873546600341797,0,0.00016307830810546875
0,-0.4997711181640625,-498.97685170173645,6.580352783203125e-05,0,0.0002288818359375
0,-0.4989943504333496,-498.9758460521698,0.0007767677307128906,1,0.0010056495666503906
0,-0.49855542182922363,-498.975626707077,0.00043892860412597656,0,0.0014445781707763672
0,-0.49962449073791504,-498.9762637615204,-0.0010690689086914062,0,0.00037550926208496094
0,-0.4993267059326172,-498.9775969982147,0.00029778480529785156,0,0.0006732940673828125
0,-0.49980950355529785,-498.9782464504242,-0.00048279762268066406,0,0.00019049644470214844
0,-0.49918699264526367,-498.9779369831085,0.0006225109100341797,0,0.0008130073547363281
0,-0.49973559379577637,-498.978634595871,-0.0005486011505126953,1,0.0002644062042236328
0,-0.49918365478515625,-498.9786102771759,0.0005519390106201172,0,0.00081634521484375
0,-0.4994323253631592,-498.9802436828613,-0.0002486705780029297,1,0.0005676746368408203
0,-0.49913692474365234,-498.98011112213135,0.00029540061950683594,0,0.0008630752563476562
0,-0.4992539882659912,-498.9803955554962,-0.00011706352233886719,1,0.0007460117340087891
0,-0.5,-498.98288226127625,-0.0007460117340087891,0,0.0
0,-0.5,-498.98288226127625,0.0,1,0.0
0,-0.49890947341918945,-498.98179173469543,0.0010905265808105469,0,0.0010905265808105469
0,-0.4989917278289795,-498.9807834625244,-8.225440979003906e-05,0,0.0010082721710205078
0,-0.4975600242614746,-498.9853754043579,0.0014317035675048828,0,0.0024399757385253906
0,-0.5,-498.9853754043579,-0.0024399757385253906,0,0.0
0,-0.5,-499.00703954696655,0.0,0,0.0
0,-0.5,-499.0072193145752,0.0,1,0.0
0,-0.49494361877441406,-499.0021629333496,0.0050563812255859375,0,0.0050563812255859375
0,-0.5,-499.0021629333496,-0.0050563812255859375,0,0.0
0,-0.49808335304260254,-499.0031509399414,0.001916646957397461,0,0.001916646957397461
0,-0.5,-499.0041515827179,-0.001916646957397461,1,0.0
0,-0.4989960193634033,-499.0031476020813,0.0010039806365966797,0,0.0010039806365966797
0,-0.5,-499.003470659256,-0.0010039806365966797,0,0.0
0,-0.49928760528564453,-499.00425481796265,0.0007123947143554688,0,0.0007123947143554688
0,-0.5,-499.00425481796265,-0.0007123947143554688,1,0.0
0,-0.4949498176574707,-498.9992046356201,0.005050182342529297,0,0.005050182342529297
0,-0.4989206790924072,-499.00124740600586,-0.0039708614349365234,1,0.0010793209075927734
0,-0.49926161766052246,-499.001505613327,-0.0003409385681152344,0,0.0007383823394775391
0,-0.5,-499.001505613327,-0.0007383823394775391,1,0.0
0,-0.5,-499.003555059433,0.0,0,0.0
0,-0.4986748695373535,-499.0026316642761,0.0013251304626464844,1,0.0013251304626464844
0,-0.49779391288757324,-499.00211572647095,0.0008809566497802734,0,0.002206087112426758
0,-0.49973177909851074,-499.0029020309448,-0.0019378662109375,1,0.0002682209014892578
0,-0.49860095977783203,-499.0025668144226,0.001130819320678711,0,0.0013990402221679688
0,-0.5,-499.0029902458191,-0.0013990402221679688,1,0.0
0,-0.49800968170166016,-499.00162076950073,0.0019903182983398438,0,0.0019903182983398438
0,-0.4989931583404541,-499.0006139278412,-0.0009834766387939453,1,0.0010068416595458984
0,-0.498004674911499,-499.0010838508606,0.0009884834289550781,0,0.0019953250885009766
0,-0.4989933967590332,-499.00051522254944,-0.0009887218475341797,1,0.0010066032409667969
0,-0.4979989528656006,-498.9994385242462,0.0009944438934326172,0,0.002001047134399414
0,-0.5,-499.0004417896271,-0.002001047134399414,1,0.0
0,-0.4875833988189697,-498.99120450019836,0.012416601181030273,0,0.012416601181030273
0,-0.5,-498.9925801753998,-0.012416601181030273,1,0.0
0,-0.49898314476013184,-498.9951207637787,0.001016855239868164,0,0.001016855239868164
0,-0.5,-498.9951207637787,-0.001016855239868164,1,0.0
0,-0.4980003833770752,-498.99312114715576,0.0019996166229248047,0,0.0019996166229248047
0,-0.5,-498.99312114715576,-0.0019996166229248047,1,0.0
0,-0.5,-498.9949858188629,0.0,0,0.0
0,-0.5,-498.9954881668091,0.0,1,0.0
0,-0.49899792671203613,-498.9949884414673,0.0010020732879638672,0,0.0010020732879638672
0,-0.4989922046661377,-498.9939806461334,5.7220458984375e-06,0,0.0010077953338623047
0,-0.4979982376098633,-498.9959788322449,0.000993967056274414,0,0.0020017623901367188
0,-0.5,-498.9959788322449,-0.0020017623901367188,1,0.0
0,-0.4994966983795166,-498.9964883327484,0.0005033016204833984,0,0.0005033016204833984
0,-0.4990410804748535,-498.9956865310669,0.00045561790466308594,1,0.0009589195251464844
0,-0.49705076217651367,-498.9927372932434,0.0019903182983398438,0,0.002949237823486328
0,-0.5,-498.9927372932434,-0.002949237823486328,0,0.0
0,-0.5,-498.9947428703308,0.0,0,0.0
0,-0.5,-498.9947428703308,0.0,0,0.0
0,-0.5,-499.01184129714966,0.0,0,0.0
0,-0.5,-499.01184129714966,0.0,1,0.0
0,-0.49799394607543945,-499.0104486942291,0.002006053924560547,0,0.002006053924560547
0,-0.5,-499.0104486942291,-0.002006053924560547,1,0.0
0,-0.49489688873291016,-499.0080168247223,0.005103111267089844,0,0.005103111267089844
0,-0.5,-499.00820899009705,-0.005103111267089844,1,0.0
0,-0.4981958866119385,-499.00749492645264,0.0018041133880615234,0,0.0018041133880615234
0,-0.4996829032897949,-499.00717782974243,-0.0014870166778564453,1,0.0003170967102050781
0,-0.5,-499.00717782974243,-0.0003170967102050781,0,0.0
0,-0.5,-499.0076460838318,0.0,1,0.0
0,-0.49933743476867676,-499.0084629058838,0.0006625652313232422,0,0.0006625652313232422
0,-0.4979877471923828,-499.0076780319214,0.0013496875762939453,0,0.0020122528076171875
0,-0.49659299850463867,-499.00626730918884,0.0013947486877441406,0,0.003407001495361328
0,-0.5,-499.00626730918884,-0.003407001495361328,1,0.0
0,-0.4980025291442871,-499.00626516342163,0.0019974708557128906,0,0.0019974708557128906
0,-0.5,-499.00626516342163,-0.0019974708557128906,1,0.0
0,-0.49786877632141113,-499.0054533481598,0.002131223678588867,0,0.002131223678588867
0,-0.5,-499.0054533481598,-0.002131223678588867,1,0.0
0,-0.49900293350219727,-499.0064537525177,0.0009970664978027344,0,0.0009970664978027344
0,-0.5,-499.0064537525177,-0.0009970664978027344,1,0.0
0,-0.497758150100708,-499.0241837501526,0.002241849899291992,0,0.002241849899291992
0,-0.5,-499.0252597332001,-0.002241849899291992,0,0.0
0,-0.4949610233306885,-499.0222592353821,0.0050389766693115234,0,0.0050389766693115234
0,-0.5,-499.02320623397827,-0.0050389766693115234,0,0.0
0,-0.5,-499.02603793144226,0.0,0,0.0
0,-0.5,-499.02603793144226,0.0,1,0.0
0,-0.5,-499.02728152275085,0.0,0,0.0
0,-0.5,-499.02728152275085,0.0,1,0.0
0,-0.49900126457214355,-499.026282787323,0.0009987354278564453,0,0.0009987354278564453
0,-0.499422550201416,-499.0257053375244,-0.00042128562927246094,1,0.0005774497985839844
0,-0.49500513076782227,-499.02278876304626,0.00441741943359375,0,0.004994869232177734
0,-0.49898695945739746,-499.02177572250366,-0.003981828689575195,0,0.001013040542602539
0,-0.4992556571960449,-499.0231063365936,-0.00026869773864746094,0,0.0007443428039550781
0,-0.5,-499.02390456199646,-0.0007443428039550781,0,0.0
0,-0.5,-499.02578568458557,0.0,0,0.0
0,-0.5,-499.02629590034485,0.0,1,0.0
0,-0.5,-499.0304741859436,0.0,0,0.0
0,-0.5,-499.0304741859436,0.0,1,0.0
0,-0.5,-499.0314702987671,0.0,0,0.0
0,-0.49794816970825195,-499.0307867527008,0.002051830291748047,1,0.002051830291748047
0,-0.49791955947875977,-499.03116178512573,2.86102294921875e-05,0,0.0020804405212402344
0,-0.5,-499.03216910362244,-0.0020804405212402344,0,0.0
0,-0.5,-499.03525400161743,0.0,0,0.0
0,-0.5,-499.03525400161743,0.0,0,0.0
0,-0.5,-499.03882241249084,0.0,0,0.0
0,-0.5,-499.03994941711426,0.0,1,0.0
0,-0.5,-499.03994941711426,0.0,0,0.0
0,-0.5,-499.03994941711426,0.0,0,0.0
0,-0.5,-499.03994941711426,0.0,0,0.0
0,-0.5,-499.03994941711426,0.0,0,0.0
0,-0.5,-499.0456347465515,0.0,0,0.0
0,-0.4990053176879883,-499.0446400642395,0.0009946823120117188,0,0.0009946823120117188
0,-0.4972066879272461,-499.04290413856506,0.0017986297607421875,0,0.0027933120727539062
0,-0.49896883964538574,-499.04272055625916,-0.0017621517181396484,1,0.0010311603546142578
0,-0.49516820907592773,-499.0397388935089,0.003800630569458008,0,0.004831790924072266
0,-0.5,-499.03998470306396,-0.004831790924072266,0,0.0
0,-0.4990077018737793,-499.0401418209076,0.0009922981262207031,0,0.0009922981262207031
0,-0.5,-499.0401418209076,-0.0009922981262207031,0,0.0
0,-0.4979541301727295,-499.0391662120819,0.002045869827270508,0,0.002045869827270508
0,-0.5,-499.0391662120819,-0.002045869827270508,1,0.0
0,-0.4983048439025879,-499.0374710559845,0.0016951560974121094,0,0.0016951560974121094
0,-0.5,-499.0374710559845,-0.0016951560974121094,1,0.0
0,-0.5,-499.0374710559845,0.0,0,0.0
0,-0.5,-499.0374710559845,0.0,0,0.0
0,-0.49905848503112793,-499.0365295410156,0.0009415149688720703,0,0.0009415149688720703
0,-0.5,-499.0365295410156,-0.0009415149688720703,1,0.0
0,-0.5,-499.03853821754456,0.0,0,0.0
0,-0.49900126457214355,-499.03770780563354,0.0009987354278564453,1,0.0009987354278564453
0,-0.497997522354126,-499.03762435913086,0.0010037422180175781,0,0.0020024776458740234
0,-0.5,-499.03762435913086,-0.0020024776458740234,1,0.0
0,-0.4957103729248047,-499.03333473205566,0.0042896270751953125,0,0.0042896270751953125
0,-0.4997982978820801,-499.03313302993774,-0.004087924957275391,1,0.00020170211791992188
0,-0.4998965263366699,-499.0344228744507,-9.822845458984375e-05,0,0.00010347366333007812
0,-0.5,-499.0344228744507,-0.00010347366333007812,1,0.0
0,-0.5,-499.03492617607117,0.0,0,0.0
0,-0.5,-499.03492617607117,0.0,1,0.0
0,-0.4973790645599365,-499.0335054397583,0.0026209354400634766,0,0.0026209354400634766
0,-0.4989917278289795,-499.0324971675873,-0.0016126632690429688,0,0.0010082721710205078
0,-0.4953022003173828,-499.029865026474,0.0036895275115966797,0,0.0046977996826171875
0,-0.49976611137390137,-499.0301787853241,-0.004463911056518555,0,0.0002338886260986328
0,-0.49918079376220703,-499.03091192245483,0.0005853176116943359,0,0.0008192062377929688
0,-0.4989736080169678,-499.0309453010559,0.0002071857452392578,1,0.0010263919830322266
0,-0.4980161190032959,-499.0310845375061,0.000957489013671875,0,0.0019838809967041016
0,-0.49948954582214355,-499.03151082992554,-0.0014734268188476562,1,0.0005104541778564453
0,-0.4990198612213135,-499.03572487831116,0.0004696846008300781,0,0.0009801387786865234
0,-0.5,-499.03572487831116,-0.0009801387786865234,1,0.0
0,-0.49434900283813477,-499.0300738811493,0.005650997161865234,0,0.005650997161865234
0,-0.5,-499.0300738811493,-0.005650997161865234,1,0.0
0,-0.49894022941589355,-499.03057622909546,0.0010597705841064453,0,0.0010597705841064453
0,-0.4993574619293213,-499.0299336910248,-0.0004172325134277344,0,0.0006425380706787109
0,-0.49907565116882324,-499.03000688552856,0.0002818107604980469,0,0.0009243488311767578
0,-0.5,-499.0310356616974,-0.0009243488311767578,0,0.0
0,-0.4994926452636719,-499.0318672657013,0.000507354736328125,0,0.000507354736328125
0,-0.49899840354919434,-499.0308656692505,0.0004942417144775391,0,0.001001596450805664
0,-0.49617958068847656,-499.0285611152649,0.0028188228607177734,0,0.0038204193115234375
0,-0.49921154975891113,-499.0277726650238,-0.0030319690704345703,1,0.0007884502410888672
0,-0.4988093376159668,-499.02658200263977,0.00040221214294433594,0,0.0011906623840332031
0,-0.5,-499.02658200263977,-0.0011906623840332031,1,0.0
0,-0.4989292621612549,-499.02598547935486,0.0010707378387451172,0,0.0010707378387451172
0,-0.4989917278289795,-499.02497720718384,-6.246566772460938e-05,1,0.0010082721710205078
0,-0.49817728996276855,-499.02690839767456,0.0008144378662109375,0,0.0018227100372314453
0,-0.49898314476013184,-499.02598428726196,-0.0008058547973632812,1,0.001016855239868164
0,-0.49594616889953613,-499.022474527359,0.003036975860595703,0,0.004053831100463867
0,-0.4989008903503418,-499.02137541770935,-0.002954721450805664,0,0.0010991096496582031
0,-0.49848175048828125,-499.021852016449,0.0004191398620605469,0,0.00151824951171875
0,-0.4989895820617676,-499.02084159851074,-0.0005078315734863281,1,0.0010104179382324219
0,-0.49886083602905273,-499.0207395553589,0.00012874603271484375,0,0.0011391639709472656
0,-0.49898838996887207,-499.020231962204,-0.00012755393981933594,0,0.0010116100311279297
0,-0.4985957145690918,-499.0200991630554,0.00039267539978027344,0,0.0014042854309082031
0,-0.49903368949890137,-499.0191328525543,-0.0004379749298095703,1,0.0009663105010986328
0,-0.49410104751586914,-499.0157563686371,0.0049326419830322266,0,0.005898952484130859
0,-0.49979090690612793,-499.01612091064453,-0.005689859390258789,1,0.0002090930938720703
0,-0.49932432174682617,-499.0164394378662,0.0004665851593017578,0,0.0006756782531738281
0,-0.4992959499359131,-499.0170166492462,2.8371810913085938e-05,1,0.0007040500640869141
0,-0.5,-499.019047498703,-0.0007040500640869141,0,0.0
0,-0.49900293350219727,-499.0180504322052,0.0009970664978027344,1,0.0009970664978027344
0,-0.4965684413909912,-499.01888060569763,0.0024344921112060547,0,0.003431558609008789
0,-0.5,-499.02107548713684,-0.003431558609008789,1,0.0
0,-0.5,-499.02107548713684,0.0,0,0.0
0,-0.5,-499.0222454071045,0.0,0,0.0
0,-0.49941349029541016,-499.02363443374634,0.0005865097045898438,0,0.0005865097045898438
0,-0.5,-499.02363443374634,-0.0005865097045898438,1,0.0
0,-0.4990570545196533,-499.0252330303192,0.0009429454803466797,0,0.0009429454803466797
0,-0.5,-499.0252330303192,-0.0009429454803466797,0,0.0
0,-0.5,-499.0262362957001,0.0,0,0.0
0,-0.5,-499.0267210006714,0.0,1,0.0
0,-0.4986288547515869,-499.02671551704407,0.001371145248413086,0,0.001371145248413086
0,-0.5,-499.0277142524719,-0.001371145248413086,0,0.0
0,-0.5,-499.02970910072327,0.0,0,0.0
0,-0.499082088470459,-499.0297894477844,0.0009179115295410156,0,0.0009179115295410156
0,-0.49895143508911133,-499.0297122001648,0.00013065338134765625,0,0.0010485649108886719
0,-0.49945974349975586,-499.0292799472809,-0.0005083084106445312,1,0.0005402565002441406
0,-0.49963831901550293,-499.0289182662964,-0.0001785755157470703,0,0.0003616809844970703
0,-0.4995157718658447,-499.02843403816223,0.00012254714965820312,0,0.00048422813415527344
0,-0.4949171543121338,-499.02345728874207,0.0045986175537109375,0,0.005082845687866211
0,-0.5,-499.02345728874207,-0.005082845687866211,1,0.0
0,-0.4975883960723877,-499.02104568481445,0.0024116039276123047,0,0.0024116039276123047
0,-0.4989902973175049,-499.02003598213196,-0.0014019012451171875,1,0.0010097026824951172
0,-0.4978187084197998,-499.01785469055176,0.0011715888977050781,0,0.0021812915802001953
0,-0.4990060329437256,-499.0172281265259,-0.0011873245239257812,0,0.000993967056274414
0,-0.4982295036315918,-499.01642894744873,0.0007765293121337891,0,0.0017704963684082031
0,-0.5,-499.01642894744873,-0.0017704963684082031,1,0.0
0,-0.4947233200073242,-499.0122299194336,0.005276679992675781,0,0.005276679992675781
0,-0.5,-499.0132911205292,-0.005276679992675781,1,0.0
0,-0.4977257251739502,-499.0110168457031,0.0022742748260498047,0,0.0022742748260498047
0,-0.5,-499.0115599632263,-0.0022742748260498047,1,0.0
0,-0.4990057945251465,-499.0118958950043,0.0009942054748535156,0,0.0009942054748535156
0,-0.4992032051086426,-499.0120961666107,-0.00019741058349609375,0,0.0007967948913574219
0,-0.498431921005249,-499.0108859539032,0.0007712841033935547,0,0.0015680789947509766
0,-0.5,-499.0108859539032,-0.0015680789947509766,1,0.0
0,-0.49800562858581543,-499.0118589401245,0.0019943714141845703,0,0.0019943714141845703
0,-0.49949193000793457,-499.01233291625977,-0.0014863014221191406,0,0.0005080699920654297
0,-0.4992694854736328,-499.01216411590576,0.0002224445343017578,0,0.0007305145263671875
0,-0.4998281002044678,-499.0121409893036,-0.0005586147308349609,1,0.00017189979553222656
0,-0.4998281002044678,-499.0121178627014,0.0,0,0.00017189979553222656
0,-0.5,-499.0121912956238,-0.00017189979553222656,1,0.0
0,-0.4984869956970215,-499.01167607307434,0.0015130043029785156,0,0.0015130043029785156
0,-0.5,-499.01259684562683,-0.0015130043029785156,0,0.0
0,-0.5,-499.0135896205902,0.0,0,0.0
0,-0.5,-499.0135896205902,0.0,0,0.0
0,-0.5,-499.0135896205902,0.0,0,0.0
0,-0.49919581413269043,-499.0136845111847,0.0008041858673095703,1,0.0008041858673095703
0,-0.5,-499.0145049095154,-0.0008041858673095703,0,0.0
0,-0.5,-499.01506996154785,0.0,0,0.0
0,-0.5,-499.0171911716461,0.0,0,0.0
0,-0.5,-499.0171911716461,0.0,1,0.0
0,-0.5,-499.0191922187805,0.0,0,0.0
0,-0.5,-499.0191922187805,0.0,0,0.0
0,-0.49948906898498535,-499.01967787742615,0.0005109310150146484,0,0.0005109310150146484
0,-0.5,-499.02072381973267,-0.0005109310150146484,0,0.0
0,-0.4989969730377197,-499.0227560997009,0.0010030269622802734,0,0.0010030269622802734
0,-0.5,-499.0227560997009,-0.0010030269622802734,1,0.0
0,-0.49887752532958984,-499.02372884750366,0.0011224746704101562,0,0.0011224746704101562
0,-0.49869751930236816,-499.02242636680603,0.0001800060272216797,1,0.001302480697631836
0,-0.4967210292816162,-499.01914739608765,0.001976490020751953,0,0.003278970718383789
0,-0.49898815155029297,-499.01813554763794,-0.002267122268676758,1,0.0010118484497070312
0,-0.49744653701782227,-499.01558208465576,0.0015416145324707031,0,0.0025534629821777344
0,-0.49948954582214355,-499.01558923721313,-0.002043008804321289,0,0.0005104541778564453
0,-0.4974358081817627,-499.0135426521301,0.0020537376403808594,0,0.0025641918182373047
0,-0.49951648712158203,-499.0130591392517,-0.002080678939819336,1,0.00048351287841796875
0,-0.4990384578704834,-499.0120975971222,0.0004780292510986328,0,0.0009615421295166016
0,-0.49900364875793457,-499.0111012458801,3.4809112548828125e-05,1,0.0009963512420654297
0,-0.49546170234680176,-499.00656294822693,0.0035419464111328125,0,0.004538297653198242
0,-0.5,-499.0072593688965,-0.004538297653198242,1,0.0
0,-0.49799084663391113,-499.0062801837921,0.002009153366088867,0,0.002009153366088867
0,-0.49904441833496094,-499.00632095336914,-0.0010535717010498047,1,0.0009555816650390625
0,-0.49402451515197754,-499.00416135787964,0.0050199031829833984,0,0.005975484848022461
0,-0.4997584819793701,-499.00786805152893,-0.005733966827392578,1,0.0002415180206298828
0,-0.4983506202697754,-499.00721430778503,0.0014078617095947266,0,0.0016493797302246094
0,-0.5,-499.0092079639435,-0.0016493797302246094,1,0.0
0,-0.4997866153717041,-499.0089945793152,0.00021338462829589844,0,0.00021338462829589844
0,-0.5,-499.0094985961914,-0.00021338462829589844,1,0.0
0,-0.5,-499.0105004310608,0.0,0,0.0
0,-0.5,-499.0105004310608,0.0,1,0.0
0,-0.49662232398986816,-499.08160185813904,0.003377676010131836,0,0.003377676010131836
0,-0.5,-499.08160185813904,-0.003377676010131836,1,0.0
0,-0.4993453025817871,-499.0809471607208,0.0006546974182128906,0,0.0006546974182128906
0,-0.4993126392364502,-499.0802597999573,3.266334533691406e-05,1,0.0006873607635498047
0,-0.4984900951385498,-499.0787498950958,0.0008225440979003906,0,0.0015099048614501953
0,-0.5,-499.0787498950958,-0.0015099048614501953,1,0.0
0,-0.49900078773498535,-499.0777506828308,0.0009992122650146484,0,0.0009992122650146484
0,-0.5,-499.0777506828308,-0.0009992122650146484,1,0.0
0,-0.4994354248046875,-499.0771861076355,0.0005645751953125,0,0.0005645751953125
0,-0.5,-499.0780894756317,-0.0005645751953125,1,0.0
0,-0.49935340881347656,-499.07795333862305,0.0006465911865234375,0,0.0006465911865234375
0,-0.49900388717651367,-499.07695722579956,0.0003495216369628906,1,0.0009961128234863281
0,-0.49750638008117676,-499.0748987197876,0.001497507095336914,0,0.002493619918823242
0,-0.49900341033935547,-499.07390213012695,-0.001497030258178711,0,0.0009965896606445312
0,-0.49691104888916016,-499.07181906700134,0.0020923614501953125,0,0.0030889511108398438
0,-0.5,-499.07181906700134,-0.0030889511108398438,1,0.0
0,-0.4974541664123535,-499.0692732334137,0.0025458335876464844,0,0.0025458335876464844
0,-0.5,-499.0699727535248,-0.0025458335876464844,1,0.0
0,-0.5,-499.0712251663208,0.0,0,0.0
0,-0.4997859001159668,-499.07206892967224,0.00021409988403320312,0,0.00021409988403320312
0,-0.49927806854248047,-499.07185673713684,0.0005078315734863281,0,0.0007219314575195312
0,-0.4998648166656494,-499.0727274417877,-0.0005867481231689453,1,0.00013518333435058594
0,-0.4988241195678711,-499.0719292163849,0.0010406970977783203,0,0.0011758804321289062
0,-0.49946165084838867,-499.07228684425354,-0.0006375312805175781,1,0.0005383491516113281
0,-0.4969973564147949,-499.06928420066833,0.00246429443359375,0,0.003002643585205078
0,-0.5,-499.06928420066833,-0.003002643585205078,1,0.0
0,-0.49874258041381836,-499.0695147514343,0.0012574195861816406,0,0.0012574195861816406
0,-0.5,-499.0703601837158,-0.0012574195861816406,1,0.0
0,-0.49941182136535645,-499.0699393749237,0.0005881786346435547,0,0.0005881786346435547
0,-0.5,-499.0699393749237,-0.0005881786346435547,1,0.0
0,-0.49884796142578125,-499.0687873363495,0.00115203857421875,0,0.00115203857421875
0,-0.5,-499.0687873363495,-0.00115203857421875,1,0.0
0,-0.49898600578308105,-499.0687930583954,0.0010139942169189453,0,0.0010139942169189453
0,-0.5,-499.0693554878235,-0.0010139942169189453,1,0.0
0,-0.49900317192077637,-499.06835865974426,0.0009968280792236328,0,0.0009968280792236328
0,-0.5,-499.06835865974426,-0.0009968280792236328,0,0.0
0,-0.49900126457214355,-499.06750226020813,0.0009987354278564453,0,0.0009987354278564453
0,-0.49976086616516113,-499.0672631263733,-0.0007596015930175781,1,0.0002391338348388672
0,-0.49857616424560547,-499.06684827804565,0.001184701919555664,0,0.0014238357543945312
0,-0.4998180866241455,-499.0696671009064,-0.001241922378540039,1,0.0001819133758544922
0,-0.4987764358520508,-499.0734360218048,0.0010416507720947266,0,0.0012235641479492188
0,-0.4995872974395752,-499.0730233192444,-0.0008108615875244141,1,0.0004127025604248047
0,-0.4992678165435791,-499.0743770599365,0.00031948089599609375,0,0.0007321834564208984
0,-0.5,-499.07537150382996,-0.0007321834564208984,1,0.0
0,-0.5,-499.07632088661194,0.0,0,0.0
0,-0.5,-499.08090257644653,0.0,0,0.0
0,-0.5,-499.08090257644653,0.0,0,0.0
0,-0.4996364116668701,-499.08126163482666,0.0003635883331298828,1,0.0003635883331298828
0,-0.498943567276001,-499.08041071891785,0.0006928443908691406,0,0.0010564327239990234
0,-0.5,-499.08129930496216,-0.0010564327239990234,1,0.0
0,-0.4975888729095459,-499.0788881778717,0.0024111270904541016,0,0.0024111270904541016
0,-0.49947643280029297,-499.078364610672,-0.0018875598907470703,1,0.0005235671997070312
0,-0.4995129108428955,-499.07934641838074,-3.647804260253906e-05,0,0.0004870891571044922
0,-0.4997975826263428,-499.0801684856415,-0.0002846717834472656,1,0.00020241737365722656
0,-0.49900078773498535,-499.0803563594818,0.0007967948913574219,0,0.0009992122650146484
0,-0.4998764991760254,-499.0809121131897,-0.0008757114410400391,0,0.00012350082397460938
0,-0.4969320297241211,-499.07884335517883,0.002944469451904297,0,0.0030679702758789062
0,-0.49953436851501465,-499.07941484451294,-0.0026023387908935547,1,0.00046563148498535156
0,-0.49913501739501953,-499.08113074302673,0.0003993511199951172,0,0.0008649826049804688
0,-0.4998657703399658,-499.0809965133667,-0.0007307529449462891,0,0.0001342296600341797
0,-0.4996519088745117,-499.08266043663025,0.00021386146545410156,0,0.00034809112548828125
0,-0.5,-499.08365535736084,-0.00034809112548828125,0,0.0
0,-0.5,-499.0846617221832,0.0,0,0.0
0,-0.5,-499.0855941772461,0.0,1,0.0
0,-0.4994924068450928,-499.0850865840912,0.0005075931549072266,0,0.0005075931549072266
0,-0.49916887283325195,-499.08425545692444,0.0003235340118408203,1,0.0008311271667480469
0,-0.49709534645080566,-499.08235931396484,0.002073526382446289,0,0.002904653549194336
0,-0.4996299743652344,-499.08696937561035,-0.002534627914428711,1,0.000370025634765625
0,-0.49930596351623535,-499.0872757434845,0.00032401084899902344,0,0.0006940364837646484
0,-0.4980182647705078,-499.085294008255,0.001287698745727539,1,0.0019817352294921875
0,-0.49677538871765137,-499.0830764770508,0.0012428760528564453,0,0.003224611282348633
0,-0.4990231990814209,-499.0820996761322,-0.0022478103637695312,0,0.0009768009185791016
0,-0.4987063407897949,-499.080806016922,0.00031685829162597656,0,0.0012936592102050781
0,-0.5,-499.080806016922,-0.0012936592102050781,1,0.0
0,-0.4968678951263428,-499.07767391204834,0.0031321048736572266,0,0.0031321048736572266
0,-0.49936699867248535,-499.0770409107208,-0.002499103546142578,0,0.0006330013275146484
0,-0.49808382987976074,-499.0751247406006,0.0012831687927246094,0,0.0019161701202392578
0,-0.49979376792907715,-499.07491850852966,-0.0017099380493164062,1,0.00020623207092285156
0,-0.4992072582244873,-499.07545232772827,0.0005865097045898438,0,0.0007927417755126953
0,-0.5,-499.07545232772827,-0.0007927417755126953,0,0.0
0,-0.497389554977417,-499.0728418827057,0.002610445022583008,0,0.002610445022583008
0,-0.5,-499.07384300231934,-0.002610445022583008,0,0.0
0,-0.49826908111572266,-499.07311964035034,0.0017309188842773438,0,0.0017309188842773438
0,-0.49919676780700684,-499.07305359840393,-0.0009276866912841797,1,0.0008032321929931641
0,-0.4987602233886719,-499.0718138217926,0.00043654441833496094,0,0.001239776611328125
0,-0.5,-499.0728199481964,-0.001239776611328125,0,0.0
0,-0.49901366233825684,-499.07270979881287,0.000986337661743164,0,0.000986337661743164
0,-0.49843573570251465,-499.0719459056854,0.0005779266357421875,0,0.0015642642974853516
0,-0.49417948722839355,-499.06717586517334,0.004256248474121094,0,0.005820512771606445
0,-0.4989767074584961,-499.067542552948,-0.004797220230102539,0,0.0010232925415039062
0,-0.4979970455169678,-499.0665361881256,0.0009796619415283203,0,0.0020029544830322266
0,-0.5,-499.0665361881256,-0.0020029544830322266,1,0.0
0,-0.49900317192077637,-499.0675358772278,0.0009968280792236328,0,0.0009968280792236328
0,-0.5,-499.0683617591858,-0.0009968280792236328,1,0.0
0,-0.49948978424072266,-499.0688018798828,0.0005102157592773438,0,0.0005102157592773438
0,-0.49964094161987305,-499.0684428215027,-0.00015115737915039062,1,0.0003590583801269531
0,-0.49873805046081543,-499.0671808719635,0.0009028911590576172,0,0.0012619495391845703
0,-0.5,-499.0671808719635,-0.0012619495391845703,1,0.0
0,-0.49900150299072266,-499.0661823749542,0.0009984970092773438,0,0.0009984970092773438
0,-0.4997992515563965,-499.06710624694824,-0.0007977485656738281,1,0.00020074844360351562
0,-0.49912548065185547,-499.0662317276001,0.0006737709045410156,0,0.0008745193481445312
0,-0.4994950294494629,-499.066823720932,-0.0003695487976074219,1,0.0005049705505371094
0,-0.4875922203063965,-499.0544159412384,0.011902809143066406,0,0.012407779693603516
0,-0.5,-499.0554268360138,-0.012407779693603516,1,0.0
0,-0.49900102615356445,-499.0574073791504,0.0009989738464355469,0,0.0009989738464355469
0,-0.49881911277770996,-499.0562264919281,0.0001819133758544922,1,0.001180887222290039
0,-0.498105525970459,-499.0564053058624,0.0007135868072509766,0,0.0018944740295410156
0,-0.5,-499.05740118026733,-0.0018944740295410156,1,0.0
0,-0.49975013732910156,-499.05715131759644,0.0002498626708984375,0,0.0002498626708984375
0,-0.49889183044433594,-499.05637431144714,0.000858306884765625,1,0.0011081695556640625
0,-0.49887776374816895,-499.0552520751953,1.4066696166992188e-05,0,0.0011222362518310547
0,-0.49910473823547363,-499.055260181427,-0.0002269744873046875,1,0.0008952617645263672
0,-0.49898600578308105,-499.0553216934204,0.00011873245239257812,0,0.0010139942169189453
0,-0.5,-499.0553216934204,-0.0010139942169189453,1,0.0
0,-0.49800825119018555,-499.0533299446106,0.001991748809814453,0,0.001991748809814453
0,-0.4991335868835449,-499.05246353149414,-0.001125335693359375,1,0.0008664131164550781
0,-0.49920225143432617,-499.05166578292847,-6.866455078125e-05,0,0.0007977485656738281
0,-0.5,-499.052663564682,-0.0007977485656738281,1,0.0
0,-0.49900102615356445,-499.05271220207214,0.0009989738464355469,0,0.0009989738464355469
0,-0.49866819381713867,-499.0513803958893,0.00033283233642578125,1,0.0013318061828613281
0,-0.4989943504333496,-499.05136919021606,-0.0003261566162109375,0,0.0010056495666503906
0,-0.5,-499.05335903167725,-0.0010056495666503906,1,0.0
0,-0.49945926666259766,-499.05281829833984,0.0005407333374023438,0,0.0005407333374023438
0,-0.49976205825805664,-499.0525803565979,-0.0003027915954589844,1,0.00023794174194335938
0,-0.49601030349731445,-499.0485906600952,0.0037517547607421875,0,0.003989696502685547
0,-0.49962735176086426,-499.0487656593323,-0.0036170482635498047,0,0.0003726482391357422
0,-0.5,-499.04947566986084,-0.0003726482391357422,0,0.0
0,-0.4996979236602783,-499.04928731918335,0.0003020763397216797,1,0.0003020763397216797
0,-0.4991333484649658,-499.0484206676483,0.0005645751953125,0,0.0008666515350341797
0,-0.4996926784515381,-499.04811334609985,-0.0005593299865722656,1,0.00030732154846191406
0,-0.49672913551330566,-499.04576349258423,0.002963542938232422,0,0.003270864486694336
0,-0.49958229064941406,-499.0463366508484,-0.0028531551361083984,1,0.0004177093505859375
0,-0.49857544898986816,-499.04491209983826,0.0010068416595458984,0,0.001424551010131836
0,-0.5,-499.04491209983826,-0.001424551010131836,1,0.0
0,-0.499281644821167,-499.0441937446594,0.0007183551788330078,0,0.0007183551788330078
0,-0.5,-499.0445168018341,-0.0007183551788330078,1,0.0
0,-0.4992849826812744,-499.0438017845154,0.0007150173187255859,0,0.0007150173187255859
0,-0.5,-499.04524326324463,-0.0007150173187255859,1,0.0
0,-0.49837565422058105,-499.04462790489197,0.0016243457794189453,0,0.0016243457794189453
0,-0.5,-499.04582357406616,-0.0016243457794189453,1,0.0
0,-0.4974348545074463,-499.0445444583893,0.002565145492553711,0,0.002565145492553711
0,-0.5,-499.0445444583893,-0.002565145492553711,1,0.0
0,-0.4979872703552246,-499.0435206890106,0.0020127296447753906,0,0.0020127296447753906
0,-0.4995889663696289,-499.04310965538025,-0.0016016960144042969,0,0.00041103363037109375
0,-0.4998171329498291,-499.0439262390137,-0.0002281665802001953,0,0.00018286705017089844
0,-0.4998910427093506,-499.043817281723,-7.390975952148438e-05,1,0.00010895729064941406
0,-0.49947357177734375,-499.04423546791077,0.00041747093200683594,0,0.00052642822265625
0,-0.5,-499.04519152641296,-0.00052642822265625,1,0.0
0,-0.4989948272705078,-499.0441863536835,0.0010051727294921875,0,0.0010051727294921875
0,-0.5,-499.0450553894043,-0.0010051727294921875,1,0.0
0,-0.49900269508361816,-499.04512214660645,0.000997304916381836,0,0.000997304916381836
0,-0.5,-499.04512214660645,-0.000997304916381836,1,0.0
0,-0.49866390228271484,-499.04378604888916,0.0013360977172851562,0,0.0013360977172851562
0,-0.49983906745910645,-499.04463028907776,-0.0011751651763916016,1,0.0001609325408935547
0,-0.4986262321472168,-499.043256521225,0.0012128353118896484,0,0.0013737678527832031
0,-0.5,-499.04531741142273,-0.0013737678527832031,1,0.0
0,-0.4979562759399414,-499.04327368736267,0.0020437240600585938,0,0.0020437240600585938
0,-0.4994971752166748,-499.04277086257935,-0.0015408992767333984,0,0.0005028247833251953
0,-0.498995304107666,-499.041766166687,0.0005018711090087891,0,0.0010046958923339844
0,-0.5,-499.041766166687,-0.0010046958923339844,0,0.0
0,-0.4978604316711426,-499.03962659835815,0.002139568328857422,0,0.002139568328857422
0,-0.5,-499.03962659835815,-0.002139568328857422,0,0.0
0,-0.49936747550964355,-499.0389940738678,0.0006325244903564453,0,0.0006325244903564453
0,-0.5,-499.0389940738678,-0.0006325244903564453,1,0.0
0,-0.5,-499.0403687953949,0.0,0,0.0
0,-0.5,-499.0411820411682,0.0,1,0.0
0,-0.49899792671203613,-499.04017996788025,0.0010020732879638672,0,0.0010020732879638672
0,-0.49900293350219727,-499.0409083366394,-5.0067901611328125e-06,1,0.0009970664978027344
0,-0.5,-499.0409083366394,-0.0009970664978027344,0,0.0
0,-0.5,-499.04196333885193,0.0,0,0.0
0,-0.5,-499.0428931713104,0.0,0,0.0
0,-0.5,-499.0432527065277,0.0,0,0.0
0,-0.5,-499.0432527065277,0.0,0,0.0
0,-0.49886417388916016,-499.0431730747223,0.0011358261108398438,0,0.0011358261108398438
0,-0.5,-499.04642510414124,-0.0011358261108398438,0,0.0
0,-0.5,-499.04642510414124,0.0,0,0.0
0,-0.4990062713623047,-499.04549264907837,0.0009937286376953125,0,0.0009937286376953125
0,-0.49897241592407227,-499.04446506500244,3.3855438232421875e-05,1,0.0010275840759277344
0,-0.4982295036315918,-499.04269456863403,0.0007429122924804688,0,0.0017704963684082031
0,-0.499237060546875,-499.0419316291809,-0.0010075569152832031,1,0.000762939453125
0,-0.49918222427368164,-499.0411138534546,5.4836273193359375e-05,0,0.0008177757263183594
0,-0.49987292289733887,-499.042067527771,-0.0006906986236572266,0,0.0001270771026611328
0,-0.4959218502044678,-499.03849482536316,0.003951072692871094,0,0.0040781497955322266
0,-0.5,-499.03849482536316,-0.0040781497955322266,1,0.0
0,-0.4986867904663086,-499.03876423835754,0.0013132095336914062,0,0.0013132095336914062
0,-0.5,-499.03876423835754,-0.0013132095336914062,1,0.0
0,-0.5,-499.03876423835754,0.0,0,0.0
0,-0.5,-499.03876423835754,0.0,0,0.0
0,-0.4979538917541504,-499.03961420059204,0.0020461082458496094,0,0.0020461082458496094
0,-0.5,-499.040203332901,-0.0020461082458496094,1,0.0
0,-0.4975855350494385,-499.0393600463867,0.0024144649505615234,0,0.0024144649505615234
0,-0.5,-499.04493284225464,-0.0024144649505615234,0,0.0
0,-0.49893975257873535,-499.0438725948334,0.0010602474212646484,0,0.0010602474212646484
0,-0.5,-499.0438725948334,-0.0010602474212646484,1,0.0
0,-0.5,-499.0438725948334,0.0,0,0.0
0,-0.5,-499.0438725948334,0.0,1,0.0
0,-0.49826622009277344,-499.0435838699341,0.0017337799072265625,0,0.0017337799072265625
0,-0.49900364875793457,-499.043683052063,-0.0007374286651611328,1,0.0009963512420654297
0,-0.4971332550048828,-499.0428943634033,0.0018703937530517578,0,0.0028667449951171875
0,-0.5,-499.0433235168457,-0.0028667449951171875,1,0.0
0,-0.5,-499.0433235168457,0.0,0,0.0
0,-0.5,-499.0457954406738,0.0,1,0.0
0,-0.49843907356262207,-499.04423451423645,0.0015609264373779297,0,0.0015609264373779297
0,-0.5,-499.04423451423645,-0.0015609264373779297,1,0.0
0,-0.4979994297027588,-499.0422339439392,0.002000570297241211,0,0.002000570297241211
0,-0.49884843826293945,-499.04108238220215,-0.0008490085601806641,1,0.0011515617370605469
0,-0.4986851215362549,-499.0397675037384,0.0001633167266845703,0,0.0013148784637451172
0,-0.49887585639953613,-499.0393331050873,-0.00019073486328125,1,0.0011241436004638672
0,-0.4987483024597168,-499.03907585144043,0.00012755393981933594,0,0.0012516975402832031
0,-0.5,-499.0400826931,-0.0012516975402832031,1,0.0
0,-0.5,-499.0420789718628,0.0,0,0.0
0,-0.5,-499.04254937171936,0.0,0,0.0
0,-0.4920010566711426,-499.0354075431824,0.007998943328857422,0,0.007998943328857422
0,-0.4989955425262451,-499.0354120731354,-0.006994485855102539,0,0.0010044574737548828
0,-0.49723219871520996,-499.03314757347107,0.0017633438110351562,0,0.002767801284790039
0,-0.5,-499.0341463088989,-0.002767801284790039,0,0.0
0,-0.5,-499.0352985858917,0.0,0,0.0
0,-0.4990222454071045,-499.0346779823303,0.0009777545928955078,0,0.0009777545928955078
0,-0.5,-499.0346779823303,-0.0009777545928955078,0,0.0
0,-0.49900341033935547,-499.0352189540863,0.0009965896606445312,0,0.0009965896606445312
0,-0.49900007247924805,-499.0352282524109,3.337860107421875e-06,0,0.0009999275207519531
0,-0.5,-499.0352282524109,-0.0009999275207519531,1,0.0
0,-0.49698853492736816,-499.03221678733826,0.003011465072631836,0,0.003011465072631836
0,-0.4995143413543701,-499.0325560569763,-0.002525806427001953,1,0.0004856586456298828
0,-0.4992213249206543,-499.031777381897,0.0002930164337158203,0,0.0007786750793457031
0,-0.4987919330596924,-499.03120160102844,0.00042939186096191406,2,0.0012080669403076172
0,-0.4969799518585205,-499.02818155288696,0.001811981201171875,1,0.003020048141479492
0,-0.49590635299682617,-499.0240879058838,0.001073598861694336,0,0.004093647003173828
0,-0.4989891052246094,-499.02457213401794,-0.003082752227783203,0,0.001010894775390625
0,-0.5,-499.02457213401794,-0.001010894775390625,1,0.0
0,-0.49801015853881836,-499.02258229255676,0.0019898414611816406,0,0.0019898414611816406
0,-0.5,-499.02258229255676,-0.0019898414611816406,0,0.0
0,-0.49889135360717773,-499.02353382110596,0.0011086463928222656,0,0.0011086463928222656
0,-0.49899864196777344,-499.0229706764221,-0.00010728836059570312,1,0.0010013580322265625
0,-0.4980125427246094,-499.0219929218292,0.0009860992431640625,0,0.001987457275390625
0,-0.5,-499.02301120758057,-0.001987457275390625,0,0.0
0,-0.49801015853881836,-499.0220229625702,0.0019898414611816406,0,0.0019898414611816406
0,-0.5,-499.0231318473816,-0.0019898414611816406,1,0.0
0,-0.498992919921875,-499.02212476730347,0.001007080078125,0,0.001007080078125
0,-0.4994945526123047,-499.02161931991577,-0.0005016326904296875,0,0.0005054473876953125
0,-0.5,-499.02161931991577,-0.0005054473876953125,0,0.0
0,-0.5,-499.02161931991577,0.0,1,0.0
0,-0.4948415756225586,-499.0184636116028,0.005158424377441406,0,0.005158424377441406
0,-0.49900293350219727,-499.017466545105,-0.004161357879638672,0,0.0009970664978027344
0,-0.49900293350219727,-499.0185635089874,0.0,0,0.0009970664978027344
0,-0.5,-499.0192461013794,-0.0009970664978027344,0,0.0
0,-0.5,-499.0202519893646,0.0,0,0.0
0,-0.5,-499.0213043689728,0.0,1,0.0
0,-0.49800562858581543,-499.0213084220886,0.0019943714141845703,0,0.0019943714141845703
0,-0.5,-499.022607088089,-0.0019943714141845703,1,0.0
0,-0.4989593029022217,-499.02257108688354,0.0010406970977783203,0,0.0010406970977783203
0,-0.499004602432251,-499.0225751399994,-4.5299530029296875e-05,0,0.0009953975677490234
0,-0.49898743629455566,-499.02493476867676,1.71661376953125e-05,0,0.001012563705444336
0,-0.5,-499.04357981681824,-0.001012563705444336,1,0.0
0,-0.4979979991912842,-499.0431168079376,0.0020020008087158203,0,0.0020020008087158203
0,-0.5,-499.0431168079376,-0.0020020008087158203,1,0.0
0,-0.14659523963928223,-0.14659523963928223,-0.14659523963928223,0,0.3534047603607178
0,-0.14554953575134277,-0.292144775390625,0.0010457038879394531,0,0.3544504642486572
0,-0.5,-0.792144775390625,-0.3544504642486572,0,0.0
0,-0.5,-1.292144775390625,0.0,0,0.0
0,-0.5,-1.792144775390625,0.0,0,0.0
0,-0.5,-2.292144775390625,0.0,0,0.0
0,-0.5,-2.792144775390625,0.0,0,0.0
0,-0.4990839958190918,-3.291228771209717,0.0009160041809082031,1,0.0009160041809082031
0,-0.49631524085998535,-3.787544012069702,0.0027687549591064453,0,0.0036847591400146484
0,-0.4989147186279297,-4.286458730697632,-0.002599477767944336,1,0.0010852813720703125
0,-0.49793004989624023,-4.784388780593872,0.0009846687316894531,0,0.0020699501037597656
0,-0.5,-5.284388780593872,-0.0020699501037597656,1,0.0
0,-0.49799203872680664,-5.782380819320679,0.0020079612731933594,0,0.0020079612731933594
0,-0.5,-6.282380819320679,-0.0020079612731933594,1,0.0
0,-0.49900269508361816,-6.781383514404297,0.000997304916381836,0,0.000997304916381836
0,-0.5,-7.281383514404297,-0.000997304916381836,0,0.0
0,-0.5,-7.781383514404297,0.0,0,0.0
0,-0.5,-8.281383514404297,0.0,1,0.0
0,-0.4994978904724121,-8.780881404876709,0.0005021095275878906,0,0.0005021095275878906
0,-0.5,-9.280881404876709,-0.0005021095275878906,0,0.0
0,-0.49800682067871094,-9.77888822555542,0.0019931793212890625,0,0.0019931793212890625
0,-0.5,-10.27888822555542,-0.0019931793212890625,0,0.0
0,-0.5,-10.77888822555542,0.0,0,0.0
0,-0.5,-11.27888822555542,0.0,1,0.0
0,-0.5,-11.77888822555542,0.0,0,0.0
0,-0.5,-12.27888822555542,0.0,1,0.0
0,-0.5,-12.77888822555542,0.0,0,0.0
0,-0.5,-13.27888822555542,0.0,1,0.0
0,-0.5,-13.77888822555542,0.0,0,0.0
0,-0.5,-14.27888822555542,0.0,0,0.0
0,-0.49931764602661133,-14.778205871582031,0.0006823539733886719,1,0.0006823539733886719
0,-0.4989943504333496,-15.27720022201538,0.00032329559326171875,0,0.0010056495666503906
0,-0.497988224029541,-15.775188446044922,0.0010061264038085938,1,0.0020117759704589844
0,-0.4936530590057373,-16.26884150505066,0.004335165023803711,0,0.006346940994262695
0,-0.5,-16.76884150505066,-0.006346940994262695,1,0.0
0,-0.5,-17.26884150505066,0.0,0,0.0
0,-0.5,-17.76884150505066,0.0,1,0.0
0,-0.49900174140930176,-18.26784324645996,0.0009982585906982422,0,0.0009982585906982422
0,-0.49900126457214355,-18.766844511032104,4.76837158203125e-07,0,0.0009987354278564453
0,-0.5,-19.266844511032104,-0.0009987354278564453,0,0.0
0,-0.5,-19.766844511032104,0.0,0,0.0
0,-0.5,-20.266844511032104,0.0,0,0.0
0,-0.5,-20.766844511032104,0.0,1,0.0
0,-0.4991567134857178,-21.266001224517822,0.0008432865142822266,0,0.0008432865142822266
0,-0.5,-21.766001224517822,-0.0008432865142822266,1,0.0
0,-0.49527716636657715,-22.2612783908844,0.0047228336334228516,0,0.0047228336334228516
0,-0.4974808692932129,-22.758759260177612,-0.002203702926635742,0,0.0025191307067871094
0,-0.5,-23.258759260177612,-0.0025191307067871094,0,0.0
0,-0.4991879463195801,-23.757947206497192,0.0008120536804199219,1,0.0008120536804199219
0,-0.4994528293609619,-24.257400035858154,-0.00026488304138183594,0,0.0005471706390380859
0,-0.5,-24.757400035858154,-0.0005471706390380859,0,0.0
0,-0.49893903732299805,-25.256339073181152,0.0010609626770019531,0,0.0010609626770019531
0,-0.5,-25.756339073181152,-0.0010609626770019531,0,0.0
0,-0.5,-26.256339073181152,0.0,0,0.0
0,-0.4989457130432129,-26.755284786224365,0.0010542869567871094,0,0.0010542869567871094
0,-0.5,-27.255284786224365,-0.0010542869567871094,0,0.0
0,-0.4990231990814209,-27.754307985305786,0.0009768009185791016,0,0.0009768009185791016
0,-0.5,-28.254307985305786,-0.0009768009185791016,0,0.0
0,-0.5,-28.754307985305786,0.0,0,0.0
0,-0.4985628128051758,-29.252870798110962,0.0014371871948242188,1,0.0014371871948242188
0,-0.4965970516204834,-29.749467849731445,0.001965761184692383,0,0.0034029483795166016
0,-0.5,-30.249467849731445,-0.0034029483795166016,0,0.0
0,-0.5,-30.749467849731445,0.0,0,0.0
0,-0.5,-31.249467849731445,0.0,0,0.0
0,-0.49898695945739746,-31.748454809188843,0.001013040542602539,0,0.001013040542602539
0,-0.5,-32.24845480918884,-0.001013040542602539,0,0.0
0,-0.5,-32.74845480918884,0.0,0,0.0
0,-0.5,-33.24845480918884,0.0,0,0.0
0,-0.5,-33.74845480918884,0.0,0,0.0
0,-0.5,-34.24845480918884,0.0,0,0.0
0,-0.5,-34.74845480918884,0.0,0,0.0
0,-0.4989802837371826,-35.247435092926025,0.0010197162628173828,0,0.0010197162628173828
0,-0.5,-35.747435092926025,-0.0010197162628173828,0,0.0
0,-0.49929261207580566,-36.24672770500183,0.0007073879241943359,0,0.0007073879241943359
0,-0.5,-36.74672770500183,-0.0007073879241943359,1,0.0
0,-0.5,-37.24672770500183,0.0,0,0.0
0,-0.5,-37.74672770500183,0.0,0,0.0
0,-0.4990520477294922,-38.24577975273132,0.0009479522705078125,0,0.0009479522705078125
0,-0.5,-38.74577975273132,-0.0009479522705078125,0,0.0
0,-0.5,-39.24577975273132,0.0,0,0.0
0,-0.49949145317077637,-39.7452712059021,0.0005085468292236328,0,0.0005085468292236328
0,-0.498981237411499,-40.2442524433136,0.0005102157592773438,0,0.0010187625885009766
0,-0.4989330768585205,-40.74318552017212,4.8160552978515625e-05,0,0.0010669231414794922
0,-0.5,-41.24318552017212,-0.0010669231414794922,0,0.0
0,-0.49814915657043457,-41.741334676742554,0.0018508434295654297,0,0.0018508434295654297
0,-0.5,-42.241334676742554,-0.0018508434295654297,0,0.0
0,-0.5,-42.741334676742554,0.0,0,0.0
0,-0.5,-43.241334676742554,0.0,0,0.0
0,-0.5,-43.741334676742554,0.0,0,0.0
0,-0.5,-44.241334676742554,0.0,0,0.0
0,-0.5,-44.741334676742554,0.0,2,0.0
0,-0.4990065097808838,-45.24034118652344,0.000993490219116211,1,0.000993490219116211
0,-0.49801039695739746,-45.738351583480835,0.0009961128234863281,0,0.001989603042602539
0,-0.5,-46.238351583480835,-0.001989603042602539,0,0.0
0,-0.4990205764770508,-46.737372159957886,0.0009794235229492188,0,0.0009794235229492188
0,-0.5,-47.237372159957886,-0.0009794235229492188,0,0.0
0,-0.49900102615356445,-47.73637318611145,0.0009989738464355469,0,0.0009989738464355469
0,-0.5,-48.23637318611145,-0.0009989738464355469,0,0.0
0,-0.4989914894104004,-48.73536467552185,0.0010085105895996094,0,0.0010085105895996094
0,-0.4994535446166992,-49.23481822013855,-0.0004620552062988281,0,0.0005464553833007812
0,-0.4981234073638916,-49.73294162750244,0.0013301372528076172,0,0.0018765926361083984
0,-0.49899840354919434,-50.231940031051636,-0.0008749961853027344,0,0.001001596450805664
0,-0.5,-50.731940031051636,-0.001001596450805664,0,0.0
0,-0.5,-51.231940031051636,0.0,0,0.0
0,-0.5,-51.731940031051636,0.0,0,0.0
0,-0.5,-52.231940031051636,0.0,1,0.0
0,-0.5,-52.731940031051636,0.0,0,0.0
0,-0.4990057945251465,-53.23094582557678,0.0009942054748535156,0,0.0009942054748535156
0,-0.5,-53.73094582557678,-0.0009942054748535156,0,0.0
0,-0.5,-54.23094582557678,0.0,0,0.0
0,-0.5,-54.73094582557678,0.0,0,0.0
0,-0.49892640113830566,-55.22987222671509,0.001073598861694336,0,0.001073598861694336
0,-0.4983382225036621,-55.72821044921875,0.0005881786346435547,0,0.0016617774963378906
0,-0.498091459274292,-56.22630190849304,0.0002467632293701172,0,0.0019085407257080078
0,-0.5,-56.72630190849304,-0.0019085407257080078,0,0.0
0,-0.5,-57.22630190849304,0.0,0,0.0
0,-0.4990074634552002,-57.72530937194824,0.0009925365447998047,0,0.0009925365447998047
0,-0.4991159439086914,-58.224425315856934,-0.00010848045349121094,0,0.0008840560913085938
0,-0.5,-58.724425315856934,-0.0008840560913085938,0,0.0
0,-0.5,-59.224425315856934,0.0,1,0.0
0,-0.5,-59.724425315856934,0.0,0,0.0
0,-0.498701810836792,-60.223127126693726,0.0012981891632080078,0,0.0012981891632080078
0,-0.4989888668060303,-60.722115993499756,-0.00028705596923828125,1,0.0010111331939697266
0,-0.49799299240112305,-61.22010898590088,0.0009958744049072266,0,0.002007007598876953
0,-0.5,-61.72010898590088,-0.002007007598876953,0,0.0
0,-0.5,-62.22010898590088,0.0,0,0.0
0,-0.4989461898803711,-62.71905517578125,0.0010538101196289062,0,0.0010538101196289062
0,-0.5,-63.21905517578125,-0.0010538101196289062,0,0.0
0,-0.49851155281066895,-63.71756672859192,0.0014884471893310547,1,0.0014884471893310547
0,-0.4958455562591553,-64.21341228485107,0.002665996551513672,0,0.0041544437408447266
0,-0.49906015396118164,-64.71247243881226,-0.003214597702026367,0,0.0009398460388183594
0,-0.49949193000793457,-65.21196436882019,-0.0004317760467529297,0,0.0005080699920654297
0,-0.5,-65.71196436882019,-0.0005080699920654297,0,0.0
0,-0.49173450469970703,-66.2036988735199,0.008265495300292969,0,0.008265495300292969
0,-0.5,-66.7036988735199,-0.008265495300292969,0,0.0
0,-0.49898695945739746,-67.2026858329773,0.001013040542602539,0,0.001013040542602539
0,-0.5,-67.7026858329773,-0.001013040542602539,0,0.0
0,-0.5,-68.2026858329773,0.0,0,0.0
0,-0.5,-68.7026858329773,0.0,0,0.0
0,-0.4994847774505615,-69.20217061042786,0.0005152225494384766,0,0.0005152225494384766
0,-0.4989752769470215,-69.70114588737488,0.0005095005035400391,0,0.0010247230529785156
0,-0.4989933967590332,-70.20013928413391,-1.811981201171875e-05,0,0.0010066032409667969
0,-0.5,-70.70013928413391,-0.0010066032409667969,0,0.0
0,-0.49898242950439453,-71.1991217136383,0.0010175704956054688,0,0.0010175704956054688
0,-0.5,-71.6991217136383,-0.0010175704956054688,0,0.0
0,-0.5,-72.1991217136383,0.0,0,0.0
0,-0.4990651607513428,-72.69818687438965,0.0009348392486572266,1,0.0009348392486572266
0,-0.4872276782989502,-73.1854145526886,0.011837482452392578,0,0.012772321701049805
0,-0.49892544746398926,-73.68434000015259,-0.011697769165039062,0,0.0010745525360107422
0,-0.49900245666503906,-74.18334245681763,-7.700920104980469e-05,1,0.0009975433349609375
0,-0.49594569206237793,-74.67928814888,0.003056764602661133,0,0.00405430793762207
0,-0.4989898204803467,-75.17827796936035,-0.00304412841796875,0,0.0010101795196533203
0,-0.5,-75.67827796936035,-0.0010101795196533203,0,0.0
0,-0.5,-76.17827796936035,0.0,0,0.0
0,-0.5,-76.67827796936035,0.0,0,0.0
0,-0.4990065097808838,-77.17728447914124,0.000993490219116211,0,0.000993490219116211
0,-0.5,-77.67728447914124,-0.000993490219116211,0,0.0
0,-0.4943559169769287,-78.17164039611816,0.005644083023071289,0,0.005644083023071289
0,-0.49956655502319336,-78.67120695114136,-0.0052106380462646484,0,0.0004334449768066406
0,-0.499605655670166,-79.17081260681152,-3.910064697265625e-05,0,0.0003943443298339844
0,-0.4989013671875,-79.66971397399902,0.0007042884826660156,1,0.0010986328125
0,-0.4949610233306885,-80.16467499732971,0.0039403438568115234,0,0.0050389766693115234
0,-0.5,-80.66467499732971,-0.0050389766693115234,1,0.0
0,-0.5,-81.16467499732971,0.0,0,0.0
0,-0.5,-81.66467499732971,0.0,0,0.0
0,-0.49900293350219727,-82.16367793083191,0.0009970664978027344,0,0.0009970664978027344
0,-0.5,-82.66367793083191,-0.0009970664978027344,0,0.0
0,-0.498995304107666,-83.16267323493958,0.0010046958923339844,0,0.0010046958923339844
0,-0.5,-83.66267323493958,-0.0010046958923339844,1,0.0
0,-0.49794602394104004,-84.16061925888062,0.002053976058959961,0,0.002053976058959961
0,-0.49949121475219727,-84.66011047363281,-0.0015451908111572266,0,0.0005087852478027344
0,-0.5,-85.16011047363281,-0.0005087852478027344,0,0.0
0,-0.5,-85.66011047363281,0.0,1,0.0
0,-0.4974520206451416,-86.15756249427795,0.0025479793548583984,0,0.0025479793548583984
0,-0.5,-86.65756249427795,-0.0025479793548583984,0,0.0
0,-0.4989895820617676,-87.15655207633972,0.0010104179382324219,0,0.0010104179382324219
0,-0.5,-87.65655207633972,-0.0010104179382324219,0,0.0
0,-0.49974489212036133,-88.15629696846008,0.0002551078796386719,0,0.0002551078796386719
0,-0.4989287853240967,-88.65522575378418,0.0008161067962646484,0,0.0010712146759033203
0,-0.4996516704559326,-89.15487742424011,-0.0007228851318359375,0,0.0003483295440673828
0,-0.5,-89.65487742424011,-0.0003483295440673828,1,0.0
0,-0.5,-90.15487742424011,0.0,0,0.0
0,-0.4991800785064697,-90.65405750274658,0.0008199214935302734,1,0.0008199214935302734
0,-0.4982435703277588,-91.15230107307434,0.0009365081787109375,0,0.001756429672241211
0,-0.5,-91.65230107307434,-0.001756429672241211,0,0.0
0,-0.4989962577819824,-92.15129733085632,0.0010037422180175781,0,0.0010037422180175781
0,-0.5,-92.65129733085632,-0.0010037422180175781,0,0.0
0,-0.4985930919647217,-93.14989042282104,0.0014069080352783203,0,0.0014069080352783203
0,-0.49898290634155273,-93.6488733291626,-0.0003898143768310547,1,0.0010170936584472656
0,-0.49759769439697266,-94.14647102355957,0.0013852119445800781,0,0.0024023056030273438
0,-0.49896693229675293,-94.64543795585632,-0.0013692378997802734,1,0.0010330677032470703
0,-0.49800610542297363,-95.1434440612793,0.0009608268737792969,0,0.001993894577026367
0,-0.5,-95.6434440612793,-0.001993894577026367,1,0.0
0,-0.5,-96.1434440612793,0.0,0,0.0
0,-0.4994959831237793,-96.64294004440308,0.0005040168762207031,0,0.0005040168762207031
0,-0.5,-97.14294004440308,-0.0005040168762207031,0,0.0
0,-0.4989902973175049,-97.64193034172058,0.0010097026824951172,1,0.0010097026824951172
0,-0.49794840812683105,-98.13987874984741,0.0010418891906738281,0,0.0020515918731689453
0,-0.4989750385284424,-98.63885378837585,-0.0010266304016113281,1,0.0010249614715576172
0,-0.4980030059814453,-99.1368567943573,0.0009720325469970703,0,0.0019969940185546875
0,-0.5,-99.6368567943573,-0.0019969940185546875,0,0.0
0,-0.4982607364654541,-100.13511753082275,0.0017392635345458984,0,0.0017392635345458984
0,-0.499661922454834,-100.63477945327759,-0.0014011859893798828,1,0.0003380775451660156
0,-0.49752283096313477,-101.13230228424072,0.0021390914916992188,0,0.0024771690368652344
0,-0.5,-101.63230228424072,-0.0024771690368652344,1,0.0
0,-0.4990065097808838,-102.1313087940216,0.000993490219116211,0,0.000993490219116211
0,-0.49793553352355957,-102.62924432754517,0.0010709762573242188,0,0.0020644664764404297
0,-0.5,-103.12924432754517,-0.0020644664764404297,0,0.0
0,-0.4994544982910156,-103.62869882583618,0.000545501708984375,0,0.000545501708984375
0,-0.4989941120147705,-104.12769293785095,0.0004603862762451172,0,0.0010058879852294922
0,-0.5,-104.62769293785095,-0.0010058879852294922,0,0.0
0,-0.5,-105.12769293785095,0.0,0,0.0
0,-0.49948811531066895,-105.62718105316162,0.0005118846893310547,0,0.0005118846893310547
0,-0.5,-106.12718105316162,-0.0005118846893310547,0,0.0
0,-0.5,-106.62718105316162,0.0,0,0.0
0,-0.4989945888519287,-107.12617564201355,0.001005411148071289,0,0.001005411148071289
0,-0.49948859214782715,-107.62566423416138,-0.0004940032958984375,1,0.0005114078521728516
0,-0.49794459342956543,-108.12360882759094,0.0015439987182617188,0,0.0020554065704345703
0,-0.5,-108.62360882759094,-0.0020554065704345703,1,0.0
0,-0.49900102615356445,-109.1226098537445,0.0009989738464355469,0,0.0009989738464355469
0,-0.4990043640136719,-109.62161421775818,-3.337860107421875e-06,0,0.000995635986328125
0,-0.49800944328308105,-110.11962366104126,0.0009949207305908203,0,0.0019905567169189453
0,-0.5,-110.61962366104126,-0.0019905567169189453,0,0.0
0,-0.5,-111.11962366104126,0.0,0,0.0
0,-0.5,-111.61962366104126,0.0,1,0.0
0,-0.5,-112.11962366104126,0.0,0,0.0
0,-0.5,-112.61962366104126,0.0,0,0.0
0,-0.5,-113.11962366104126,0.0,0,0.0
0,-0.5,-113.61962366104126,0.0,0,0.0
0,-0.49701476097106934,-114.11663842201233,0.002985239028930664,0,0.002985239028930664
0,-0.5,-114.61663842201233,-0.002985239028930664,1,0.0
0,-0.4977884292602539,-115.11442685127258,0.0022115707397460938,0,0.0022115707397460938
0,-0.5,-115.61442685127258,-0.0022115707397460938,1,0.0
0,-0.5,-116.11442685127258,0.0,0,0.0
0,-0.49898791313171387,-116.6134147644043,0.0010120868682861328,1,0.0010120868682861328
0,-0.49801039695739746,-117.1114251613617,0.0009775161743164062,0,0.001989603042602539
0,-0.5,-117.6114251613617,-0.001989603042602539,1,0.0
0,-0.493772029876709,-118.1051971912384,0.006227970123291016,0,0.006227970123291016
0,-0.5,-118.6051971912384,-0.006227970123291016,0,0.0
0,-0.4994969367980957,-119.1046941280365,0.0005030632019042969,0,0.0005030632019042969
0,-0.49899721145629883,-119.6036913394928,0.000499725341796875,1,0.0010027885437011719
0,-0.4932520389556885,-120.09694337844849,0.0057451725006103516,0,0.0067479610443115234
0,-0.49896717071533203,-120.59591054916382,-0.005715131759643555,1,0.0010328292846679688
0,-0.49701786041259766,-121.09292840957642,0.001949310302734375,0,0.0029821395874023438
0,-0.49898600578308105,-121.5919144153595,-0.0019681453704833984,1,0.0010139942169189453
0,-0.49900364875793457,-122.09091806411743,-1.7642974853515625e-05,0,0.0009963512420654297
0,-0.49894118309020996,-122.58985924720764,6.246566772460938e-05,0,0.001058816909790039
0,-0.49799370765686035,-123.0878529548645,0.0009474754333496094,0,0.0020062923431396484
0,-0.4989807605743408,-123.58683371543884,-0.0009870529174804688,0,0.0010192394256591797
0,-0.49692511558532715,-124.08375883102417,0.002055644989013672,0,0.0030748844146728516
0,-0.5,-124.58375883102417,-0.0030748844146728516,0,0.0
0,-0.5,-125.08375883102417,0.0,0,0.0
0,-0.5,-125.58375883102417,0.0,0,0.0
0,-0.5,-126.08375883102417,0.0,0,0.0
0,-0.4989008903503418,-126.58265972137451,0.0010991096496582031,0,0.0010991096496582031
0,-0.4977915287017822,-127.0804512500763,0.0011093616485595703,0,0.0022084712982177734
0,-0.5,-127.5804512500763,-0.0022084712982177734,1,0.0
0,-0.49493956565856934,-128.07539081573486,0.005060434341430664,0,0.005060434341430664
0,-0.5,-128.57539081573486,-0.005060434341430664,0,0.0
0,-0.5,-129.07539081573486,0.0,0,0.0
0,-0.49905824661254883,-129.5744490623474,0.0009417533874511719,0,0.0009417533874511719
0,-0.4969630241394043,-130.07141208648682,0.0020952224731445312,0,0.003036975860595703
0,-0.5,-130.57141208648682,-0.003036975860595703,0,0.0
0,-0.49982762336730957,-131.07123970985413,0.0001723766326904297,0,0.0001723766326904297
0,-0.4989926815032959,-131.57023239135742,0.0008349418640136719,1,0.0010073184967041016
0,-0.49400758743286133,-132.06423997879028,0.00498509407043457,0,0.005992412567138672
0,-0.4979727268218994,-132.56221270561218,-0.003965139389038086,1,0.002027273178100586
0,-0.4970424175262451,-133.05925512313843,0.0009303092956542969,0,0.002957582473754883
0,-0.49898409843444824,-133.55823922157288,-0.001941680908203125,1,0.0010159015655517578
0,-0.496354341506958,-134.05459356307983,0.0026297569274902344,0,0.003645658493041992
0,-0.5,-134.55459356307983,-0.003645658493041992,1,0.0
0,-0.49900293350219727,-135.05359649658203,0.0009970664978027344,0,0.0009970664978027344
0,-0.49899816513061523,-135.55259466171265,4.76837158203125e-06,1,0.0010018348693847656
0,-0.49707722663879395,-136.04967188835144,0.001920938491821289,0,0.0029227733612060547
0,-0.5,-136.54967188835144,-0.0029227733612060547,0,0.0
0,-0.5,-137.04967188835144,0.0,0,0.0
0,-0.5,-137.54967188835144,0.0,1,0.0
0,-0.5,-138.04967188835144,0.0,0,0.0
0,-0.4979894161224365,-138.54766130447388,0.0020105838775634766,1,0.0020105838775634766
0,-0.49790358543395996,-139.04556488990784,8.58306884765625e-05,0,0.002096414566040039
0,-0.5,-139.54556488990784,-0.002096414566040039,1,0.0
0,-0.4990060329437256,-140.04457092285156,0.000993967056274414,0,0.000993967056274414
0,-0.5,-140.54457092285156,-0.000993967056274414,0,0.0
0,-0.4996063709259033,-141.04417729377747,0.0003936290740966797,0,0.0003936290740966797
0,-0.5,-141.54417729377747,-0.0003936290740966797,0,0.0
0,-0.5,-142.04417729377747,0.0,0,0.0
0,-0.5,-142.54417729377747,0.0,1,0.0
0,-0.4984781742095947,-143.04265546798706,0.0015218257904052734,0,0.0015218257904052734
0,-0.5,-143.54265546798706,-0.0015218257904052734,0,0.0
0,-0.5,-144.04265546798706,0.0,0,0.0
0,-0.5,-144.54265546798706,0.0,0,0.0
0,-0.5,-145.04265546798706,0.0,0,0.0
0,-0.5,-145.54265546798706,0.0,0,0.0
0,-0.5,-146.04265546798706,0.0,0,0.0
0,-0.5,-146.54265546798706,0.0,1,0.0
0,-0.4944477081298828,-147.03710317611694,0.0055522918701171875,0,0.0055522918701171875
0,-0.5,-147.53710317611694,-0.0055522918701171875,1,0.0
0,-0.49900317192077637,-148.03610634803772,0.0009968280792236328,0,0.0009968280792236328
0,-0.5,-148.53610634803772,-0.0009968280792236328,1,0.0
0,-0.4980659484863281,-149.03417229652405,0.001934051513671875,0,0.001934051513671875
0,-0.5,-149.53417229652405,-0.001934051513671875,0,0.0
0,-0.4996318817138672,-150.03380417823792,0.0003681182861328125,0,0.0003681182861328125
0,-0.5,-150.53380417823792,-0.0003681182861328125,1,0.0
0,-0.4987807273864746,-151.0325849056244,0.0012192726135253906,0,0.0012192726135253906
0,-0.49895763397216797,-151.53154253959656,-0.00017690658569335938,0,0.0010423660278320312
0,-0.4982471466064453,-152.029789686203,0.0007104873657226562,0,0.0017528533935546875
0,-0.5,-152.529789686203,-0.0017528533935546875,1,0.0
0,-0.49846720695495605,-153.02825689315796,0.0015327930450439453,0,0.0015327930450439453
0,-0.49932050704956055,-153.52757740020752,-0.0008533000946044922,1,0.0006794929504394531
0,-0.49882960319519043,-154.0264070034027,0.0004909038543701172,0,0.0011703968048095703
0,-0.5,-154.5264070034027,-0.0011703968048095703,1,0.0
0,-0.49909186363220215,-155.0254988670349,0.0009081363677978516,0,0.0009081363677978516
0,-0.49948763847351074,-155.52498650550842,-0.00039577484130859375,0,0.0005123615264892578
0,-0.49901390075683594,-156.02400040626526,0.0004737377166748047,0,0.0009860992431640625
0,-0.5,-156.52400040626526,-0.0009860992431640625,1,0.0
0,-0.49900341033935547,-157.02300381660461,0.0009965896606445312,0,0.0009965896606445312
0,-0.5,-157.52300381660461,-0.0009965896606445312,1,0.0
0,-0.5,-158.02300381660461,0.0,0,0.0
0,-0.5,-158.52300381660461,0.0,1,0.0
0,-0.49900221824645996,-159.02200603485107,0.000997781753540039,0,0.000997781753540039
0,-0.5,-159.52200603485107,-0.000997781753540039,0,0.0
0,-0.5,-160.02200603485107,0.0,0,0.0
0,-0.5,-160.52200603485107,0.0,1,0.0
0,-0.5,-161.02200603485107,0.0,0,0.0
0,-0.499845027923584,-161.52185106277466,0.00015497207641601562,1,0.00015497207641601562
0,-0.5,-162.02185106277466,-0.00015497207641601562,0,0.0
0,-0.5,-162.52185106277466,0.0,1,0.0
0,-0.4980020523071289,-163.0198531150818,0.0019979476928710938,0,0.0019979476928710938
0,-0.5,-163.5198531150818,-0.0019979476928710938,0,0.0
0,-0.5,-164.0198531150818,0.0,0,0.0
0,-0.4990658760070801,-164.51891899108887,0.0009341239929199219,1,0.0009341239929199219
0,-0.49806904792785645,-165.01698803901672,0.0009968280792236328,0,0.0019309520721435547
0,-0.5,-165.51698803901672,-0.0019309520721435547,0,0.0
0,-0.5,-166.01698803901672,0.0,0,0.0
0,-0.5,-166.51698803901672,0.0,1,0.0
0,-0.49700927734375,-167.01399731636047,0.00299072265625,0,0.00299072265625
0,-0.49900007247924805,-167.51299738883972,-0.001990795135498047,0,0.0009999275207519531
0,-0.4985795021057129,-168.01157689094543,0.00042057037353515625,0,0.0014204978942871094
0,-0.5,-168.51157689094543,-0.0014204978942871094,0,0.0
0,-0.5,-169.01157689094543,0.0,0,0.0
0,-0.498978853225708,-169.51055574417114,0.0010211467742919922,1,0.0010211467742919922
0,-0.49776625633239746,-170.00832200050354,0.0012125968933105469,0,0.002233743667602539
0,-0.5,-170.50832200050354,-0.002233743667602539,1,0.0
0,-0.5,-171.00832200050354,0.0,0,0.0
0,-0.5,-171.50832200050354,0.0,1,0.0
0,-0.5,-172.00832200050354,0.0,0,0.0
0,-0.5,-172.50832200050354,0.0,1,0.0
0,-0.5,-173.00832200050354,0.0,0,0.0
0,-0.49942851066589355,-173.50775051116943,0.0005714893341064453,0,0.0005714893341064453
0,-0.49785494804382324,-174.00560545921326,0.0015735626220703125,0,0.002145051956176758
0,-0.5,-174.50560545921326,-0.002145051956176758,1,0.0
0,-0.4989917278289795,-175.00459718704224,0.0010082721710205078,0,0.0010082721710205078
0,-0.5,-175.50459718704224,-0.0010082721710205078,1,0.0
0,-0.49895405769348145,-176.00355124473572,0.0010459423065185547,0,0.0010459423065185547
0,-0.5,-176.50355124473572,-0.0010459423065185547,1,0.0
0,-0.49793028831481934,-177.00148153305054,0.002069711685180664,0,0.002069711685180664
0,-0.49898552894592285,-177.50046706199646,-0.0010552406311035156,0,0.0010144710540771484
0,-0.49730944633483887,-177.9977765083313,0.0016760826110839844,0,0.002690553665161133
0,-0.5,-178.4977765083313,-0.002690553665161133,1,0.0
0,-0.49900054931640625,-178.9967770576477,0.00099945068359375,0,0.00099945068359375
0,-0.4994814395904541,-179.49625849723816,-0.00048089027404785156,0,0.0005185604095458984
0,-0.5,-179.99625849723816,-0.0005185604095458984,0,0.0
0,-0.5,-180.49625849723816,0.0,1,0.0
0,-0.4980006217956543,-180.9942591190338,0.001999378204345703,0,0.001999378204345703
0,-0.5,-181.4942591190338,-0.001999378204345703,0,0.0
0,-0.5,-181.9942591190338,0.0,0,0.0
0,-0.5,-182.4942591190338,0.0,1,0.0
0,-0.49899840354919434,-182.993257522583,0.001001596450805664,0,0.001001596450805664
0,-0.5,-183.493257522583,-0.001001596450805664,1,0.0
0,-0.5,-183.993257522583,0.0,0,0.0
0,-0.5,-184.493257522583,0.0,1,0.0
0,-0.4974970817565918,-184.9907546043396,0.002502918243408203,0,0.002502918243408203
0,-0.5,-185.4907546043396,-0.002502918243408203,1,0.0
0,-0.4994938373565674,-185.99024844169617,0.0005061626434326172,0,0.0005061626434326172
0,-0.5,-186.49024844169617,-0.0005061626434326172,1,0.0
0,-0.4990050792694092,-186.98925352096558,0.0009949207305908203,0,0.0009949207305908203
0,-0.5,-187.48925352096558,-0.0009949207305908203,0,0.0
0,-0.49697017669677734,-187.98622369766235,0.0030298233032226562,0,0.0030298233032226562
0,-0.499497652053833,-188.4857213497162,-0.002527475357055664,1,0.0005023479461669922
0,-0.497006893157959,-188.98272824287415,0.0024907588958740234,0,0.0029931068420410156
0,-0.5,-189.48272824287415,-0.0029931068420410156,1,0.0
0,-0.49898815155029297,-189.98171639442444,0.0010118484497070312,0,0.0010118484497070312
0,-0.49897289276123047,-190.48068928718567,1.52587890625e-05,1,0.0010271072387695312
0,-0.49800562858581543,-190.97869491577148,0.0009672641754150391,0,0.0019943714141845703
0,-0.5,-191.47869491577148,-0.0019943714141845703,0,0.0
0,-0.5,-191.97869491577148,0.0,0,0.0
0,-0.5,-192.47869491577148,0.0,1,0.0
0,-0.5,-192.97869491577148,0.0,0,0.0
0,-0.5,-193.47869491577148,0.0,0,0.0
0,-0.5,-193.97869491577148,0.0,0,0.0
0,-0.5,-194.47869491577148,0.0,1,0.0
0,-0.5,-194.97869491577148,0.0,0,0.0
0,-0.5,-195.47869491577148,0.0,0,0.0
0,-0.5,-195.97869491577148,0.0,0,0.0
0,-0.5,-196.47869491577148,0.0,1,0.0
0,-0.495983362197876,-196.97467827796936,0.0040166378021240234,0,0.0040166378021240234
0,-0.5,-197.47467827796936,-0.0040166378021240234,0,0.0
0,-0.499497652053833,-197.9741759300232,0.0005023479461669922,0,0.0005023479461669922
0,-0.5,-198.4741759300232,-0.0005023479461669922,1,0.0
0,-0.49800682067871094,-198.9721827507019,0.0019931793212890625,0,0.0019931793212890625
0,-0.5,-199.4721827507019,-0.0019931793212890625,1,0.0
0,-0.49898743629455566,-199.97117018699646,0.001012563705444336,0,0.001012563705444336
0,-0.5,-200.47117018699646,-0.001012563705444336,1,0.0
0,-0.49800705909729004,-200.96917724609375,0.001992940902709961,0,0.001992940902709961
0,-0.5,-201.46917724609375,-0.001992940902709961,1,0.0
0,-0.5,-201.96917724609375,0.0,0,0.0
0,-0.5,-202.46917724609375,0.0,1,0.0
0,-0.48470091819763184,-202.95387816429138,0.015299081802368164,0,0.015299081802368164
0,-0.49878406524658203,-203.45266222953796,-0.014083147048950195,1,0.0012159347534179688
0,-0.497617244720459,-203.95027947425842,0.0011668205261230469,0,0.0023827552795410156
0,-0.5,-204.45027947425842,-0.0023827552795410156,1,0.0
0,-0.5,-204.95027947425842,0.0,0,0.0
0,-0.5,-205.45027947425842,0.0,0,0.0
0,-0.5,-205.95027947425842,0.0,0,0.0
0,-0.5,-206.45027947425842,0.0,1,0.0
0,-0.4919619560241699,-206.9422414302826,0.008038043975830078,0,0.008038043975830078
0,-0.49976110458374023,-207.44200253486633,-0.0077991485595703125,0,0.00023889541625976562
0,-0.49743032455444336,-207.93943285942078,0.002330780029296875,0,0.0025696754455566406
0,-0.5,-208.43943285942078,-0.0025696754455566406,1,0.0
0,-0.49500465393066406,-208.93443751335144,0.0049953460693359375,0,0.0049953460693359375
0,-0.4994981288909912,-209.43393564224243,-0.0044934749603271484,1,0.0005018711090087891
0,-0.498227596282959,-209.9321632385254,0.0012705326080322266,0,0.0017724037170410156
0,-0.5,-210.4321632385254,-0.0017724037170410156,1,0.0
0,-0.4950559139251709,-210.92721915245056,0.0049440860748291016,0,0.0049440860748291016
0,-0.5,-211.42721915245056,-0.0049440860748291016,1,0.0
0,-0.4990053176879883,-211.92622447013855,0.0009946823120117188,0,0.0009946823120117188
0,-0.49954652786254883,-212.4257709980011,-0.0005412101745605469,1,0.0004534721374511719
0,-0.49590229988098145,-212.92167329788208,0.003644227981567383,0,0.004097700119018555
0,-0.5,-213.42167329788208,-0.004097700119018555,1,0.0
0,-0.49906134605407715,-213.92073464393616,0.0009386539459228516,0,0.0009386539459228516
0,-0.4989931583404541,-214.4197278022766,6.818771362304688e-05,1,0.0010068416595458984
0,-0.49417567253112793,-214.91390347480774,0.004817485809326172,0,0.00582432746887207
0,-0.5,-215.41390347480774,-0.00582432746887207,1,0.0
0,-0.4991614818572998,-215.91306495666504,0.0008385181427001953,0,0.0008385181427001953
0,-0.4979374408721924,-216.41100239753723,0.0012240409851074219,1,0.002062559127807617
0,-0.4970088005065918,-216.90801119804382,0.0009286403656005859,0,0.002991199493408203
0,-0.5,-217.40801119804382,-0.002991199493408203,0,0.0
0,-0.5,-217.90801119804382,0.0,0,0.0
0,-0.5,-218.40801119804382,0.0,0,0.0
0,-0.5,-218.90801119804382,0.0,0,0.0
0,-0.5,-219.40801119804382,0.0,1,0.0
0,-0.49900197982788086,-219.9070131778717,0.0009980201721191406,0,0.0009980201721191406
0,-0.5,-220.4070131778717,-0.0009980201721191406,1,0.0
0,-0.49880099296569824,-220.9058141708374,0.0011990070343017578,0,0.0011990070343017578
0,-0.49944233894348145,-221.40525650978088,-0.0006413459777832031,1,0.0005576610565185547
0,-0.47142958641052246,-221.8766860961914,0.028012752532958984,0,0.02857041358947754
0,-0.5,-222.3766860961914,-0.02857041358947754,1,0.0
0,-0.49945950508117676,-222.87614560127258,0.0005404949188232422,0,0.0005404949188232422
0,-0.5,-223.37614560127258,-0.0005404949188232422,1,0.0
0,-0.5,-223.87614560127258,0.0,0,0.0
0,-0.5,-224.37614560127258,0.0,1,0.0
0,-0.5,-224.87614560127258,0.0,0,0.0
0,-0.5,-225.37614560127258,0.0,0,0.0
0,-0.5,-225.87614560127258,0.0,0,0.0
0,-0.49894285202026367,-226.37508845329285,0.0010571479797363281,1,0.0010571479797363281
0,-0.4980440139770508,-226.8731324672699,0.0008988380432128906,0,0.0019559860229492188
0,-0.4987483024597168,-227.37188076972961,-0.0007042884826660156,1,0.0012516975402832031
0,-0.49699974060058594,-227.8688805103302,0.0017485618591308594,0,0.0030002593994140625
0,-0.5,-228.3688805103302,-0.0030002593994140625,1,0.0
0,-0.49464941024780273,-228.863529920578,0.005350589752197266,0,0.005350589752197266
0,-0.49978017807006836,-229.36331009864807,-0.005130767822265625,0,0.00021982192993164062
0,-0.5,-229.86331009864807,-0.00021982192993164062,0,0.0
0,-0.5,-230.36331009864807,0.0,0,0.0
0,-0.5,-230.86331009864807,0.0,0,0.0
0,-0.4989962577819824,-231.36230635643005,0.0010037422180175781,0,0.0010037422180175781
0,-0.5,-231.86230635643005,-0.0010037422180175781,0,0.0
0,-0.5,-232.36230635643005,0.0,1,0.0
0,-0.49905896186828613,-232.86136531829834,0.0009410381317138672,0,0.0009410381317138672
0,-0.5,-233.36136531829834,-0.0009410381317138672,0,0.0
0,-0.49800944328308105,-233.85937476158142,0.0019905567169189453,0,0.0019905567169189453
0,-0.5,-234.35937476158142,-0.0019905567169189453,1,0.0
0,-0.499492883682251,-234.85886764526367,0.0005071163177490234,0,0.0005071163177490234
0,-0.5,-235.35886764526367,-0.0005071163177490234,1,0.0
0,-0.49001574516296387,-235.84888339042664,0.009984254837036133,0,0.009984254837036133
0,-0.4990041255950928,-236.34788751602173,-0.008988380432128906,0,0.0009958744049072266
0,-0.49800610542297363,-236.8458936214447,0.0009980201721191406,0,0.001993894577026367
0,-0.4988574981689453,-237.34475111961365,-0.0008513927459716797,1,0.0011425018310546875
0,-0.4999198913574219,-237.84467101097107,-0.0010623931884765625,0,8.0108642578125e-05
0,-0.49948716163635254,-238.34415817260742,0.00043272972106933594,0,0.0005128383636474609
0,-0.4989161491394043,-238.84307432174683,0.0005710124969482422,0,0.0010838508605957031
0,-0.5,-239.34307432174683,-0.0010838508605957031,1,0.0
0,-0.4968383312225342,-239.83991265296936,0.0031616687774658203,0,0.0031616687774658203
0,-0.4994792938232422,-240.3393919467926,-0.002640962600708008,1,0.0005207061767578125
0,-0.4976828098297119,-240.83707475662231,0.0017964839935302734,0,0.002317190170288086
0,-0.4989786148071289,-241.33605337142944,-0.0012958049774169922,0,0.0010213851928710938
0,-0.4979898929595947,-241.83404326438904,0.0009887218475341797,0,0.0020101070404052734
0,-0.5,-242.33404326438904,-0.0020101070404052734,1,0.0
0,-0.5,-242.83404326438904,0.0,0,0.0
0,-0.5,-243.33404326438904,0.0,1,0.0
0,-0.4972527027130127,-243.83129596710205,0.0027472972869873047,0,0.0027472972869873047
0,-0.5,-244.33129596710205,-0.0027472972869873047,1,0.0
0,-0.4900083541870117,-244.82130432128906,0.009991645812988281,0,0.009991645812988281
0,-0.5,-245.32130432128906,-0.009991645812988281,0,0.0
0,-0.4990060329437256,-245.8203103542328,0.000993967056274414,0,0.000993967056274414
0,-0.4979982376098633,-246.31830859184265,0.0010077953338623047,1,0.0020017623901367188
0,-0.49800586700439453,-246.81631445884705,-7.62939453125e-06,0,0.0019941329956054688
0,-0.4996490478515625,-247.3159635066986,-0.0016431808471679688,1,0.0003509521484375
0,-0.49456095695495605,-247.81052446365356,0.005088090896606445,0,0.005439043045043945
0,-0.4989292621612549,-248.30945372581482,-0.004368305206298828,1,0.0010707378387451172
0,-0.4979853630065918,-248.8074390888214,0.0009438991546630859,0,0.002014636993408203
0,-0.5,-249.3074390888214,-0.002014636993408203,1,0.0
0,-0.5,-249.8074390888214,0.0,0,0.0
0,-0.5,-250.3074390888214,0.0,1,0.0
0,-0.4978494644165039,-250.80528855323792,0.0021505355834960938,0,0.0021505355834960938
0,-0.4999120235443115,-251.30520057678223,-0.002062559127807617,1,8.797645568847656e-05
0,-0.5,-251.80520057678223,-8.797645568847656e-05,0,0.0
0,-0.5,-252.30520057678223,0.0,0,0.0
0,-0.5,-252.80520057678223,0.0,0,0.0
0,-0.4990370273590088,-253.30423760414124,0.0009629726409912109,1,0.0009629726409912109
0,-0.49851512908935547,-253.8027527332306,0.0005218982696533203,0,0.0014848709106445312
0,-0.5,-254.3027527332306,-0.0014848709106445312,1,0.0
0,-0.48833656311035156,-254.79108929634094,0.011663436889648438,0,0.011663436889648438
0,-0.5,-255.29108929634094,-0.011663436889648438,1,0.0
0,-0.4980049133300781,-255.78909420967102,0.001995086669921875,0,0.001995086669921875
0,-0.4989469051361084,-256.28804111480713,-0.0009419918060302734,0,0.0010530948638916016
0,-0.5,-256.78804111480713,-0.0010530948638916016,0,0.0
0,-0.5,-257.28804111480713,0.0,1,0.0
0,-0.49811697006225586,-257.7861580848694,0.0018830299377441406,0,0.0018830299377441406
0,-0.5,-258.2861580848694,-0.0018830299377441406,1,0.0
0,-0.5,-258.7861580848694,0.0,0,0.0
0,-0.49892687797546387,-259.28508496284485,0.0010731220245361328,0,0.0010731220245361328
0,-0.5,-259.78508496284485,-0.0010731220245361328,0,0.0
0,-0.5,-260.28508496284485,0.0,0,0.0
0,-0.5,-260.78508496284485,0.0,0,0.0
0,-0.5,-261.28508496284485,0.0,0,0.0
0,-0.4950072765350342,-261.7800922393799,0.00499272346496582,0,0.00499272346496582
0,-0.5,-262.2800922393799,-0.00499272346496582,0,0.0
0,-0.49729418754577637,-262.77738642692566,0.002705812454223633,0,0.002705812454223633
0,-0.5,-263.27738642692566,-0.002705812454223633,1,0.0
0,-0.49900007247924805,-263.7763864994049,0.0009999275207519531,0,0.0009999275207519531
0,-0.5,-264.2763864994049,-0.0009999275207519531,1,0.0
0,-0.49523377418518066,-264.7716202735901,0.004766225814819336,0,0.004766225814819336
0,-0.5,-265.2716202735901,-0.004766225814819336,1,0.0
0,-0.5,-265.7716202735901,0.0,0,0.0
0,-0.4990041255950928,-266.2706243991852,0.0009958744049072266,0,0.0009958744049072266
0,-0.4996311664581299,-266.7702555656433,-0.0006270408630371094,0,0.0003688335418701172
0,-0.49924492835998535,-267.2695004940033,0.00038623809814453125,0,0.0007550716400146484
0,-0.4989798069000244,-267.7684803009033,0.0002651214599609375,0,0.001020193099975586
0,-0.5,-268.2684803009033,-0.001020193099975586,0,0.0
0,-0.5,-268.7684803009033,0.0,0,0.0
0,-0.5,-269.2684803009033,0.0,1,0.0
0,-0.5,-269.7684803009033,0.0,0,0.0
0,-0.5,-270.2684803009033,0.0,0,0.0
0,-0.5,-270.7684803009033,0.0,0,0.0
0,-0.5,-271.2684803009033,0.0,0,0.0
0,-0.5,-271.7684803009033,0.0,0,0.0
0,-0.4990072250366211,-272.26748752593994,0.0009927749633789062,0,0.0009927749633789062
0,-0.49900221824645996,-272.7664897441864,5.0067901611328125e-06,0,0.000997781753540039
0,-0.5,-273.2664897441864,-0.000997781753540039,1,0.0
0,-0.5,-273.7664897441864,0.0,0,0.0
0,-0.5,-274.2664897441864,0.0,0,0.0
0,-0.4990100860595703,-274.765499830246,0.0009899139404296875,0,0.0009899139404296875
0,-0.5,-275.265499830246,-0.0009899139404296875,0,0.0
0,-0.49895191192626953,-275.76445174217224,0.0010480880737304688,0,0.0010480880737304688
0,-0.4989967346191406,-276.2634484767914,-4.482269287109375e-05,1,0.001003265380859375
0,-0.49799442291259766,-276.761442899704,0.0010023117065429688,0,0.0020055770874023438
0,-0.5,-277.261442899704,-0.0020055770874023438,0,0.0
0,-0.49806785583496094,-277.75951075553894,0.0019321441650390625,0,0.0019321441650390625
0,-0.5,-278.25951075553894,-0.0019321441650390625,1,0.0
0,-0.5,-278.75951075553894,0.0,0,0.0
0,-0.5,-279.25951075553894,0.0,1,0.0
0,-0.4934732913970947,-279.75298404693604,0.0065267086029052734,0,0.0065267086029052734
0,-0.5,-280.25298404693604,-0.0065267086029052734,1,0.0
0,-0.5,-280.75298404693604,0.0,0,0.0
0,-0.5,-281.25298404693604,0.0,0,0.0
0,-0.49899888038635254,-281.7519829273224,0.001001119613647461,0,0.001001119613647461
0,-0.49900007247924805,-282.25098299980164,-1.1920928955078125e-06,1,0.0009999275207519531
0,-0.4960167407989502,-282.7469997406006,0.0029833316802978516,0,0.003983259201049805
0,-0.5,-283.2469997406006,-0.003983259201049805,0,0.0
0,-0.4993102550506592,-283.74630999565125,0.0006897449493408203,0,0.0006897449493408203
0,-0.4996170997619629,-284.2459270954132,-0.00030684471130371094,0,0.0003829002380371094
0,-0.49927306175231934,-284.7452001571655,0.0003440380096435547,0,0.0007269382476806641
0,-0.4988679885864258,-285.24406814575195,0.0004050731658935547,1,0.0011320114135742188
0,-0.4926903247833252,-285.7367584705353,0.006177663803100586,0,0.007309675216674805
0,-0.5,-286.2367584705353,-0.007309675216674805,1,0.0
0,-0.49900150299072266,-286.735759973526,0.0009984970092773438,0,0.0009984970092773438
0,-0.5,-287.235759973526,-0.0009984970092773438,2,0.0
0,-0.5,-287.735759973526,0.0,1,0.0
0,-0.49500536918640137,-288.2307653427124,0.004994630813598633,0,0.004994630813598633
0,-0.5,-288.7307653427124,-0.004994630813598633,0,0.0
0,-0.4989051818847656,-289.22967052459717,0.001094818115234375,1,0.001094818115234375
0,-0.4990508556365967,-289.72872138023376,-0.0001456737518310547,0,0.0009491443634033203
0,-0.5,-290.22872138023376,-0.0009491443634033203,1,0.0
0,-0.5,-290.72872138023376,0.0,0,0.0
0,-0.4989891052246094,-291.2277104854584,0.001010894775390625,0,0.001010894775390625
0,-0.4979393482208252,-291.7256498336792,0.0010497570037841797,0,0.0020606517791748047
0,-0.4987521171569824,-292.2244019508362,-0.0008127689361572266,0,0.0012478828430175781
0,-0.498992919921875,-292.72339487075806,-0.00024080276489257812,0,0.001007080078125
0,-0.49846744537353516,-293.2218623161316,0.0005254745483398438,0,0.0015325546264648438
0,-0.5,-293.7218623161316,-0.0015325546264648438,0,0.0
0,-0.5,-294.2218623161316,0.0,0,0.0
0,-0.4979367256164551,-294.71979904174805,0.002063274383544922,0,0.002063274383544922
0,-0.5,-295.21979904174805,-0.002063274383544922,1,0.0
0,-0.5,-295.71979904174805,0.0,0,0.0
0,-0.49892520904541016,-296.21872425079346,0.0010747909545898438,1,0.0010747909545898438
0,-0.49457859992980957,-296.71330285072327,0.004346609115600586,0,0.00542140007019043
0,-0.4992372989654541,-297.2125401496887,-0.004658699035644531,1,0.0007627010345458984
0,-0.4979972839355469,-297.71053743362427,0.0012400150299072266,0,0.002002716064453125
0,-0.49989891052246094,-298.21043634414673,-0.0019016265869140625,2,0.0001010894775390625
0,-0.49003076553344727,-298.7004671096802,0.009868144989013672,1,0.009969234466552734
0,-0.48903775215148926,-299.18950486183167,0.0009930133819580078,0,0.010962247848510742
0,-0.5,-299.68950486183167,-0.010962247848510742,0,0.0
0,-0.5,-300.18950486183167,0.0,1,0.0
0,-0.4989914894104004,-300.68849635124207,0.0010085105895996094,0,0.0010085105895996094
0,-0.5,-301.18849635124207,-0.0010085105895996094,1,0.0
0,-0.5,-301.68849635124207,0.0,0,0.0
0,-0.5,-302.18849635124207,0.0,0,0.0
0,-0.5,-302.68849635124207,0.0,0,0.0
0,-0.5,-303.18849635124207,0.0,1,0.0
0,-0.49800562858581543,-303.6865019798279,0.0019943714141845703,0,0.0019943714141845703
0,-0.5,-304.1865019798279,-0.0019943714141845703,2,0.0
0,-0.49515867233276367,-304.68166065216064,0.004841327667236328,1,0.004841327667236328
0,-0.49515867233276367,-305.1768193244934,0.0,0,0.004841327667236328
0,-0.5,-305.6768193244934,-0.004841327667236328,0,0.0
0,-0.5,-306.1768193244934,0.0,0,0.0
0,-0.5,-306.6768193244934,0.0,0,0.0
0,-0.5,-307.1768193244934,0.0,1,0.0
0,-0.4968748092651367,-307.67369413375854,0.0031251907348632812,0,0.0031251907348632812
0,-0.4994673728942871,-308.17316150665283,-0.0025925636291503906,1,0.0005326271057128906
0,-0.49789929389953613,-308.67106080055237,0.0015680789947509766,0,0.002100706100463867
0,-0.5,-309.17106080055237,-0.002100706100463867,0,0.0
0,-0.5,-309.67106080055237,0.0,0,0.0
0,-0.5,-310.17106080055237,0.0,1,0.0
0,-0.4943578243255615,-310.66541862487793,0.0056421756744384766,0,0.0056421756744384766
0,-0.5,-311.16541862487793,-0.0056421756744384766,1,0.0
0,-0.4978013038635254,-311.66321992874146,0.0021986961364746094,0,0.0021986961364746094
0,-0.5,-312.16321992874146,-0.0021986961364746094,0,0.0
0,-0.5,-312.66321992874146,0.0,0,0.0
0,-0.5,-313.16321992874146,0.0,1,0.0
0,-0.4978923797607422,-313.6611123085022,0.0021076202392578125,0,0.0021076202392578125
0,-0.4990050792694092,-314.1601173877716,-0.0011126995086669922,1,0.0009949207305908203
0,-0.4989461898803711,-314.659063577652,5.888938903808594e-05,0,0.0010538101196289062
0,-0.4979846477508545,-315.15704822540283,0.0009615421295166016,0,0.002015352249145508
0,-0.4989473819732666,-315.6559956073761,-0.0009627342224121094,0,0.0010526180267333984
0,-0.5,-316.1559956073761,-0.0010526180267333984,1,0.0
0,-0.4994344711303711,-316.65543007850647,0.0005655288696289062,0,0.0005655288696289062
0,-0.5,-317.15543007850647,-0.0005655288696289062,1,0.0
0,-0.49900269508361816,-317.6544327735901,0.000997304916381836,0,0.000997304916381836
0,-0.5,-318.1544327735901,-0.000997304916381836,0,0.0
0,-0.4993278980255127,-318.6537606716156,0.0006721019744873047,0,0.0006721019744873047
0,-0.5,-319.1537606716156,-0.0006721019744873047,0,0.0
0,-0.5,-319.6537606716156,0.0,0,0.0
0,-0.5,-320.1537606716156,0.0,0,0.0
0,-0.5,-320.6537606716156,0.0,0,0.0
0,-0.5,-321.1537606716156,0.0,1,0.0
0,-0.4946444034576416,-321.64840507507324,0.0053555965423583984,0,0.0053555965423583984
0,-0.5,-322.14840507507324,-0.0053555965423583984,0,0.0
0,-0.5,-322.64840507507324,0.0,0,0.0
0,-0.4990067481994629,-323.1474118232727,0.0009932518005371094,0,0.0009932518005371094
0,-0.5,-323.6474118232727,-0.0009932518005371094,0,0.0
0,-0.5,-324.1474118232727,0.0,1,0.0
0,-0.5,-324.6474118232727,0.0,0,0.0
0,-0.49892354011535645,-325.14633536338806,0.0010764598846435547,1,0.0010764598846435547
0,-0.49700045585632324,-325.6433358192444,0.0019230842590332031,0,0.002999544143676758
0,-0.4994933605194092,-326.1428291797638,-0.0024929046630859375,0,0.0005066394805908203
0,-0.49894142150878906,-326.6417706012726,0.0005519390106201172,0,0.0010585784912109375
0,-0.498399019241333,-327.1401696205139,0.0005424022674560547,1,0.0016009807586669922
0,-0.4993717670440674,-327.639541387558,-0.000972747802734375,0,0.0006282329559326172
0,-0.49900031089782715,-328.1385416984558,0.0003714561462402344,1,0.0009996891021728516
0,-0.49801063537597656,-328.6365523338318,0.000989675521850586,0,0.0019893646240234375
0,-0.5,-329.1365523338318,-0.0019893646240234375,1,0.0
0,-0.49800992012023926,-329.634562253952,0.001990079879760742,0,0.001990079879760742
0,-0.49893903732299805,-330.133501291275,-0.0009291172027587891,0,0.0010609626770019531
0,-0.5,-330.633501291275,-0.0010609626770019531,0,0.0
0,-0.5,-331.133501291275,0.0,1,0.0
0,-0.5,-331.633501291275,0.0,0,0.0
0,-0.5,-332.133501291275,0.0,0,0.0
0,-0.4964876174926758,-332.6299889087677,0.0035123825073242188,0,0.0035123825073242188
0,-0.5,-333.1299889087677,-0.0035123825073242188,1,0.0
0,-0.4950416088104248,-333.6250305175781,0.004958391189575195,0,0.004958391189575195
0,-0.5,-334.1250305175781,-0.004958391189575195,0,0.0
0,-0.4996497631072998,-334.6246802806854,0.0003502368927001953,0,0.0003502368927001953
0,-0.49904680252075195,-335.1237270832062,0.0006029605865478516,0,0.0009531974792480469
0,-0.5,-335.6237270832062,-0.0009531974792480469,0,0.0
0,-0.5,-336.1237270832062,0.0,1,0.0
0,-0.4930105209350586,-336.61673760414124,0.006989479064941406,0,0.006989479064941406
0,-0.4981834888458252,-337.11492109298706,-0.0051729679107666016,0,0.0018165111541748047
0,-0.5,-337.61492109298706,-0.0018165111541748047,0,0.0
0,-0.5,-338.11492109298706,0.0,1,0.0
0,-0.49900078773498535,-338.61392188072205,0.0009992122650146484,0,0.0009992122650146484
0,-0.49948763847351074,-339.11340951919556,-0.0004868507385253906,1,0.0005123615264892578
0,-0.49948763847351074,-339.61289715766907,0.0,0,0.0005123615264892578
0,-0.49898362159729004,-340.11188077926636,0.0005040168762207031,1,0.001016378402709961
0,-0.4970667362213135,-340.60894751548767,0.0019168853759765625,0,0.0029332637786865234
0,-0.5,-341.10894751548767,-0.0029332637786865234,0,0.0
0,-0.4979984760284424,-341.6069459915161,0.002001523971557617,0,0.002001523971557617
0,-0.5,-342.1069459915161,-0.002001523971557617,1,0.0
0,-0.49478602409362793,-342.60173201560974,0.00521397590637207,0,0.00521397590637207
0,-0.49965739250183105,-343.1013894081116,-0.004871368408203125,1,0.0003426074981689453
0,-0.5,-343.6013894081116,-0.0003426074981689453,0,0.0
0,-0.5,-344.1013894081116,0.0,0,0.0
0,-0.5,-344.6013894081116,0.0,0,0.0
0,-0.5,-345.1013894081116,0.0,1,0.0
0,-0.49588561058044434,-345.597275018692,0.004114389419555664,0,0.004114389419555664
0,-0.5,-346.097275018692,-0.004114389419555664,0,0.0
0,-0.4989814758300781,-346.5962564945221,0.001018524169921875,0,0.001018524169921875
0,-0.49897146224975586,-347.09522795677185,1.0013580322265625e-05,1,0.0010285377502441406
0,-0.4979991912841797,-347.59322714805603,0.0009722709655761719,0,0.0020008087158203125
0,-0.5,-348.09322714805603,-0.0020008087158203125,1,0.0
0,-0.4923739433288574,-348.5856010913849,0.007626056671142578,0,0.007626056671142578
0,-0.5,-349.0856010913849,-0.007626056671142578,1,0.0
0,-0.4979414939880371,-349.5835425853729,0.0020585060119628906,0,0.0020585060119628906
0,-0.5,-350.0835425853729,-0.0020585060119628906,1,0.0
0,-0.4927213191986084,-350.57626390457153,0.0072786808013916016,0,0.0072786808013916016
0,-0.5,-351.07626390457153,-0.0072786808013916016,0,0.0
0,-0.49926018714904785,-351.5755240917206,0.0007398128509521484,0,0.0007398128509521484
0,-0.5,-352.0755240917206,-0.0007398128509521484,1,0.0
0,-0.498002290725708,-352.5735263824463,0.001997709274291992,0,0.001997709274291992
0,-0.4994924068450928,-353.0730187892914,-0.0014901161193847656,0,0.0005075931549072266
0,-0.5,-353.5730187892914,-0.0005075931549072266,0,0.0
0,-0.5,-354.0730187892914,0.0,1,0.0
0,-0.4985349178314209,-354.5715537071228,0.0014650821685791016,0,0.0014650821685791016
0,-0.5,-355.0715537071228,-0.0014650821685791016,1,0.0
0,-0.49800610542297363,-355.5695598125458,0.001993894577026367,0,0.001993894577026367
0,-0.5,-356.0695598125458,-0.001993894577026367,0,0.0
0,-0.5,-356.5695598125458,0.0,0,0.0
0,-0.5,-357.0695598125458,0.0,0,0.0
0,-0.4989500045776367,-357.5685098171234,0.0010499954223632812,0,0.0010499954223632812
0,-0.5,-358.0685098171234,-0.0010499954223632812,0,0.0
0,-0.5,-358.5685098171234,0.0,0,0.0
0,-0.5,-359.0685098171234,0.0,1,0.0
0,-0.49698519706726074,-359.5654950141907,0.003014802932739258,0,0.003014802932739258
0,-0.49900126457214355,-360.0644962787628,-0.0020160675048828125,0,0.0009987354278564453
0,-0.5,-360.5644962787628,-0.0009987354278564453,0,0.0
0,-0.5,-361.0644962787628,0.0,1,0.0
0,-0.49802732467651367,-361.56252360343933,0.001972675323486328,0,0.001972675323486328
0,-0.5,-362.06252360343933,-0.001972675323486328,1,0.0
0,-0.5,-362.56252360343933,0.0,0,0.0
0,-0.5,-363.06252360343933,0.0,0,0.0
0,-0.49900031089782715,-363.56152391433716,0.0009996891021728516,0,0.0009996891021728516
0,-0.5,-364.06152391433716,-0.0009996891021728516,0,0.0
0,-0.5,-364.56152391433716,0.0,0,0.0
0,-0.5,-365.06152391433716,0.0,0,0.0
0,-0.5,-365.56152391433716,0.0,0,0.0
0,-0.5,-366.06152391433716,0.0,0,0.0
0,-0.5,-366.56152391433716,0.0,0,0.0
0,-0.5,-367.06152391433716,0.0,1,0.0
0,-0.49755859375,-367.55908250808716,0.00244140625,0,0.00244140625
0,-0.5,-368.05908250808716,-0.00244140625,1,0.0
0,-0.49498462677001953,-368.5540671348572,0.005015373229980469,0,0.005015373229980469
0,-0.5,-369.0540671348572,-0.005015373229980469,0,0.0
0,-0.5,-369.5540671348572,0.0,0,0.0
0,-0.5,-370.0540671348572,0.0,0,0.0
0,-0.4998502731323242,-370.5539174079895,0.00014972686767578125,0,0.00014972686767578125
0,-0.49964141845703125,-371.05355882644653,0.00020885467529296875,0,0.00035858154296875
0,-0.4989969730377197,-371.55255579948425,0.0006444454193115234,0,0.0010030269622802734
0,-0.5,-372.05255579948425,-0.0010030269622802734,0,0.0
0,-0.4990115165710449,-372.5515673160553,0.0009884834289550781,1,0.0009884834289550781
0,-0.49801039695739746,-373.0495777130127,0.001001119613647461,0,0.001989603042602539
0,-0.5,-373.5495777130127,-0.001989603042602539,0,0.0
0,-0.5,-374.0495777130127,0.0,1,0.0
0,-0.4980039596557617,-374.54758167266846,0.0019960403442382812,0,0.0019960403442382812
0,-0.49948811531066895,-375.0470697879791,-0.0014841556549072266,0,0.0005118846893310547
0,-0.5,-375.5470697879791,-0.0005118846893310547,0,0.0
0,-0.49900126457214355,-376.04607105255127,0.0009987354278564453,0,0.0009987354278564453
0,-0.5,-376.54607105255127,-0.0009987354278564453,0,0.0
0,-0.5,-377.04607105255127,0.0,1,0.0
0,-0.4974641799926758,-377.54353523254395,0.0025358200073242188,0,0.0025358200073242188
0,-0.5,-378.04353523254395,-0.0025358200073242188,1,0.0
0,-0.49808621406555176,-378.5416214466095,0.0019137859344482422,0,0.0019137859344482422
0,-0.5,-379.0416214466095,-0.0019137859344482422,1,0.0
0,-0.49869346618652344,-379.540314912796,0.0013065338134765625,0,0.0013065338134765625
0,-0.5,-380.040314912796,-0.0013065338134765625,1,0.0
0,-0.5,-380.540314912796,0.0,0,0.0
0,-0.49904346466064453,-381.03935837745667,0.0009565353393554688,0,0.0009565353393554688
0,-0.4990043640136719,-381.53836274147034,3.910064697265625e-05,0,0.000995635986328125
0,-0.499316930770874,-382.0376796722412,-0.00031256675720214844,1,0.0006830692291259766
0,-0.499316930770874,-382.5369966030121,0.0,0,0.0006830692291259766
0,-0.5,-383.0369966030121,-0.0006830692291259766,1,0.0
0,-0.49900078773498535,-383.53599739074707,0.0009992122650146484,0,0.0009992122650146484
0,-0.49898529052734375,-384.0349826812744,1.5497207641601562e-05,0,0.00101470947265625
0,-0.49602818489074707,-384.53101086616516,0.0029571056365966797,0,0.00397181510925293
0,-0.5,-385.03101086616516,-0.00397181510925293,1,0.0
0,-0.5,-385.53101086616516,0.0,0,0.0
0,-0.4990508556365967,-386.03006172180176,0.0009491443634033203,0,0.0009491443634033203
0,-0.4977290630340576,-386.5277907848358,0.0013217926025390625,0,0.002270936965942383
0,-0.5,-387.0277907848358,-0.002270936965942383,1,0.0
0,-0.49806880950927734,-387.5258595943451,0.0019311904907226562,0,0.0019311904907226562
0,-0.4994974136352539,-388.02535700798035,-0.0014286041259765625,1,0.0005025863647460938
0,-0.5,-388.52535700798035,-0.0005025863647460938,0,0.0
0,-0.5,-389.02535700798035,0.0,1,0.0
0,-0.5,-389.52535700798035,0.0,0,0.0
0,-0.5,-390.02535700798035,0.0,1,0.0
0,-0.4929201602935791,-390.5182771682739,0.0070798397064208984,0,0.0070798397064208984
0,-0.5,-391.0182771682739,-0.0070798397064208984,1,0.0
0,-0.499004602432251,-391.5172817707062,0.0009953975677490234,0,0.0009953975677490234
0,-0.5,-392.0172817707062,-0.0009953975677490234,0,0.0
0,-0.4957270622253418,-392.5130088329315,0.004272937774658203,0,0.004272937774658203
0,-0.5,-393.0130088329315,-0.004272937774658203,0,0.0
0,-0.4949018955230713,-393.5079107284546,0.005098104476928711,0,0.005098104476928711
0,-0.49959468841552734,-394.0075054168701,-0.004692792892456055,0,0.00040531158447265625
0,-0.5,-394.5075054168701,-0.00040531158447265625,0,0.0
0,-0.5,-395.0075054168701,0.0,0,0.0
0,-0.5,-395.5075054168701,0.0,0,0.0
0,-0.5,-396.0075054168701,0.0,1,0.0
0,-0.49900293350219727,-396.5065083503723,0.0009970664978027344,0,0.0009970664978027344
0,-0.5,-397.0065083503723,-0.0009970664978027344,0,0.0
0,-0.5,-397.5065083503723,0.0,0,0.0
0,-0.5,-398.0065083503723,0.0,1,0.0
0,-0.5,-398.5065083503723,0.0,0,0.0
0,-0.5,-399.0065083503723,0.0,0,0.0
0,-0.49958229064941406,-399.50609064102173,0.0004177093505859375,0,0.0004177093505859375
0,-0.5,-400.00609064102173,-0.0004177093505859375,1,0.0
0,-0.49767398834228516,-400.503764629364,0.0023260116577148438,0,0.0023260116577148438
0,-0.5,-401.003764629364,-0.0023260116577148438,0,0.0
0,-0.5,-401.503764629364,0.0,0,0.0
0,-0.5,-402.003764629364,0.0,0,0.0
0,-0.5,-402.503764629364,0.0,0,0.0
0,-0.49894094467163086,-403.00270557403564,0.0010590553283691406,1,0.0010590553283691406
0,-0.4980003833770752,-403.5007059574127,0.0009405612945556641,0,0.0019996166229248047
0,-0.5,-404.0007059574127,-0.0019996166229248047,1,0.0
0,-0.499004602432251,-404.49971055984497,0.0009953975677490234,0,0.0009953975677490234
0,-0.5,-404.99971055984497,-0.0009953975677490234,1,0.0
0,-0.5,-405.49971055984497,0.0,0,0.0
0,-0.4983854293823242,-405.9980959892273,0.0016145706176757812,1,0.0016145706176757812
0,-0.49765729904174805,-406.49575328826904,0.0007281303405761719,0,0.002342700958251953
0,-0.4989769458770752,-406.9947302341461,-0.0013196468353271484,1,0.0010230541229248047
0,-0.49800729751586914,-407.492737531662,0.0009696483612060547,0,0.0019927024841308594
0,-0.5,-407.992737531662,-0.0019927024841308594,1,0.0
0,-0.5,-408.492737531662,0.0,0,0.0
0,-0.5,-408.992737531662,0.0,1,0.0
0,-0.4990065097808838,-409.49174404144287,0.000993490219116211,0,0.000993490219116211
0,-0.5,-409.99174404144287,-0.000993490219116211,1,0.0
0,-0.4989438056945801,-410.49068784713745,0.0010561943054199219,0,0.0010561943054199219
0,-0.5,-410.99068784713745,-0.0010561943054199219,1,0.0
0,-0.5,-411.49068784713745,0.0,0,0.0
0,-0.5,-411.99068784713745,0.0,1,0.0
0,-0.5,-412.49068784713745,0.0,0,0.0
0,-0.5,-412.99068784713745,0.0,1,0.0
0,-0.5,-413.49068784713745,0.0,0,0.0
0,-0.4998159408569336,-413.9905037879944,0.00018405914306640625,0,0.00018405914306640625
0,-0.5,-414.4905037879944,-0.00018405914306640625,0,0.0
0,-0.49900007247924805,-414.98950386047363,0.0009999275207519531,1,0.0009999275207519531
0,-0.5,-415.48950386047363,-0.0009999275207519531,0,0.0
0,-0.4997220039367676,-415.9892258644104,0.0002779960632324219,1,0.0002779960632324219
0,-0.5,-416.4892258644104,-0.0002779960632324219,0,0.0
0,-0.5,-416.9892258644104,0.0,0,0.0
0,-0.4981553554534912,-417.4873812198639,0.001844644546508789,0,0.001844644546508789
0,-0.5,-417.9873812198639,-0.001844644546508789,0,0.0
0,-0.5,-418.4873812198639,0.0,0,0.0
0,-0.49872827529907227,-418.98610949516296,0.0012717247009277344,0,0.0012717247009277344
0,-0.49900317192077637,-419.48511266708374,-0.00027489662170410156,0,0.0009968280792236328
0,-0.5,-419.98511266708374,-0.0009968280792236328,0,0.0
0,-0.5,-420.48511266708374,0.0,0,0.0
0,-0.4996926784515381,-420.9848053455353,0.00030732154846191406,0,0.00030732154846191406
0,-0.5,-421.4848053455353,-0.00030732154846191406,0,0.0
0,-0.5,-421.9848053455353,0.0,0,0.0
0,-0.5,-422.4848053455353,0.0,0,0.0
0,-0.4989964962005615,-422.98380184173584,0.0010035037994384766,0,0.0010035037994384766
0,-0.497997522354126,-423.48179936408997,0.0009989738464355469,0,0.0020024776458740234
0,-0.5,-423.98179936408997,-0.0020024776458740234,0,0.0
0,-0.5,-424.48179936408997,0.0,0,0.0
0,-0.4989140033721924,-424.98071336746216,0.0010859966278076172,0,0.0010859966278076172
0,-0.4994962215423584,-425.4802095890045,-0.0005822181701660156,0,0.0005037784576416016
0,-0.4999125003814697,-425.980122089386,-0.0004162788391113281,1,8.749961853027344e-05
0,-0.4989314079284668,-426.47905349731445,0.0009810924530029297,0,0.0010685920715332031
0,-0.5,-426.97905349731445,-0.0010685920715332031,1,0.0
0,-0.5,-427.47905349731445,0.0,0,0.0
0,-0.5,-427.97905349731445,0.0,1,0.0
0,-0.4983634948730469,-428.4774169921875,0.001636505126953125,0,0.001636505126953125
0,-0.4989030361175537,-428.97632002830505,-0.0005395412445068359,1,0.001096963882446289
0,-0.5,-429.47632002830505,-0.001096963882446289,0,0.0
0,-0.49936842918395996,-429.975688457489,0.0006315708160400391,1,0.0006315708160400391
0,-0.49837660789489746,-430.4740650653839,0.0009918212890625,0,0.001623392105102539
0,-0.4989337921142578,-430.97299885749817,-0.0005571842193603516,1,0.0010662078857421875
0,-0.49678683280944824,-431.4697856903076,0.0021469593048095703,0,0.003213167190551758
0,-0.5,-431.9697856903076,-0.003213167190551758,0,0.0
0,-0.49529099464416504,-432.4650766849518,0.004709005355834961,0,0.004709005355834961
0,-0.5,-432.9650766849518,-0.004709005355834961,1,0.0
0,-0.49900293350219727,-433.464079618454,0.0009970664978027344,0,0.0009970664978027344
0,-0.5,-433.964079618454,-0.0009970664978027344,0,0.0
0,-0.4989814758300781,-434.46306109428406,0.001018524169921875,0,0.001018524169921875
0,-0.49948692321777344,-434.96254801750183,-0.0005054473876953125,1,0.0005130767822265625
0,-0.49750542640686035,-435.4600534439087,0.001981496810913086,0,0.0024945735931396484
0,-0.4979836940765381,-435.95803713798523,-0.0004782676696777344,1,0.002016305923461914
0,-0.4980618953704834,-436.4560990333557,-7.82012939453125e-05,0,0.0019381046295166016
0,-0.5,-436.9560990333557,-0.0019381046295166016,1,0.0
0,-0.49849390983581543,-437.4545929431915,0.0015060901641845703,0,0.0015060901641845703
0,-0.5,-437.9545929431915,-0.0015060901641845703,1,0.0
0,-0.4989335536956787,-438.4535264968872,0.001066446304321289,0,0.001066446304321289
0,-0.5,-438.9535264968872,-0.001066446304321289,0,0.0
0,-0.49906373023986816,-439.4525902271271,0.0009362697601318359,0,0.0009362697601318359
0,-0.5,-439.9525902271271,-0.0009362697601318359,0,0.0
0,-0.4989969730377197,-440.4515872001648,0.0010030269622802734,0,0.0010030269622802734
0,-0.5,-440.9515872001648,-0.0010030269622802734,0,0.0
0,-0.5,-441.4515872001648,0.0,0,0.0
0,-0.49900221824645996,-441.95058941841125,0.000997781753540039,1,0.000997781753540039
0,-0.4990081787109375,-442.4495975971222,-5.9604644775390625e-06,0,0.0009918212890625
0,-0.5,-442.9495975971222,-0.0009918212890625,1,0.0
0,-0.5,-443.4495975971222,0.0,0,0.0
0,-0.4994316101074219,-443.9490292072296,0.000568389892578125,0,0.000568389892578125
0,-0.4989199638366699,-444.4479491710663,0.0005116462707519531,0,0.0010800361633300781
0,-0.499006986618042,-444.9469561576843,-8.702278137207031e-05,0,0.0009930133819580078
0,-0.4989888668060303,-445.44594502449036,1.811981201171875e-05,0,0.0010111331939697266
0,-0.5,-445.94594502449036,-0.0010111331939697266,1,0.0
0,-0.5,-446.44594502449036,0.0,0,0.0
0,-0.4988749027252197,-446.9448199272156,0.0011250972747802734,0,0.0011250972747802734
0,-0.5,-447.4448199272156,-0.0011250972747802734,0,0.0
0,-0.5,-447.9448199272156,0.0,0,0.0
0,-0.5,-448.4448199272156,0.0,0,0.0
0,-0.49897265434265137,-448.9437925815582,0.0010273456573486328,1,0.0010273456573486328
0,-0.4980123043060303,-449.44180488586426,0.0009603500366210938,0,0.0019876956939697266
0,-0.5,-449.94180488586426,-0.0019876956939697266,1,0.0
0,-0.49739623069763184,-450.4392011165619,0.002603769302368164,0,0.002603769302368164
0,-0.5,-450.9392011165619,-0.002603769302368164,0,0.0
0,-0.49898624420166016,-451.43818736076355,0.0010137557983398438,0,0.0010137557983398438
0,-0.5,-451.93818736076355,-0.0010137557983398438,0,0.0
0,-0.5,-452.43818736076355,0.0,0,0.0
0,-0.5,-452.93818736076355,0.0,0,0.0
0,-0.5,-453.43818736076355,0.0,0,0.0
0,-0.5,-453.93818736076355,0.0,1,0.0
0,-0.49900078773498535,-454.43718814849854,0.0009992122650146484,0,0.0009992122650146484
0,-0.5,-454.93718814849854,-0.0009992122650146484,1,0.0
0,-0.5,-455.43718814849854,0.0,0,0.0
0,-0.5,-455.93718814849854,0.0,0,0.0
0,-0.5,-456.43718814849854,0.0,0,0.0
0,-0.499492883682251,-456.9366810321808,0.0005071163177490234,1,0.0005071163177490234
0,-0.4984931945800781,-457.43517422676086,0.0009996891021728516,0,0.001506805419921875
0,-0.4989900588989258,-457.9341642856598,-0.0004968643188476562,1,0.0010099411010742188
0,-0.4968111515045166,-458.4309754371643,0.0021789073944091797,0,0.0031888484954833984
0,-0.5,-458.9309754371643,-0.0031888484954833984,1,0.0
0,-0.49860692024230957,-459.4295823574066,0.0013930797576904297,0,0.0013930797576904297
0,-0.49896764755249023,-459.9285500049591,-0.00036072731018066406,1,0.0010323524475097656
0,-0.49697113037109375,-460.4255211353302,0.0019965171813964844,0,0.00302886962890625
0,-0.4982585906982422,-460.92377972602844,-0.0012874603271484375,0,0.0017414093017578125
0,-0.49892759323120117,-461.42270731925964,-0.0006690025329589844,0,0.0010724067687988281
0,-0.5,-461.92270731925964,-0.0010724067687988281,0,0.0
0,-0.4990086555480957,-462.42171597480774,0.0009913444519042969,0,0.0009913444519042969
0,-0.5,-462.92171597480774,-0.0009913444519042969,1,0.0
0,-0.5,-463.42171597480774,0.0,0,0.0
0,-0.4989957809448242,-463.92071175575256,0.0010042190551757812,0,0.0010042190551757812
0,-0.5,-464.42071175575256,-0.0010042190551757812,0,0.0
0,-0.4997279644012451,-464.9204397201538,0.0002720355987548828,0,0.0002720355987548828
0,-0.4989027976989746,-465.4193425178528,0.0008251667022705078,0,0.0010972023010253906
0,-0.5,-465.9193425178528,-0.0010972023010253906,0,0.0
0,-0.49899959564208984,-466.4183421134949,0.0010004043579101562,0,0.0010004043579101562
0,-0.5,-466.9183421134949,-0.0010004043579101562,1,0.0
0,-0.5,-467.4183421134949,0.0,0,0.0
0,-0.4989278316497803,-467.91726994514465,0.0010721683502197266,1,0.0010721683502197266
0,-0.4967327117919922,-468.41400265693665,0.002195119857788086,0,0.0032672882080078125
0,-0.4991157054901123,-468.91311836242676,-0.002382993698120117,0,0.0008842945098876953
0,-0.5,-469.41311836242676,-0.0008842945098876953,0,0.0
0,-0.4996304512023926,-469.91274881362915,0.0003695487976074219,0,0.0003695487976074219
0,-0.49916768074035645,-470.4119164943695,0.0004627704620361328,0,0.0008323192596435547
0,-0.4989936351776123,-470.9109101295471,0.00017404556274414062,0,0.0010063648223876953
0,-0.4977140426635742,-471.4086241722107,0.001279592514038086,0,0.0022859573364257812
0,-0.5,-471.9086241722107,-0.0022859573364257812,0,0.0
0,-0.5,-472.4086241722107,0.0,0,0.0
0,-0.49900388717651367,-472.9076280593872,0.0009961128234863281,0,0.0009961128234863281
0,-0.49900174140930176,-473.4066298007965,2.1457672119140625e-06,0,0.0009982585906982422
0,-0.4994966983795166,-473.906126499176,-0.0004949569702148438,1,0.0005033016204833984
0,-0.4984927177429199,-474.40461921691895,0.0010039806365966797,0,0.0015072822570800781
0,-0.5,-474.90461921691895,-0.0015072822570800781,0,0.0
0,-0.5,-475.40461921691895,0.0,0,0.0
0,-0.5,-475.90461921691895,0.0,0,0.0
0,-0.5,-476.40461921691895,0.0,0,0.0
0,-0.4984853267669678,-476.9031045436859,0.0015146732330322266,1,0.0015146732330322266
0,-0.4978752136230469,-477.40097975730896,0.0006101131439208984,0,0.002124786376953125
0,-0.5,-477.90097975730896,-0.002124786376953125,1,0.0
0,-0.5,-478.40097975730896,0.0,0,0.0
0,-0.5,-478.90097975730896,0.0,0,0.0
0,-0.49879932403564453,-479.3997790813446,0.0012006759643554688,0,0.0012006759643554688
0,-0.5,-479.8997790813446,-0.0012006759643554688,1,0.0
0,-0.49681758880615234,-480.39659667015076,0.0031824111938476562,0,0.0031824111938476562
0,-0.498990535736084,-480.89558720588684,-0.0021729469299316406,0,0.0010094642639160156
0,-0.4987051486968994,-481.39429235458374,0.0002853870391845703,0,0.001294851303100586
0,-0.5,-481.89429235458374,-0.001294851303100586,1,0.0
0,-0.5,-482.39429235458374,0.0,0,0.0
0,-0.49948835372924805,-482.893780708313,0.0005116462707519531,1,0.0005116462707519531
0,-0.4989960193634033,-483.3927767276764,0.0004923343658447266,0,0.0010039806365966797
0,-0.5,-483.8927767276764,-0.0010039806365966797,1,0.0
0,-0.5,-484.3927767276764,0.0,0,0.0
0,-0.49915599822998047,-484.8919327259064,0.0008440017700195312,0,0.0008440017700195312
0,-0.5,-485.3919327259064,-0.0008440017700195312,0,0.0
0,-0.49933719635009766,-485.89126992225647,0.0006628036499023438,0,0.0006628036499023438
0,-0.5,-486.39126992225647,-0.0006628036499023438,0,0.0
0,-0.49913644790649414,-486.89040637016296,0.0008635520935058594,1,0.0008635520935058594
0,-0.49797868728637695,-487.38838505744934,0.0011577606201171875,0,0.002021312713623047
0,-0.5,-487.88838505744934,-0.002021312713623047,1,0.0
0,-0.4986593723297119,-488.38704442977905,0.001340627670288086,0,0.001340627670288086
0,-0.49948883056640625,-488.88653326034546,-0.0008294582366943359,0,0.00051116943359375
0,-0.5,-489.38653326034546,-0.00051116943359375,0,0.0
0,-0.5,-489.88653326034546,0.0,0,0.0
0,-0.5,-490.38653326034546,0.0,0,0.0
0,-0.499035120010376,-490.88556838035583,0.0009648799896240234,1,0.0009648799896240234
0,-0.49893832206726074,-491.3845067024231,9.679794311523438e-05,0,0.0010616779327392578
0,-0.5,-491.8845067024231,-0.0010616779327392578,1,0.0
0,-0.5,-492.3845067024231,0.0,0,0.0
0,-0.49952077865600586,-492.8840274810791,0.0004792213439941406,0,0.0004792213439941406
0,-0.5,-493.3840274810791,-0.0004792213439941406,0,0.0
0,-0.5,-493.8840274810791,0.0,1,0.0
0,-0.4973173141479492,-494.38134479522705,0.0026826858520507812,0,0.0026826858520507812
0,-0.5,-494.88134479522705,-0.0026826858520507812,1,0.0
0,-0.49786806106567383,-495.3792128562927,0.002131938934326172,0,0.002131938934326172
0,-0.4989478588104248,-495.87816071510315,-0.0010797977447509766,1,0.0010521411895751953
0,-0.4967818260192871,-496.37494254112244,0.0021660327911376953,0,0.0032181739807128906
0,-0.49928879737854004,-496.874231338501,-0.0025069713592529297,1,0.0007112026214599609
0,-0.49908971786499023,-497.37332105636597,0.0001990795135498047,0,0.0009102821350097656
0,-0.49908876419067383,-497.87240982055664,9.5367431640625e-07,1,0.0009112358093261719
0,-0.4979228973388672,-498.3703327178955,0.0011658668518066406,0,0.0020771026611328125
0,-0.5,-498.7237374782562,-0.0020771026611328125,1,0.0
0,-0.5,-499.0781879425049,0.0,0,0.0
0,-0.4989948272705078,-499.0771827697754,0.0010051727294921875,0,0.0010051727294921875
0,-0.498992919921875,-499.07617568969727,1.9073486328125e-06,0,0.001007080078125
0,-0.4989926815032959,-499.07516837120056,2.384185791015625e-07,0,0.0010073184967041016
0,-0.49877333641052246,-499.0739417076111,0.0002193450927734375,0,0.001226663589477539
0,-0.5,-499.0739417076111,-0.001226663589477539,0,0.0
0,-0.5,-499.074857711792,0.0,0,0.0
0,-0.5,-499.078542470932,0.0,0,0.0
0,-0.5,-499.0796277523041,0.0,0,0.0
0,-0.5,-499.08169770240784,0.0,0,0.0
0,-0.49724912643432617,-499.07894682884216,0.002750873565673828,0,0.002750873565673828
0,-0.498990535736084,-499.07994532585144,-0.0017414093017578125,1,0.0010094642639160156
0,-0.49799513816833496,-499.0779404640198,0.0009953975677490234,0,0.002004861831665039
0,-0.5,-499.07893776893616,-0.002004861831665039,0,0.0
0,-0.4994933605194092,-499.07843112945557,0.0005066394805908203,0,0.0005066394805908203
0,-0.5,-499.07843112945557,-0.0005066394805908203,1,0.0
0,-0.4973413944244385,-499.07577252388,0.0026586055755615234,0,0.0026586055755615234
0,-0.4989151954650879,-499.0751898288727,-0.001573801040649414,1,0.0010848045349121094
0,-0.4966108798980713,-499.07180070877075,0.0023043155670166016,0,0.003389120101928711
0,-0.49993467330932617,-499.07372856140137,-0.003323793411254883,1,6.532669067382812e-05
0,-0.49947071075439453,-499.07319927215576,0.0004639625549316406,0,0.0005292892456054688
0,-0.5,-499.07319927215576,-0.0005292892456054688,1,0.0
0,-0.4979066848754883,-499.07110595703125,0.0020933151245117188,0,0.0020933151245117188
0,-0.5,-499.07110595703125,-0.0020933151245117188,0,0.0
0,-0.49898791313171387,-499.07009387016296,0.0010120868682861328,0,0.0010120868682861328
0,-0.4995441436767578,-499.0696380138397,-0.0005562305450439453,0,0.0004558563232421875
0,-0.5,-499.0696380138397,-0.0004558563232421875,0,0.0
0,-0.5,-499.0696380138397,0.0,1,0.0
0,-0.49899768829345703,-499.0686357021332,0.0010023117065429688,0,0.0010023117065429688
0,-0.49886417388916016,-499.0681822299957,0.000133514404296875,0,0.0011358261108398438
0,-0.4989445209503174,-499.0681324005127,-8.034706115722656e-05,0,0.0010554790496826172
0,-0.4995846748352051,-499.06972885131836,-0.0006401538848876953,0,0.0004153251647949219
0,-0.5,-499.0760757923126,-0.0004153251647949219,0,0.0
0,-0.4989771842956543,-499.0750529766083,0.0010228157043457031,1,0.0010228157043457031
0,-0.498368501663208,-499.0734214782715,0.0006086826324462891,0,0.0016314983367919922
0,-0.5,-499.0734214782715,-0.0016314983367919922,1,0.0
0,-0.5,-499.0744197368622,0.0,0,0.0
0,-0.5,-499.07541847229004,0.0,0,0.0
0,-0.499645471572876,-499.0750639438629,0.00035452842712402344,0,0.00035452842712402344
0,-0.4997580051422119,-499.0748219490051,-0.0001125335693359375,1,0.00024199485778808594
0,-0.49794745445251465,-499.07276940345764,0.0018105506896972656,0,0.0020525455474853516
0,-0.5,-499.07276940345764,-0.0020525455474853516,0,0.0
0,-0.5,-499.0736126899719,0.0,1,0.0
0,-0.5,-499.0736126899719,0.0,1,0.0
0,-0.4964442253112793,-499.0747797489166,0.003555774688720703,0,0.003555774688720703
0,-0.5,-499.0772988796234,-0.003555774688720703,0,0.0
0,-0.5,-499.0772988796234,0.0,0,0.0
0,-0.49899721145629883,-499.07710814476013,0.0010027885437011719,1,0.0010027885437011719
0,-0.4977574348449707,-499.07541275024414,0.001239776611328125,0,0.002242565155029297
0,-0.5,-499.07541275024414,-0.002242565155029297,1,0.0
0,-0.4962480068206787,-499.0727217197418,0.003751993179321289,0,0.003751993179321289
0,-0.49944305419921875,-499.07216477394104,-0.003195047378540039,1,0.00055694580078125
0,-0.5,-499.07216477394104,-0.00055694580078125,0,0.0
0,-0.49967241287231445,-499.07289147377014,0.0003275871276855469,0,0.0003275871276855469
0,-0.5,-499.07289147377014,-0.0003275871276855469,0,0.0
0,-0.5,-499.0738682746887,0.0,0,0.0
0,-0.5,-499.0738682746887,0.0,1,0.0
0,-0.4994974136352539,-499.073365688324,0.0005025863647460938,0,0.0005025863647460938
0,-0.5,-499.0748028755188,-0.0005025863647460938,0,0.0
0,-0.49898338317871094,-499.077189207077,0.0010166168212890625,1,0.0010166168212890625
0,-0.4979856014251709,-499.0751748085022,0.000997781753540039,0,0.0020143985748291016
0,-0.5,-499.0751748085022,-0.0020143985748291016,1,0.0
0,-0.4972224235534668,-499.07239723205566,0.002777576446533203,0,0.002777576446533203
0,-0.4989798069000244,-499.0723900794983,-0.0017573833465576172,1,0.001020193099975586
0,-0.49800896644592285,-499.0703990459442,0.0009708404541015625,0,0.0019910335540771484
0,-0.49892163276672363,-499.06932067871094,-0.0009126663208007812,0,0.0010783672332763672
0,-0.4978139400482178,-499.06713461875916,0.0011076927185058594,0,0.0021860599517822266
0,-0.5,-499.06713461875916,-0.0021860599517822266,0,0.0
0,-0.5,-499.06713461875916,0.0,0,0.0
0,-0.49898314476013184,-499.0661177635193,0.001016855239868164,0,0.001016855239868164
0,-0.49898743629455566,-499.06612491607666,-4.291534423828125e-06,1,0.001012563705444336
0,-0.4948234558105469,-499.0609483718872,0.004163980484008789,0,0.005176544189453125
0,-0.4992189407348633,-499.06087470054626,-0.004395484924316406,0,0.0007810592651367188
0,-0.5,-499.06087470054626,-0.0007810592651367188,1,0.0
0,-0.5,-499.06087470054626,0.0,0,0.0
0,-0.4990553855895996,-499.05993008613586,0.0009446144104003906,1,0.0009446144104003906
0,-0.49695515632629395,-499.05783319473267,0.002100229263305664,0,0.0030448436737060547
0,-0.5,-499.05783319473267,-0.0030448436737060547,1,0.0
0,-0.5,-499.05783319473267,0.0,0,0.0
0,-0.49898838996887207,-499.05733013153076,0.0010116100311279297,1,0.0010116100311279297
0,-0.4980127811431885,-499.05636167526245,0.0009756088256835938,0,0.0019872188568115234
0,-0.5,-499.05742859840393,-0.0019872188568115234,0,0.0
0,-0.5,-499.05742859840393,0.0,0,0.0
0,-0.49948692321777344,-499.05876636505127,0.0005130767822265625,1,0.0005130767822265625
0,-0.49712157249450684,-499.0558879375458,0.0023653507232666016,0,0.002878427505493164
0,-0.5,-499.0558879375458,-0.002878427505493164,1,0.0
0,-0.4958682060241699,-499.05175614356995,0.004131793975830078,0,0.004131793975830078
0,-0.4990811347961426,-499.0508372783661,-0.0032129287719726562,1,0.0009188652038574219
0,-0.49855685234069824,-499.0493941307068,0.0005242824554443359,0,0.0014431476593017578
0,-0.5,-499.0493941307068,-0.0014431476593017578,1,0.0
0,-0.4979588985443115,-499.0483465194702,0.0020411014556884766,0,0.0020411014556884766
0,-0.4990077018737793,-499.0493438243866,-0.0010488033294677734,1,0.0009922981262207031
0,-0.4968717098236084,-499.0462155342102,0.0021359920501708984,0,0.0031282901763916016
0,-0.5,-499.04719495773315,-0.0031282901763916016,1,0.0
0,-0.5,-499.04719495773315,0.0,0,0.0
0,-0.5,-499.0481939315796,0.0,1,0.0
0,-0.49899744987487793,-499.04719138145447,0.0010025501251220703,0,0.0010025501251220703
0,-0.5,-499.04819989204407,-0.0010025501251220703,1,0.0
0,-0.5,-499.04874634742737,0.0,0,0.0
0,-0.49900126457214355,-499.0496242046356,0.0009987354278564453,0,0.0009987354278564453
0,-0.49827146530151367,-499.04889726638794,0.0007297992706298828,0,0.0017285346984863281
0,-0.49900245666503906,-499.047899723053,-0.0007309913635253906,1,0.0009975433349609375
0,-0.49718308448791504,-499.0450828075409,0.0018193721771240234,0,0.002816915512084961
0,-0.4993245601654053,-499.0444073677063,-0.0021414756774902344,1,0.0006754398345947266
0,-0.4986567497253418,-499.04306411743164,0.0006678104400634766,0,0.0013432502746582031
0,-0.49989819526672363,-499.04296231269836,-0.001241445541381836,0,0.00010180473327636719
0,-0.49886393547058105,-499.0428204536438,0.0010342597961425781,0,0.0011360645294189453
0,-0.49821019172668457,-499.0410306453705,0.0006537437438964844,1,0.0017898082733154297
0,-0.5,-499.0410306453705,-0.0017898082733154297,0,0.0
0,-0.4989786148071289,-499.0400092601776,0.0010213851928710938,1,0.0010213851928710938
0,-0.49661850929260254,-499.0377013683319,0.002360105514526367,0,0.003381490707397461
0,-0.499497652053833,-499.0388607978821,-0.0028791427612304688,1,0.0005023479461669922
0,-0.4989783763885498,-499.03974771499634,0.0005192756652832031,0,0.0010216236114501953
0,-0.5,-499.03974771499634,-0.0010216236114501953,1,0.0
0,-0.4980010986328125,-499.03774881362915,0.0019989013671875,0,0.0019989013671875
0,-0.5,-499.03874135017395,-0.0019989013671875,1,0.0
0,-0.4968705177307129,-499.036495923996,0.0031294822692871094,0,0.0031294822692871094
0,-0.5,-499.036495923996,-0.0031294822692871094,0,0.0
0,-0.49948978424072266,-499.0359857082367,0.0005102157592773438,0,0.0005102157592773438
0,-0.5,-499.0359857082367,-0.0005102157592773438,0,0.0
0,-0.49936342239379883,-499.0366473197937,0.0006365776062011719,0,0.0006365776062011719
0,-0.5,-499.03765845298767,-0.0006365776062011719,0,0.0
0,-0.5,-499.03966546058655,0.0,0,0.0
0,-0.5,-499.03966546058655,0.0,1,0.0
0,-0.5,-499.03966546058655,0.0,0,0.0
0,-0.49984049797058105,-499.04055976867676,0.0001595020294189453,0,0.0001595020294189453
0,-0.5,-499.04055976867676,-0.0001595020294189453,0,0.0
0,-0.5,-499.0420482158661,0.0,1,0.0
0,-0.4994971752166748,-499.0456998348236,0.0005028247833251953,0,0.0005028247833251953
0,-0.5,-499.0466396808624,-0.0005028247833251953,0,0.0
0,-0.5,-499.0471477508545,0.0,0,0.0
0,-0.5,-499.0471477508545,0.0,0,0.0
0,-0.4995863437652588,-499.05499958992004,0.00041365623474121094,0,0.00041365623474121094
0,-0.5,-499.05499958992004,-0.00041365623474121094,0,0.0
0,-0.4995589256286621,-499.0555715560913,0.0004410743713378906,0,0.0004410743713378906
0,-0.5,-499.0555715560913,-0.0004410743713378906,1,0.0
0,-0.4970080852508545,-499.05257964134216,0.002991914749145508,0,0.002991914749145508
0,-0.49903082847595215,-499.0516104698181,-0.0020227432250976562,1,0.0009691715240478516
0,-0.4980125427246094,-499.05013823509216,0.0010182857513427734,0,0.001987457275390625
0,-0.4994971752166748,-499.0506601333618,-0.0014846324920654297,1,0.0005028247833251953
0,-0.49933528900146484,-499.05100202560425,0.00016188621520996094,0,0.0006647109985351562
0,-0.5,-499.05100202560425,-0.0006647109985351562,0,0.0
0,-0.49417972564697266,-499.0461993217468,0.005820274353027344,0,0.005820274353027344
0,-0.5,-499.0461993217468,-0.005820274353027344,1,0.0
0,-0.5,-499.0461993217468,0.0,0,0.0
0,-0.4989278316497803,-499.04606199264526,0.0010721683502197266,0,0.0010721683502197266
0,-0.4990050792694092,-499.0578393936157,-7.724761962890625e-05,0,0.0009949207305908203
0,-0.5,-499.05891394615173,-0.0009949207305908203,1,0.0
0,-0.49726271629333496,-499.05717420578003,0.002737283706665039,0,0.002737283706665039
0,-0.49898648262023926,-499.0602149963379,-0.0017237663269042969,1,0.0010135173797607422
0,-0.4977731704711914,-499.05899834632874,0.0012133121490478516,0,0.0022268295288085938
0,-0.4988877773284912,-499.0578861236572,-0.0011146068572998047,1,0.001112222671508789
0,-0.49773192405700684,-499.05561804771423,0.001155853271484375,0,0.002268075942993164
0,-0.5,-499.05561804771423,-0.002268075942993164,1,0.0
0,-0.5,-499.05661153793335,0.0,0,0.0
0,-0.5,-499.05661153793335,0.0,1,0.0
0,-0.5,-499.0622556209564,0.0,0,0.0
0,-0.4989199638366699,-499.0616090297699,0.0010800361633300781,0,0.0010800361633300781
0,-0.49927353858947754,-499.0612769126892,-0.0003535747528076172,0,0.0007264614105224609
0,-0.49897003173828125,-499.06134557724,0.00030350685119628906,1,0.00102996826171875
0,-0.49739551544189453,-499.0637800693512,0.0015745162963867188,0,0.0026044845581054688
0,-0.5,-499.0637800693512,-0.0026044845581054688,1,0.0
0,-0.5,-499.0637800693512,0.0,0,0.0
0,-0.5,-499.0637800693512,0.0,1,0.0
0,-0.4990057945251465,-499.06378293037415,0.0009942054748535156,0,0.0009942054748535156
0,-0.5,-499.06378293037415,-0.0009942054748535156,1,0.0
0,-0.5,-499.0647876262665,0.0,0,0.0
0,-0.5,-499.0647876262665,0.0,1,0.0
0,-0.4989919662475586,-499.065833568573,0.0010080337524414062,0,0.0010080337524414062
0,-0.49894261360168457,-499.0652849674225,4.935264587402344e-05,1,0.0010573863983154297
0,-0.49706292152404785,-499.06234788894653,0.0018796920776367188,0,0.0029370784759521484
0,-0.5,-499.06234788894653,-0.0029370784759521484,1,0.0
0,-0.49800848960876465,-499.06290435791016,0.0019915103912353516,0,0.0019915103912353516
0,-0.5,-499.06290435791016,-0.0019915103912353516,1,0.0
0,-0.5,-499.0639147758484,0.0,0,0.0
0,-0.4997572898864746,-499.06367206573486,0.00024271011352539062,1,0.00024271011352539062
0,-0.5,-499.0639271736145,-0.00024271011352539062,0,0.0
0,-0.5,-499.0649983882904,0.0,1,0.0
0,-0.49834775924682617,-499.0636944770813,0.0016522407531738281,0,0.0016522407531738281
0,-0.5,-499.0636944770813,-0.0016522407531738281,0,0.0
0,-0.5,-499.0636944770813,0.0,0,0.0
0,-0.49797677993774414,-499.0624911785126,0.0020232200622558594,1,0.0020232200622558594
0,-0.4959561824798584,-499.0602037906647,0.002020597457885742,0,0.0040438175201416016
0,-0.4990382194519043,-499.0592420101166,-0.0030820369720458984,1,0.0009617805480957031
0,-0.49731922149658203,-499.0575649738312,0.0017189979553222656,0,0.0026807785034179688
0,-0.5,-499.0575649738312,-0.0026807785034179688,0,0.0
0,-0.5,-499.05897188186646,0.0,0,0.0
0,-0.5,-499.0599889755249,0.0,1,0.0
0,-0.4994466304779053,-499.06183791160583,0.0005533695220947266,0,0.0005533695220947266
0,-0.5,-499.0628709793091,-0.0005533695220947266,0,0.0
0,-0.5,-499.0648648738861,0.0,0,0.0
0,-0.5,-499.0648648738861,0.0,0,0.0
0,-0.49949121475219727,-499.0643560886383,0.0005087852478027344,0,0.0005087852478027344
0,-0.4989931583404541,-499.063853263855,0.0004980564117431641,1,0.0010068416595458984
0,-0.4979979991912842,-499.06185126304626,0.0009951591491699219,0,0.0020020008087158203
0,-0.5,-499.06286096572876,-0.0020020008087158203,0,0.0
0,-0.4994969367980957,-499.0644094944,0.0005030632019042969,0,0.0005030632019042969
0,-0.5,-499.0654344558716,-0.0005030632019042969,0,0.0
0,-0.5,-499.06743144989014,0.0,0,0.0
0,-0.5,-499.06743144989014,0.0,1,0.0
0,-0.4989142417907715,-499.06808495521545,0.0010857582092285156,0,0.0010857582092285156
0,-0.5,-499.0684230327606,-0.0010857582092285156,1,0.0
0,-0.49890565872192383,-499.0698058605194,0.0010943412780761719,0,0.0010943412780761719
0,-0.49962592124938965,-499.0694317817688,-0.0007202625274658203,1,0.00037407875061035156
0,-0.4985802173614502,-499.06900548934937,0.0010457038879394531,0,0.0014197826385498047
0,-0.5,-499.0710699558258,-0.0014197826385498047,0,0.0
0,-0.5,-499.0710699558258,0.0,0,0.0
0,-0.5,-499.0716154575348,0.0,0,0.0
0,-0.4976348876953125,-499.07025623321533,0.0023651123046875,0,0.0023651123046875
0,-0.49894237518310547,-499.06919860839844,-0.0013074874877929688,0,0.0010576248168945312
0,-0.49903273582458496,-499.068231344223,-9.036064147949219e-05,0,0.0009672641754150391
0,-0.5,-499.06874322891235,-0.0009672641754150391,1,0.0
0,-0.4994978904724121,-499.06824111938477,0.0005021095275878906,0,0.0005021095275878906
0,-0.5,-499.06824111938477,-0.0005021095275878906,1,0.0
0,-0.49900174140930176,-499.06824827194214,0.0009982585906982422,0,0.0009982585906982422
0,-0.5,-499.0687596797943,-0.0009982585906982422,0,0.0
0,-0.4988071918487549,-499.0696222782135,0.0011928081512451172,0,0.0011928081512451172
0,-0.5,-499.0696222782135,-0.0011928081512451172,0,0.0
0,-0.49800586700439453,-499.06862711906433,0.0019941329956054688,0,0.0019941329956054688
0,-0.49900054931640625,-499.06862330436707,-0.0009946823120117188,0,0.00099945068359375
0,-0.4969654083251953,-499.0675792694092,0.0020351409912109375,0,0.0030345916748046875
0,-0.5,-499.0675792694092,-0.0030345916748046875,0,0.0
0,-0.49899721145629883,-499.0665764808655,0.0010027885437011719,0,0.0010027885437011719
0,-0.49910426139831543,-499.0656807422638,-0.00010704994201660156,0,0.0008957386016845703
0,-0.5,-499.0656807422638,-0.0008957386016845703,0,0.0
0,-0.498981237411499,-499.0646619796753,0.0010187625885009766,1,0.0010187625885009766
0,-0.4977884292602539,-499.06245040893555,0.0011928081512451172,0,0.0022115707397460938
0,-0.5,-499.06245040893555,-0.0022115707397460938,0,0.0
0,-0.4989807605743408,-499.0644164085388,0.0010192394256591797,0,0.0010192394256591797
0,-0.498990535736084,-499.0634069442749,-9.775161743164062e-06,0,0.0010094642639160156
0,-0.499004602432251,-499.0646231174469,-1.4066696166992188e-05,0,0.0009953975677490234
0,-0.5,-499.0646231174469,-0.0009953975677490234,1,0.0
0,-0.49900031089782715,-499.0636234283447,0.0009996891021728516,0,0.0009996891021728516
0,-0.5,-499.064635515213,-0.0009996891021728516,0,0.0
0,-0.5,-499.0666251182556,0.0,0,0.0
0,-0.4994924068450928,-499.0661175251007,0.0005075931549072266,1,0.0005075931549072266
0,-0.4989955425262451,-499.07134103775024,0.0004968643188476562,0,0.0010044574737548828
0,-0.5,-499.07134103775024,-0.0010044574737548828,0,0.0
0,-0.5,-499.07184410095215,0.0,0,0.0
0,-0.49798107147216797,-499.070827960968,0.0020189285278320312,1,0.0020189285278320312
0,-0.4977297782897949,-499.0753057003021,0.0002512931823730469,0,0.002270221710205078
0,-0.4990048408508301,-499.0753433704376,-0.0012750625610351562,0,0.0009951591491699219
0,-0.4979987144470215,-499.07632422447205,0.0010061264038085938,0,0.0020012855529785156
0,-0.5,-499.07733821868896,-0.0020012855529785156,1,0.0
0,-0.4973161220550537,-499.0756506919861,0.002683877944946289,0,0.002683877944946289
0,-0.4988710880279541,-499.0755805969238,-0.0015549659729003906,1,0.0011289119720458984
0,-0.4978303909301758,-499.07541728019714,0.0010406970977783203,0,0.0021696090698242188
0,-0.5,-499.0764365196228,-0.0021696090698242188,1,0.0
0,-0.5,-499.0795114040375,0.0,0,0.0
0,-0.5,-499.0795114040375,0.0,0,0.0
0,-0.5,-499.0795114040375,0.0,0,0.0
0,-0.4999110698699951,-499.07942247390747,8.893013000488281e-05,0,8.893013000488281e-05
0,-0.4994633197784424,-499.0788857936859,0.0004477500915527344,0,0.0005366802215576172
0,-0.5,-499.07998490333557,-0.0005366802215576172,0,0.0
0,-0.49893975257873535,-499.0811331272125,0.0010602474212646484,0,0.0010602474212646484
0,-0.5,-499.0811331272125,-0.0010602474212646484,0,0.0
0,-0.49899721145629883,-499.08519077301025,0.0010027885437011719,0,0.0010027885437011719
0,-0.5,-499.08519077301025,-0.0010027885437011719,0,0.0
0,-0.49916553497314453,-499.0843563079834,0.0008344650268554688,0,0.0008344650268554688
0,-0.49898266792297363,-499.0842807292938,0.00018286705017089844,1,0.0010173320770263672
0,-0.49787163734436035,-499.0851893424988,0.0011110305786132812,0,0.0021283626556396484
0,-0.5,-499.0851893424988,-0.0021283626556396484,1,0.0
0,-0.4989180564880371,-499.0842797756195,0.0010819435119628906,0,0.0010819435119628906
0,-0.5,-499.0852870941162,-0.0010819435119628906,1,0.0
0,-0.5,-499.09127950668335,0.0,0,0.0
0,-0.5,-499.09330677986145,0.0,0,0.0
0,-0.49900293350219727,-499.0952672958374,0.0009970664978027344,0,0.0009970664978027344
0,-0.5,-499.09628319740295,-0.0009970664978027344,1,0.0
0,-0.49806666374206543,-499.09799551963806,0.0019333362579345703,0,0.0019333362579345703
0,-0.5,-499.09799551963806,-0.0019333362579345703,0,0.0
0,-0.48443007469177246,-499.08342266082764,0.015569925308227539,0,0.015569925308227539
0,-0.5,-499.084424495697,-0.015569925308227539,1,0.0
0,-0.5,-499.0873472690582,0.0,0,0.0
0,-0.5,-499.0873472690582,0.0,0,0.0
0,-0.49893808364868164,-499.0862853527069,0.0010619163513183594,0,0.0010619163513183594
0,-0.5,-499.0862853527069,-0.0010619163513183594,1,0.0
0,-0.4978940486907959,-499.0841794013977,0.0021059513092041016,0,0.0021059513092041016
0,-0.5,-499.08618998527527,-0.0021059513092041016,0,0.0
0,-0.5,-499.0882863998413,0.0,0,0.0
0,-0.5,-499.0882863998413,0.0,0,0.0
0,-0.5,-499.0892803668976,0.0,0,0.0
0,-0.5,-499.0892803668976,0.0,1,0.0
0,-0.5,-499.0896739959717,0.0,0,0.0
0,-0.49893665313720703,-499.0886106491089,0.0010633468627929688,0,0.0010633468627929688
0,-0.4993171691894531,-499.08792781829834,-0.00038051605224609375,0,0.000682830810546875
0,-0.49898648262023926,-499.0869143009186,0.0003306865692138672,0,0.0010135173797607422
0,-0.4993288516998291,-499.0877649784088,-0.00034236907958984375,0,0.0006711483001708984
0,-0.5,-499.0877649784088,-0.0006711483001708984,1,0.0
0,-0.49907875061035156,-499.08684372901917,0.0009212493896484375,0,0.0009212493896484375
0,-0.5,-499.08684372901917,-0.0009212493896484375,1,0.0
0,-0.5,-499.08684372901917,0.0,0,0.0
0,-0.5,-499.08684372901917,0.0,1,0.0
0,-0.5,-499.08684372901917,0.0,0,0.0
0,-0.4997401237487793,-499.08658385276794,0.0002598762512207031,0,0.0002598762512207031
0,-0.5,-499.09213614463806,-0.0002598762512207031,0,0.0
0,-0.4997837543487549,-499.0919198989868,0.0002162456512451172,0,0.0002162456512451172
0,-0.5,-499.09291672706604,-0.0002162456512451172,0,0.0
0,-0.5,-499.09291672706604,0.0,0,0.0
0,-0.5,-499.0948507785797,0.0,0,0.0
0,-0.4989495277404785,-499.0938003063202,0.0010504722595214844,0,0.0010504722595214844
0,-0.5,-499.0941684246063,-0.0010504722595214844,0,0.0
0,-0.49892592430114746,-499.09309434890747,0.001074075698852539,0,0.001074075698852539
0,-0.49698972702026367,-499.09130334854126,0.001936197280883789,0,0.003010272979736328
0,-0.5,-499.0923457145691,-0.003010272979736328,1,0.0
0,-0.4980032444000244,-499.09210181236267,0.001996755599975586,0,0.001996755599975586
0,-0.49893736839294434,-499.0910391807556,-0.0009341239929199219,0,0.001062631607055664
0,-0.49900269508361816,-499.0915746688843,-6.532669067382812e-05,0,0.000997304916381836
0,-0.5,-499.0922541618347,-0.000997304916381836,0,0.0
0,-0.5,-499.0934245586395,0.0,0,0.0
0,-0.5,-499.0934245586395,0.0,1,0.0
0,-0.5,-499.0943326950073,0.0,0,0.0
0,-0.49897122383117676,-499.093816280365,0.0010287761688232422,0,0.0010287761688232422
0,-0.4979550838470459,-499.0927574634552,0.0010161399841308594,0,0.0020449161529541016
0,-0.49921488761901855,-499.0919723510742,-0.0012598037719726562,0,0.0007851123809814453
0,-0.5,-499.09296894073486,-0.0007851123809814453,0,0.0
0,-0.4989962577819824,-499.09196519851685,0.0010037422180175781,1,0.0010037422180175781
0,-0.4936525821685791,-499.0856177806854,0.00534367561340332,0,0.0063474178314208984
0,-0.5,-499.0856177806854,-0.0063474178314208984,0,0.0
0,-0.5,-499.08661556243896,0.0,0,0.0
0,-0.5,-499.08661556243896,0.0,1,0.0
0,-0.49794769287109375,-499.08456325531006,0.00205230712890625,0,0.00205230712890625
0,-0.4989943504333496,-499.0835576057434,-0.0010466575622558594,1,0.0010056495666503906
0,-0.49797511100769043,-499.0815327167511,0.0010192394256591797,0,0.0020248889923095703
0,-0.5,-499.0816876888275,-0.0020248889923095703,0,0.0
0,-0.5,-499.0816876888275,0.0,0,0.0
0,-0.5,-499.0816876888275,0.0,1,0.0
0,-0.4983377456665039,-499.0820233821869,0.0016622543334960938,0,0.0016622543334960938
0,-0.5,-499.0820233821869,-0.0016622543334960938,1,0.0
0,-0.5,-499.0820233821869,0.0,0,0.0
0,-0.4999196529388428,-499.08287715911865,8.034706115722656e-05,0,8.034706115722656e-05
0,-0.5,-499.0848081111908,-8.034706115722656e-05,0,0.0
0,-0.4989161491394043,-499.0837242603302,0.0010838508605957031,0,0.0010838508605957031
0,-0.49684643745422363,-499.0805706977844,0.002069711685180664,0,0.003153562545776367
0,-0.5,-499.0805706977844,-0.003153562545776367,0,0.0
0,-0.49907684326171875,-499.0826382637024,0.00092315673828125,0,0.00092315673828125
0,-0.4989187717437744,-499.0825569629669,0.00015807151794433594,0,0.001081228256225586
0,-0.4970364570617676,-499.081013917923,0.001882314682006836,0,0.002963542938232422
0,-0.4994962215423584,-499.08051013946533,-0.0024597644805908203,1,0.0005037784576416016
0,-0.4994962215423584,-499.0800063610077,0.0,0,0.0005037784576416016
0,-0.5,-499.081027507782,-0.0005037784576416016,1,0.0
0,-0.5,-499.0832612514496,0.0,0,0.0
0,-0.4990055561065674,-499.08226680755615,0.0009944438934326172,0,0.0009944438934326172
0,-0.49947452545166016,-499.0817413330078,-0.00046896934509277344,0,0.0005254745483398438
0,-0.5,-499.0817413330078,-0.0005254745483398438,0,0.0
0,-0.49899888038635254,-499.08074021339417,0.001001119613647461,0,0.001001119613647461
0,-0.5,-499.08074021339417,-0.001001119613647461,1,0.0
0,-0.49768853187561035,-499.0784287452698,0.0023114681243896484,0,0.0023114681243896484
0,-0.49887514114379883,-499.0778753757477,-0.0011866092681884766,0,0.0011248588562011719
0,-0.4988405704498291,-499.0788609981537,3.457069396972656e-05,0,0.0011594295501708984
0,-0.5,-499.0788609981537,-0.0011594295501708984,1,0.0
0,-0.5,-499.0798692703247,0.0,0,0.0
0,-0.5,-499.0798692703247,0.0,0,0.0
0,-0.5,-499.0809152126312,0.0,0,0.0
0,-0.5,-499.0809152126312,0.0,1,0.0
0,-0.4997999668121338,-499.08278489112854,0.00020003318786621094,0,0.00020003318786621094
0,-0.5,-499.0837993621826,-0.00020003318786621094,0,0.0
0,-0.5,-499.0864899158478,0.0,0,0.0
0,-0.5,-499.0864899158478,0.0,0,0.0
0,-0.49898481369018555,-499.08647418022156,0.0010151863098144531,0,0.0010151863098144531
0,-0.4989163875579834,-499.0859091281891,6.842613220214844e-05,1,0.0010836124420166016
0,-0.4980614185333252,-499.0839705467224,0.0008549690246582031,0,0.0019385814666748047
0,-0.5,-499.0839705467224,-0.0019385814666748047,1,0.0
0,-0.5,-499.08596992492676,0.0,0,0.0
0,-0.5,-499.08596992492676,0.0,1,0.0
0,-0.49863672256469727,-499.08460664749146,0.0013632774353027344,0,0.0013632774353027344
0,-0.4988977909088135,-499.08350443840027,-0.00026106834411621094,0,0.0011022090911865234
0,-0.5,-499.0845060348511,-0.0011022090911865234,0,0.0
0,-0.5,-499.0845060348511,0.0,0,0.0
0,-0.49900245666503906,-499.0835084915161,0.0009975433349609375,0,0.0009975433349609375
0,-0.5,-499.0835084915161,-0.0009975433349609375,1,0.0
0,-0.4966702461242676,-499.0826816558838,0.003329753875732422,0,0.003329753875732422
0,-0.49947524070739746,-499.0821568965912,-0.002804994583129883,0,0.0005247592926025391
0,-0.4990067481994629,-499.0816698074341,0.0004684925079345703,0,0.0009932518005371094
0,-0.5,-499.0816698074341,-0.0009932518005371094,1,0.0
0,-0.5,-499.0826647281647,0.0,0,0.0
0,-0.5,-499.0826647281647,0.0,1,0.0
0,-0.4973104000091553,-499.08300495147705,0.0026895999908447266,0,0.0026895999908447266
0,-0.4991452693939209,-499.08265256881714,-0.001834869384765625,0,0.0008547306060791016
0,-0.5,-499.0856456756592,-0.0008547306060791016,0,0.0
0,-0.5,-499.0856456756592,0.0,0,0.0
0,-0.5,-499.0866575241089,0.0,0,0.0
0,-0.5,-499.08768463134766,0.0,1,0.0
0,-0.5,-499.08967900276184,0.0,0,0.0
0,-0.498992919921875,-499.0886719226837,0.001007080078125,0,0.001007080078125
0,-0.5,-499.0886719226837,-0.001007080078125,0,0.0
0,-0.5,-499.0886719226837,0.0,1,0.0
0,-0.5,-499.0886719226837,0.0,0,0.0
0,-0.5,-499.0886719226837,0.0,1,0.0
0,-0.4981393814086914,-499.0868113040924,0.0018606185913085938,0,0.0018606185913085938
0,-0.49900054931640625,-499.0858118534088,-0.0008611679077148438,0,0.00099945068359375
0,-0.49412083625793457,-499.07993268966675,0.00487971305847168,0,0.00587916374206543
0,-0.5,-499.07993268966675,-0.00587916374206543,1,0.0
0,-0.5,-499.07993268966675,0.0,0,0.0
0,-0.498974084854126,-499.0789067745209,0.0010259151458740234,1,0.0010259151458740234
0,-0.4979555606842041,-499.0808789730072,0.001018524169921875,0,0.0020444393157958984
0,-0.5,-499.0808789730072,-0.0020444393157958984,1,0.0
0,-0.4970211982727051,-499.0784025192261,0.002978801727294922,0,0.002978801727294922
0,-0.498981237411499,-499.0773837566376,-0.0019600391387939453,1,0.0010187625885009766
0,-0.49800825119018555,-499.07738518714905,0.0009729862213134766,0,0.001991748809814453
0,-0.5,-499.07738518714905,-0.001991748809814453,0,0.0
0,-0.5,-499.0783977508545,0.0,0,0.0
0,-0.5,-499.0783977508545,0.0,1,0.0
0,-0.5,-499.0803906917572,0.0,0,0.0
0,-0.49896693229675293,-499.07935762405396,0.0010330677032470703,1,0.0010330677032470703
0,-0.49691033363342285,-499.0762679576874,0.002056598663330078,0,0.0030896663665771484
0,-0.4989774227142334,-499.0752453804016,-0.002067089080810547,0,0.0010225772857666016
0,-0.49817776679992676,-499.0887222290039,0.0007996559143066406,0,0.0018222332000732422
0,-0.49907875061035156,-499.0890169143677,-0.0009009838104248047,1,0.0009212493896484375
0,-0.4978315830230713,-499.0892312526703,0.0012471675872802734,0,0.002168416976928711
0,-0.5,-499.0892312526703,-0.002168416976928711,1,0.0
0,-0.48802709579467773,-499.07725834846497,0.011972904205322266,0,0.011972904205322266
0,-0.5,-499.07725834846497,-0.011972904205322266,1,0.0
0,-0.49706435203552246,-499.0743227005005,0.002935647964477539,0,0.002935647964477539
0,-0.4989922046661377,-499.0733149051666,-0.0019278526306152344,1,0.0010077953338623047
0,-0.49800705909729004,-499.07936000823975,0.0009851455688476562,0,0.001992940902709961
0,-0.5,-499.079598903656,-0.001992940902709961,1,0.0
0,-0.49907851219177246,-499.08124709129333,0.0009214878082275391,0,0.0009214878082275391
0,-0.498976469039917,-499.08022356033325,0.00010204315185546875,1,0.0010235309600830078
0,-0.49801087379455566,-499.08322978019714,0.0009655952453613281,0,0.001989126205444336
0,-0.5,-499.08373165130615,-0.001989126205444336,0,0.0
0,-0.5,-499.0855040550232,0.0,0,0.0
0,-0.5,-499.0855040550232,0.0,1,0.0
0,-0.5,-499.090448141098,0.0,0,0.0
0,-0.4989809989929199,-499.08942914009094,0.0010190010070800781,1,0.0010190010070800781
0,-0.49895238876342773,-499.0893762111664,2.86102294921875e-05,0,0.0010476112365722656
0,-0.5,-499.08982968330383,-0.0010476112365722656,1,0.0
0,-0.5,-499.09392738342285,0.0,0,0.0
0,-0.5,-499.09392738342285,0.0,1,0.0
0,-0.49949121475219727,-499.094357252121,0.0005087852478027344,0,0.0005087852478027344
0,-0.5,-499.0953640937805,-0.0005087852478027344,1,0.0
0,-0.5,-499.1011884212494,0.0,0,0.0
0,-0.5,-499.1011884212494,0.0,0,0.0
0,-0.4978199005126953,-499.0998468399048,0.0021800994873046875,0,0.0021800994873046875
0,-0.5,-499.1019093990326,-0.0021800994873046875,0,0.0
0,-0.49900341033935547,-499.10390400886536,0.0009965896606445312,0,0.0009965896606445312
0,-0.5,-499.10390400886536,-0.0009965896606445312,1,0.0
0,-0.5,-499.10390400886536,0.0,0,0.0
0,-0.4994981288909912,-499.10340213775635,0.0005018711090087891,0,0.0005018711090087891
0,-0.4984095096588135,-499.10181164741516,0.0010886192321777344,0,0.0015904903411865234
0,-0.5,-499.10181164741516,-0.0015904903411865234,0,0.0
0,-0.5,-499.1028096675873,0.0,0,0.0
0,-0.5,-499.1028096675873,0.0,0,0.0
0,-0.5,-499.1040086746216,0.0,0,0.0
0,-0.5,-499.1045663356781,0.0,0,0.0
0,-0.5,-499.1331367492676,0.0,0,0.0
0,-0.5,-499.1331367492676,0.0,0,0.0
0,-0.5,-499.1336772441864,0.0,0,0.0
0,-0.5,-499.1336772441864,0.0,1,0.0
0,-0.5,-499.1336772441864,0.0,0,0.0
0,-0.5,-499.1336772441864,0.0,1,0.0
0,-0.5,-499.1336772441864,0.0,0,0.0
0,-0.5,-499.1336772441864,0.0,0,0.0
0,-0.5,-499.1336772441864,0.0,0,0.0
0,-0.5,-499.13473439216614,0.0,1,0.0
0,-0.49907970428466797,-499.13577008247375,0.0009202957153320312,0,0.0009202957153320312
0,-0.5,-499.13702178001404,-0.0009202957153320312,0,0.0
0,-0.5,-499.14002203941345,0.0,0,0.0
0,-0.5,-499.14002203941345,0.0,1,0.0
0,-0.5,-499.14537262916565,0.0,0,0.0
0,-0.4997880458831787,-499.14538049697876,0.00021195411682128906,0,0.00021195411682128906
0,-0.5,-499.14538049697876,-0.00021195411682128906,0,0.0
0,-0.5,-499.14538049697876,0.0,0,0.0
0,-0.49800658226013184,-499.1433870792389,0.001993417739868164,0,0.001993417739868164
0,-0.49842262268066406,-499.1428134441376,-0.00041604042053222656,0,0.0015773773193359375
0,-0.5,-499.1428134441376,-0.0015773773193359375,0,0.0
0,-0.5,-499.1428134441376,0.0,1,0.0
0,-0.5,-499.1437544822693,0.0,0,0.0
0,-0.4995548725128174,-499.1433093547821,0.0004451274871826172,1,0.0004451274871826172
0,-0.49900054931640625,-499.14430046081543,0.0005543231964111328,0,0.00099945068359375
0,-0.4989750385284424,-499.1432754993439,2.5510787963867188e-05,1,0.0010249614715576172
0,-0.4980039596557617,-499.1417865753174,0.0009710788726806641,0,0.0019960403442382812
0,-0.5,-499.1417865753174,-0.0019960403442382812,0,0.0
0,-0.49898791313171387,-499.15075874328613,0.0010120868682861328,0,0.0010120868682861328
0,-0.5,-499.15175461769104,-0.0010120868682861328,1,0.0
0,-0.4968869686126709,-499.15063548088074,0.0031130313873291016,0,0.0031130313873291016
0,-0.49897003173828125,-499.1507480144501,-0.0020830631256103516,0,0.00102996826171875
0,-0.49698328971862793,-499.1478114128113,0.0019867420196533203,0,0.0030167102813720703
0,-0.5,-499.1483242511749,-0.0030167102813720703,1,0.0
0,-0.49900197982788086,-499.1484100818634,0.0009980201721191406,0,0.0009980201721191406
0,-0.4988522529602051,-499.1472623348236,0.00014972686767578125,1,0.0011477470397949219
0,-0.4988522529602051,-499.1492762565613,0.0,0,0.0011477470397949219
0,-0.4994199275970459,-499.1492168903351,-0.0005676746368408203,1,0.0005800724029541016
0,-0.4970588684082031,-499.1485929489136,0.0023610591888427734,0,0.002941131591796875
0,-0.5,-499.14961433410645,-0.002941131591796875,1,0.0
0,-0.4990053176879883,-499.15062975883484,0.0009946823120117188,0,0.0009946823120117188
0,-0.5,-499.15062975883484,-0.0009946823120117188,1,0.0
0,-0.4978957176208496,-499.1485254764557,0.0021042823791503906,0,0.0021042823791503906
0,-0.4994814395904541,-499.14800691604614,-0.0015857219696044922,0,0.0005185604095458984
0,-0.5,-499.15075421333313,-0.0005185604095458984,0,0.0
0,-0.4989290237426758,-499.1496832370758,0.0010709762573242188,0,0.0010709762573242188
0,-0.4989888668060303,-499.1586637496948,-5.984306335449219e-05,0,0.0010111331939697266
0,-0.5,-499.1586637496948,-0.0010111331939697266,1,0.0
0,-0.5,-499.1596577167511,0.0,0,0.0
0,-0.49897050857543945,-499.1606299877167,0.0010294914245605469,0,0.0010294914245605469
0,-0.5,-499.1626241207123,-0.0010294914245605469,1,0.0
0,-0.4979286193847656,-499.1609036922455,0.002071380615234375,0,0.002071380615234375
0,-0.5,-499.1663427352905,-0.002071380615234375,0,0.0
0,-0.5,-499.1674134731293,0.0,1,0.0
0,-0.5,-499.1694281101227,0.0,0,0.0
0,-0.5,-499.1694281101227,0.0,1,0.0
0,-0.5,-499.1694281101227,0.0,0,0.0
0,-0.5,-499.1694281101227,0.0,0,0.0
0,-0.5,-499.1715786457062,0.0,0,0.0
0,-0.4994833469390869,-499.17114996910095,0.0005166530609130859,2,0.0005166530609130859
0,-0.4938623905181885,-499.16501235961914,0.0056209564208984375,1,0.0061376094818115234
0,-0.49495553970336914,-499.1599678993225,-0.001093149185180664,0,0.005044460296630859
0,-0.49799370765686035,-499.15796160697937,-0.003038167953491211,0,0.0020062923431396484
0,-0.498429536819458,-499.1573541164398,-0.00043582916259765625,1,0.0015704631805419922
0,-0.4975576400756836,-499.15639662742615,0.0008718967437744141,0,0.0024423599243164062
0,-0.4990081787109375,-499.1554048061371,-0.0014505386352539062,0,0.0009918212890625
0,-0.49957847595214844,-499.1666467189789,-0.0005702972412109375,0,0.0004215240478515625
0,-0.4989204406738281,-499.1655671596527,0.0006580352783203125,1,0.001079559326171875
0,-0.4966552257537842,-499.1642174720764,0.0022652149200439453,0,0.0033447742462158203
0,-0.49903345108032227,-499.16430401802063,-0.002378225326538086,0,0.0009665489196777344
0,-0.5,-499.16430401802063,-0.0009665489196777344,0,0.0
0,-0.4990043640136719,-499.1633083820343,0.000995635986328125,0,0.000995635986328125
0,-0.49974942207336426,-499.1649408340454,-0.0007450580596923828,0,0.0002505779266357422
0,-0.5,-499.1649408340454,-0.0002505779266357422,0,0.0
0,-0.5,-499.1649408340454,0.0,1,0.0
0,-0.4979400634765625,-499.1639540195465,0.0020599365234375,0,0.0020599365234375
0,-0.5,-499.1639540195465,-0.0020599365234375,0,0.0
0,-0.5,-499.1639540195465,0.0,1,0.0
0,-0.5,-499.1639540195465,0.0,0,0.0
0,-0.5,-499.1639540195465,0.0,0,0.0
0,-0.5,-499.1689467430115,0.0,0,0.0
0,-0.49939846992492676,-499.1683452129364,0.0006015300750732422,0,0.0006015300750732422
0,-0.5,-499.1710510253906,-0.0006015300750732422,0,0.0
0,-0.5,-499.1710510253906,0.0,1,0.0
0,-0.49900150299072266,-499.1710524559021,0.0009984970092773438,0,0.0009984970092773438
0,-0.5,-499.1710524559021,-0.0009984970092773438,1,0.0
0,-0.5,-499.1758186817169,0.0,0,0.0
0,-0.5,-499.1758186817169,0.0,1,0.0
0,-0.4983189105987549,-499.1741375923157,0.0016810894012451172,0,0.0016810894012451172
0,-0.4989473819732666,-499.17408084869385,-0.0006284713745117188,0,0.0010526180267333984
0,-0.5,-499.1744496822357,-0.0010526180267333984,0,0.0
0,-0.5,-499.17520475387573,0.0,0,0.0
0,-0.4989912509918213,-499.17521619796753,0.001008749008178711,0,0.001008749008178711
0,-0.4990098476409912,-499.1742260456085,-1.8596649169921875e-05,1,0.000990152359008789
0,-0.49795961380004883,-499.17218565940857,0.0010502338409423828,0,0.002040386199951172
0,-0.5,-499.17218565940857,-0.002040386199951172,0,0.0
0,-0.5,-499.17218565940857,0.0,0,0.0
0,-0.5,-499.17218565940857,0.0,0,0.0
0,-0.4990043640136719,-499.17119002342224,0.000995635986328125,0,0.000995635986328125
0,-0.5,-499.17119002342224,-0.000995635986328125,0,0.0
0,-0.5,-499.17119002342224,0.0,0,0.0
0,-0.5,-499.1721827983856,0.0,1,0.0
0,-0.4952709674835205,-499.1684515476227,0.004729032516479492,0,0.004729032516479492
0,-0.49972033500671387,-499.1681718826294,-0.004449367523193359,1,0.0002796649932861328
0,-0.4974820613861084,-499.1656539440155,0.0022382736206054688,0,0.0025179386138916016
0,-0.5,-499.1656539440155,-0.0025179386138916016,1,0.0
0,-0.49904513359069824,-499.16568899154663,0.0009548664093017578,0,0.0009548664093017578
0,-0.5,-499.16568899154663,-0.0009548664093017578,1,0.0
0,-0.4994957447052002,-499.16623282432556,0.0005042552947998047,0,0.0005042552947998047
0,-0.498943567276001,-499.1661796569824,0.0005521774291992188,1,0.0010564327239990234
0,-0.4979979991912842,-499.1661832332611,0.0009455680847167969,0,0.0020020008087158203
0,-0.49898529052734375,-499.16516852378845,-0.0009872913360595703,1,0.00101470947265625
0,-0.4980182647705078,-499.165118932724,0.0009670257568359375,0,0.0019817352294921875
0,-0.5,-499.165118932724,-0.0019817352294921875,1,0.0
0,-0.5,-499.165118932724,0.0,0,0.0
0,-0.5,-499.165118932724,0.0,1,0.0
0,-0.49706554412841797,-499.1687111854553,0.0029344558715820312,0,0.0029344558715820312
0,-0.5,-499.1687111854553,-0.0029344558715820312,0,0.0
0,-0.5,-499.1687111854553,0.0,0,0.0
0,-0.4989767074584961,-499.1676878929138,0.0010232925415039062,1,0.0010232925415039062
0,-0.4979526996612549,-499.1666417121887,0.001024007797241211,0,0.002047300338745117
0,-0.4989664554595947,-499.16660809516907,-0.0010137557983398438,1,0.0010335445404052734
0,-0.497955322265625,-499.16854667663574,0.0010111331939697266,0,0.002044677734375
0,-0.5,-499.16854667663574,-0.002044677734375,0,0.0
0,-0.5,-499.1692364215851,0.0,0,0.0
0,-0.5,-499.1696193218231,0.0,1,0.0
0,-0.49730658531188965,-499.1676528453827,0.0026934146881103516,0,0.0026934146881103516
0,-0.4989151954650879,-499.16770005226135,-0.0016086101531982422,1,0.0010848045349121094
0,-0.4969666004180908,-499.1719763278961,0.0019485950469970703,0,0.0030333995819091797
0,-0.49945616722106934,-499.1714324951172,-0.0024895668029785156,1,0.0005438327789306641
0,-0.49880480766296387,-499.17123579978943,0.0006513595581054688,0,0.0011951923370361328
0,-0.5,-499.17123579978943,-0.0011951923370361328,0,0.0
0,-0.499004602432251,-499.1702404022217,0.0009953975677490234,0,0.0009953975677490234
0,-0.5,-499.1752350330353,-0.0009953975677490234,0,0.0
0,-0.5,-499.1752350330353,0.0,0,0.0
0,-0.5,-499.1763298511505,0.0,0,0.0
0,-0.5,-499.1772789955139,0.0,0,0.0
0,-0.49934959411621094,-499.1766285896301,0.0006504058837890625,1,0.0006504058837890625
0,-0.4990565776824951,-499.1756851673126,0.0002930164337158203,0,0.0009434223175048828
0,-0.5,-499.176696062088,-0.0009434223175048828,0,0.0
0,-0.4987223148345947,-499.1774790287018,0.0012776851654052734,0,0.0012776851654052734
0,-0.5,-499.1787269115448,-0.0012776851654052734,1,0.0
0,-0.49793052673339844,-499.1776645183563,0.0020694732666015625,0,0.0020694732666015625
0,-0.4989509582519531,-499.17814803123474,-0.0010204315185546875,1,0.001049041748046875
0,-0.4979569911956787,-499.1761050224304,0.000993967056274414,0,0.002043008804321289
0,-0.49898719787597656,-499.1750922203064,-0.0010302066802978516,1,0.0010128021240234375
0,-0.4978494644165039,-499.17500495910645,0.0011377334594726562,0,0.0021505355834960938
0,-0.4995112419128418,-499.1745162010193,-0.0016617774963378906,1,0.0004887580871582031
0,-0.4977853298187256,-499.172301530838,0.001725912094116211,0,0.002214670181274414
0,-0.49898576736450195,-499.1723620891571,-0.0012004375457763672,1,0.0010142326354980469
0,-0.49697256088256836,-499.17475605010986,0.0020132064819335938,0,0.0030274391174316406
0,-0.4989809989929199,-499.17449975013733,-0.0020084381103515625,1,0.0010190010070800781
0,-0.5,-499.1765024662018,-0.0010190010070800781,0,0.0
0,-0.5,-499.1766035556793,0.0,0,0.0
0,-0.5,-499.1865727901459,0.0,0,0.0
0,-0.49948692321777344,-499.19702196121216,0.0005130767822265625,1,0.0005130767822265625
0,-0.4974830150604248,-499.1945049762726,0.002003908157348633,0,0.0025169849395751953
0,-0.4988677501678467,-499.19337272644043,-0.001384735107421875,0,0.0011322498321533203
0,-0.4993867874145508,-499.1937680244446,-0.0005190372467041016,0,0.0006132125854492188
0,-0.49896812438964844,-499.19273614883423,0.00041866302490234375,1,0.0010318756103515625
0,-0.4969809055328369,-499.18971705436707,0.0019872188568115234,0,0.003019094467163086
0,-0.4993596076965332,-499.1890766620636,-0.002378702163696289,0,0.0006403923034667969
0,-0.498126745223999,-499.1872034072876,0.0012328624725341797,0,0.0018732547760009766
0,-0.5,-499.1872034072876,-0.0018732547760009766,1,0.0
0,-0.49817705154418945,-499.187374830246,0.0018229484558105469,0,0.0018229484558105469
0,-0.5,-499.187374830246,-0.0018229484558105469,1,0.0
0,-0.49900174140930176,-499.1912178993225,0.0009982585906982422,0,0.0009982585906982422
0,-0.49899864196777344,-499.1950578689575,3.0994415283203125e-06,0,0.0010013580322265625
0,-0.49898648262023926,-499.19404435157776,1.2159347534179688e-05,0,0.0010135173797607422
0,-0.49898409843444824,-499.1930284500122,2.384185791015625e-06,1,0.0010159015655517578
0,-0.49801111221313477,-499.19103956222534,0.0009729862213134766,0,0.0019888877868652344
0,-0.5,-499.19103956222534,-0.0019888877868652344,1,0.0
0,-0.5,-499.1941647529602,0.0,0,0.0
0,-0.5,-499.1946973800659,0.0,1,0.0
0,-0.5,-499.1967980861664,0.0,0,0.0
0,-0.5,-499.1967980861664,0.0,1,0.0
0,-0.5,-499.1967980861664,0.0,0,0.0
0,-0.5,-499.1967980861664,0.0,1,0.0
0,-0.5,-499.2024402618408,0.0,0,0.0
0,-0.5,-499.2024402618408,0.0,0,0.0
0,-0.4989769458770752,-499.20361590385437,0.0010230541229248047,0,0.0010230541229248047
0,-0.49823737144470215,-499.2018532752991,0.0007395744323730469,0,0.0017626285552978516
0,-0.5,-499.2018532752991,-0.0017626285552978516,0,0.0
0,-0.5,-499.2018532752991,0.0,0,0.0
0,-0.5,-499.20396089553833,0.0,0,0.0
0,-0.4989333152770996,-499.203889131546,0.0010666847229003906,0,0.0010666847229003906
0,-0.49793481826782227,-499.2028777599335,0.0009984970092773438,0,0.0020651817321777344
0,-0.49898576736450195,-499.2038788795471,-0.0010509490966796875,0,0.0010142326354980469
0,-0.49529147148132324,-499.2002229690552,0.003694295883178711,0,0.004708528518676758
0,-0.5,-499.2002229690552,-0.004708528518676758,1,0.0
0,-0.49823522567749023,-499.1990237236023,0.0017647743225097656,0,0.0017647743225097656
0,-0.49898743629455566,-499.19801115989685,-0.0007522106170654297,1,0.001012563705444336
0,-0.49692749977111816,-499.19593596458435,0.0020599365234375,0,0.003072500228881836
0,-0.498931884765625,-499.19486784935,-0.002004384994506836,0,0.001068115234375
0,-0.497922420501709,-499.1934623718262,0.0010094642639160156,0,0.0020775794982910156
0,-0.4989893436431885,-499.19245171546936,-0.0010669231414794922,1,0.0010106563568115234
0,-0.4969480037689209,-499.1893997192383,0.002041339874267578,0,0.0030519962310791016
0,-0.498976469039917,-499.1883761882782,-0.0020284652709960938,0,0.0010235309600830078
0,-0.49909305572509766,-499.1874692440033,-0.00011658668518066406,0,0.0009069442749023438
0,-0.5,-499.1874692440033,-0.0009069442749023438,1,0.0
0,-0.49900245666503906,-499.1918272972107,0.0009975433349609375,0,0.0009975433349609375
0,-0.5,-499.1918272972107,-0.0009975433349609375,1,0.0
0,-0.5,-499.1918272972107,0.0,0,0.0
0,-0.4988398551940918,-499.1916604042053,0.0011601448059082031,1,0.0011601448059082031
0,-0.4957404136657715,-499.1874008178711,0.0030994415283203125,0,0.004259586334228516
0,-0.49902796745300293,-499.1864287853241,-0.0032875537872314453,0,0.0009720325469970703
0,-0.498960018157959,-499.18538880348206,6.794929504394531e-05,0,0.0010399818420410156
0,-0.5,-499.1864652633667,-0.0010399818420410156,0,0.0
0,-0.5,-499.1894648075104,0.0,0,0.0
0,-0.5,-499.18997144699097,0.0,0,0.0
0,-0.49900031089782715,-499.19003033638,0.0009996891021728516,1,0.0009996891021728516
0,-0.49801206588745117,-499.1896433830261,0.0009882450103759766,0,0.001987934112548828
0,-0.4989941120147705,-499.1892657279968,-0.000982046127319336,0,0.0010058879852294922
0,-0.49976134300231934,-499.1900267601013,-0.0007672309875488281,0,0.00023865699768066406
0,-0.5,-499.19201612472534,-0.00023865699768066406,0,0.0
0,-0.5,-499.19201612472534,0.0,1,0.0
0,-0.49900221824645996,-499.19300842285156,0.000997781753540039,0,0.000997781753540039
0,-0.4990057945251465,-499.1930751800537,-3.5762786865234375e-06,1,0.0009942054748535156
0,-0.49774622917175293,-499.19082140922546,0.0012595653533935547,0,0.0022537708282470703
0,-0.5,-499.19082140922546,-0.0022537708282470703,1,0.0
0,-0.4979393482208252,-499.1887607574463,0.0020606517791748047,0,0.0020606517791748047
0,-0.498976469039917,-499.1877372264862,-0.0010371208190917969,0,0.0010235309600830078
0,-0.499126672744751,-499.1903762817383,-0.00015020370483398438,0,0.0008733272552490234
0,-0.5,-499.1903762817383,-0.0008733272552490234,0,0.0
0,-0.49893808364868164,-499.19427275657654,0.0010619163513183594,0,0.0010619163513183594
0,-0.5,-499.19427275657654,-0.0010619163513183594,0,0.0
0,-0.5,-499.19462299346924,0.0,0,0.0
0,-0.5,-499.1955761909485,0.0,1,0.0
0,-0.5,-499.1955761909485,0.0,0,0.0
0,-0.5,-499.1955761909485,0.0,0,0.0
0,-0.4990406036376953,-499.2016062736511,0.0009593963623046875,0,0.0009593963623046875
0,-0.5,-499.2034227848053,-0.0009593963623046875,0,0.0
0,-0.5,-499.2034227848053,0.0,0,0.0
0,-0.49874329566955566,-499.20216608047485,0.001256704330444336,0,0.001256704330444336
0,-0.49715304374694824,-499.2003183364868,0.0015902519226074219,0,0.002846956253051758
0,-0.4989328384399414,-499.19976353645325,-0.001779794692993164,1,0.0010671615600585938
0,-0.49695301055908203,-499.1972289085388,0.001979827880859375,0,0.0030469894409179688
0,-0.49910926818847656,-499.19735455513,-0.0021562576293945312,0,0.0008907318115234375
0,-0.49799561500549316,-499.1982834339142,0.0011136531829833984,0,0.002004384994506836
0,-0.5,-499.1982834339142,-0.002004384994506836,0,0.0
0,-0.5,-499.20028495788574,0.0,0,0.0
0,-0.5,-499.20028495788574,0.0,1,0.0
0,-0.49813175201416016,-499.2036306858063,0.0018682479858398438,0,0.0018682479858398438
0,-0.5,-499.20397329330444,-0.0018682479858398438,1,0.0
0,-0.49800992012023926,-499.2019832134247,0.001990079879760742,0,0.001990079879760742
0,-0.5,-499.2019832134247,-0.001990079879760742,0,0.0
0,-0.5,-499.2019832134247,0.0,0,0.0
0,-0.5,-499.2019832134247,0.0,1,0.0
0,-0.5,-499.20609760284424,0.0,0,0.0
0,-0.49793314933776855,-499.204030752182,0.0020668506622314453,1,0.0020668506622314453
0,-0.49805474281311035,-499.20310401916504,-0.00012159347534179688,0,0.0019452571868896484
0,-0.4990499019622803,-499.20318245887756,-0.0009951591491699219,1,0.0009500980377197266
0,-0.49900341033935547,-499.20418667793274,4.649162292480469e-05,0,0.0009965896606445312
0,-0.5,-499.20418667793274,-0.0009965896606445312,0,0.0
0,-0.5,-499.2118127346039,0.0,0,0.0
0,-0.5,-499.2118127346039,0.0,1,0.0
0,-0.4980001449584961,-499.21187138557434,0.0019998550415039062,0,0.0019998550415039062
0,-0.5,-499.21187138557434,-0.0019998550415039062,1,0.0
0,-0.5,-499.21915006637573,0.0,0,0.0
0,-0.5,-499.21915006637573,0.0,1,0.0
0,-0.5,-499.2198898792267,0.0,0,0.0
0,-0.49933624267578125,-499.21922612190247,0.00066375732421875,1,0.00066375732421875
0,-0.4988718032836914,-499.22009563446045,0.00046443939208984375,0,0.0011281967163085938
0,-0.5,-499.22060322761536,-0.0011281967163085938,1,0.0
0,-0.5,-499.22060322761536,0.0,0,0.0
0,-0.5,-499.22060322761536,0.0,1,0.0
0,-0.5,-499.22206830978394,0.0,0,0.0
0,-0.4989960193634033,-499.22106432914734,0.0010039806365966797,0,0.0010039806365966797
0,-0.499218225479126,-499.2222764492035,-0.00022220611572265625,0,0.0007817745208740234
0,-0.5,-499.2222764492035,-0.0007817745208740234,1,0.0
0,-0.5,-499.2222764492035,0.0,0,0.0
0,-0.5,-499.2222764492035,0.0,0,0.0
0,-0.5,-499.22332644462585,0.0,0,0.0
0,-0.499495267868042,-499.2228217124939,0.0005047321319580078,0,0.0005047321319580078
0,-0.499495267868042,-499.22231698036194,0.0,0,0.0005047321319580078
0,-0.4998292922973633,-499.2221462726593,-0.00033402442932128906,0,0.00017070770263671875
0,-0.5,-499.22516107559204,-0.00017070770263671875,0,0.0
0,-0.49898719787597656,-499.2251470088959,0.0010128021240234375,1,0.0010128021240234375
0,-0.4969329833984375,-499.2220799922943,0.0020542144775390625,0,0.0030670166015625
0,-0.49898672103881836,-499.22106671333313,-0.0020537376403808594,1,0.0010132789611816406
0,-0.49800944328308105,-499.2210488319397,0.0009772777557373047,0,0.0019905567169189453
0,-0.5,-499.2210488319397,-0.0019905567169189453,1,0.0
0,-0.49500370025634766,-499.21605253219604,0.004996299743652344,0,0.004996299743652344
0,-0.5,-499.21605253219604,-0.004996299743652344,0,0.0
0,-0.5,-499.2170522212982,0.0,0,0.0
0,-0.49944472312927246,-499.2164969444275,0.0005552768707275391,1,0.0005552768707275391
0,-0.4990222454071045,-499.2155191898346,0.00042247772216796875,0,0.0009777545928955078
0,-0.5,-499.2155191898346,-0.0009777545928955078,0,0.0
0,-0.5,-499.2155191898346,0.0,0,0.0
0,-0.4990055561065674,-499.21452474594116,0.0009944438934326172,1,0.0009944438934326172
0,-0.4971756935119629,-499.2117004394531,0.0018298625946044922,0,0.0028243064880371094
0,-0.5,-499.2117004394531,-0.0028243064880371094,0,0.0
0,-0.5,-499.2141418457031,0.0,0,0.0
0,-0.49900174140930176,-499.2131435871124,0.0009982585906982422,0,0.0009982585906982422
0,-0.4990065097808838,-499.2171654701233,-4.76837158203125e-06,0,0.000993490219116211
0,-0.49897146224975586,-499.21613693237305,3.504753112792969e-05,0,0.0010285377502441406
0,-0.4989485740661621,-499.2150855064392,2.288818359375e-05,0,0.0010514259338378906
0,-0.5,-499.2150855064392,-0.0010514259338378906,1,0.0
0,-0.5,-499.2152352333069,0.0,0,0.0
0,-0.49947214126586914,-499.2150659561157,0.0005278587341308594,0,0.0005278587341308594
0,-0.5,-499.216068983078,-0.0005278587341308594,0,0.0
0,-0.5,-499.216068983078,0.0,1,0.0
0,-0.5,-499.21705746650696,0.0,0,0.0
0,-0.49896979331970215,-499.21801686286926,0.0010302066802978516,1,0.0010302066802978516
0,-0.49800825119018555,-499.21602511405945,0.0009615421295166016,0,0.001991748809814453
0,-0.49897241592407227,-499.2149975299835,-0.0009641647338867188,1,0.0010275840759277344
0,-0.49905824661254883,-499.2160518169403,-8.58306884765625e-05,0,0.0009417533874511719
0,-0.4989948272705078,-499.21555852890015,6.341934204101562e-05,1,0.0010051727294921875
0,-0.4977071285247803,-499.2132656574249,0.001287698745727539,0,0.0022928714752197266
0,-0.4988670349121094,-499.2131314277649,-0.0011599063873291016,0,0.001132965087890625
0,-0.4980320930480957,-499.211163520813,0.0008349418640136719,0,0.001967906951904297
0,-0.5,-499.211163520813,-0.001967906951904297,0,0.0
0,-0.49982643127441406,-499.2135257720947,0.0001735687255859375,0,0.0001735687255859375
0,-0.5,-499.2135257720947,-0.0001735687255859375,1,0.0
0,-0.49900269508361816,-499.2144422531128,0.000997304916381836,0,0.000997304916381836
0,-0.5,-499.2144422531128,-0.000997304916381836,1,0.0
0,-0.5,-499.21574878692627,0.0,0,0.0
0,-0.4989309310913086,-499.2146797180176,0.0010690689086914062,1,0.0010690689086914062
0,-0.49775266647338867,-499.21243238449097,0.0011782646179199219,0,0.002247333526611328
0,-0.4992973804473877,-499.2126863002777,-0.0015447139739990234,0,0.0007026195526123047
0,-0.5,-499.21368193626404,-0.0007026195526123047,0,0.0
0,-0.4989793300628662,-499.21334433555603,0.001020669937133789,1,0.001020669937133789
0,-0.49791479110717773,-499.21194219589233,0.0010645389556884766,0,0.0020852088928222656
0,-0.4979856014251709,-499.2099277973175,-7.081031799316406e-05,1,0.0020143985748291016
0,-0.4970090389251709,-499.2079360485077,0.0009765625,0,0.0029909610748291016
0,-0.4991631507873535,-499.2081139087677,-0.002154111862182617,0,0.0008368492126464844
0,-0.4976189136505127,-499.20970463752747,0.0015442371368408203,0,0.0023810863494873047
0,-0.4979989528656006,-499.20770359039307,-0.0003800392150878906,1,0.002001047134399414
0,-0.49361276626586914,-499.20131635665894,0.004386186599731445,0,0.006387233734130859
0,-0.5,-499.20226550102234,-0.006387233734130859,1,0.0
0,-0.4989330768585205,-499.2034695148468,0.0010669231414794922,0,0.0010669231414794922
0,-0.4997367858886719,-499.2032063007355,-0.0008037090301513672,1,0.000263214111328125
0,-0.4982600212097168,-499.2033975124359,0.0014767646789550781,0,0.0017399787902832031
0,-0.5,-499.20390009880066,-0.0017399787902832031,0,0.0
0,-0.4985318183898926,-499.20243191719055,0.0014681816101074219,0,0.0014681816101074219
0,-0.5,-499.20243191719055,-0.0014681816101074219,1,0.0
0,-0.49664735794067383,-499.1990792751312,0.003352642059326172,0,0.003352642059326172
0,-0.49949002265930176,-499.1985692977905,-0.0028426647186279297,0,0.0005099773406982422
0,-0.5,-499.20564913749695,-0.0005099773406982422,0,0.0
0,-0.4989280700683594,-499.2045772075653,0.001071929931640625,1,0.001071929931640625
0,-0.49755406379699707,-499.20312666893005,0.0013740062713623047,0,0.0024459362030029297
0,-0.5,-499.20312666893005,-0.0024459362030029297,1,0.0
0,-0.49840831756591797,-499.20580792427063,0.0015916824340820312,0,0.0015916824340820312
0,-0.5,-499.20580792427063,-0.0015916824340820312,1,0.0
0,-0.5,-499.21090602874756,0.0,0,0.0
0,-0.5,-499.21131134033203,0.0,1,0.0
0,-0.5,-499.21131134033203,0.0,0,0.0
0,-0.5,-499.21131134033203,0.0,1,0.0
0,-0.5,-499.21131134033203,0.0,0,0.0
0,-0.5,-499.21131134033203,0.0,0,0.0
0,-0.49892473220825195,-499.2112331390381,0.0010752677917480469,0,0.0010752677917480469
0,-0.5,-499.2112331390381,-0.0010752677917480469,0,0.0
0,-0.4982912540435791,-499.20952439308167,0.0017087459564208984,0,0.0017087459564208984
0,-0.5,-499.20952439308167,-0.0017087459564208984,1,0.0
0,-0.5,-499.20952439308167,0.0,0,0.0
0,-0.4989912509918213,-499.2085156440735,0.001008749008178711,1,0.001008749008178711
0,-0.49890947341918945,-499.20784282684326,8.177757263183594e-05,0,0.0010905265808105469
0,-0.49869799613952637,-499.2065408229828,0.00021147727966308594,1,0.0013020038604736328
0,-0.4972817897796631,-499.20614862442017,0.0014162063598632812,0,0.002718210220336914
0,-0.5,-499.20614862442017,-0.002718210220336914,0,0.0
0,-0.5,-499.20614862442017,0.0,0,0.0
0,-0.5,-499.20614862442017,0.0,1,0.0
0,-0.4979121685028076,-499.204060792923,0.002087831497192383,0,0.002087831497192383
0,-0.5,-499.20511984825134,-0.002087831497192383,1,0.0
0,-0.49683117866516113,-499.20395064353943,0.003168821334838867,0,0.003168821334838867
0,-0.49897336959838867,-499.2029240131378,-0.002142190933227539,1,0.0010266304016113281
0,-0.49799680709838867,-499.20191621780396,0.0009765625,0,0.002003192901611328
0,-0.4994328022003174,-499.2013490200043,-0.001435995101928711,0,0.0005671977996826172
0,-0.5,-499.2013490200043,-0.0005671977996826172,0,0.0
0,-0.5,-499.20296359062195,0.0,1,0.0
0,-0.5,-499.2053062915802,0.0,0,0.0
0,-0.49889135360717773,-499.2052206993103,0.0011086463928222656,1,0.0011086463928222656
0,-0.49631261825561523,-499.20352602005005,0.0025787353515625,0,0.0036873817443847656
0,-0.5,-499.20352602005005,-0.0036873817443847656,1,0.0
0,-0.49886012077331543,-499.20238614082336,0.0011398792266845703,0,0.0011398792266845703
0,-0.4990077018737793,-499.20139384269714,-0.0001475811004638672,0,0.0009922981262207031
0,-0.49900388717651367,-499.2013912200928,3.814697265625e-06,0,0.0009961128234863281
0,-0.49890875816345215,-499.2002999782562,9.512901306152344e-05,0,0.0010912418365478516
0,-0.49806714057922363,-499.19942331314087,0.0008416175842285156,0,0.0019328594207763672
0,-0.5,-499.19942331314087,-0.0019328594207763672,1,0.0
0,-0.5,-499.19942331314087,0.0,0,0.0
0,-0.49892210960388184,-499.19834542274475,0.001077890396118164,1,0.001077890396118164
0,-0.4979245662689209,-499.1962699890137,0.0009975433349609375,0,0.0020754337310791016
0,-0.5,-499.1962699890137,-0.0020754337310791016,1,0.0
0,-0.5,-499.1962699890137,0.0,0,0.0
0,-0.4992847442626953,-499.19573879241943,0.0007152557373046875,1,0.0007152557373046875
0,-0.49912452697753906,-499.194863319397,0.00016021728515625,0,0.0008754730224609375
0,-0.49895787239074707,-499.1948211193085,0.0001666545867919922,1,0.0010421276092529297
0,-0.49796009063720703,-499.1927812099457,0.000997781753540039,0,0.0020399093627929688
0,-0.5,-499.1930592060089,-0.0020399093627929688,0,0.0
0,-0.4989478588104248,-499.19200706481934,0.0010521411895751953,0,0.0010521411895751953
0,-0.5,-499.19200706481934,-0.0010521411895751953,1,0.0
0,-0.4950098991394043,-499.18886160850525,0.004990100860595703,0,0.004990100860595703
0,-0.5,-499.18886160850525,-0.004990100860595703,1,0.0
0,-0.5,-499.18886160850525,0.0,0,0.0
0,-0.49950218200683594,-499.189635515213,0.0004978179931640625,0,0.0004978179931640625
0,-0.5,-499.19063234329224,-0.0004978179931640625,0,0.0
0,-0.5,-499.19063234329224,0.0,1,0.0
0,-0.5,-499.19063234329224,0.0,0,0.0
0,-0.5,-499.1909396648407,0.0,1,0.0
0,-0.49796128273010254,-499.1889009475708,0.002038717269897461,0,0.002038717269897461
0,-0.5,-499.1889009475708,-0.002038717269897461,0,0.0
0,-0.49900102615356445,-499.18790197372437,0.0009989738464355469,0,0.0009989738464355469
0,-0.4994785785675049,-499.1883840560913,-0.0004775524139404297,1,0.0005214214324951172
0,-0.49906039237976074,-499.18944692611694,0.0004181861877441406,0,0.0009396076202392578
0,-0.5,-499.18944692611694,-0.0009396076202392578,0,0.0
0,-0.5,-499.18944692611694,0.0,0,0.0
0,-0.4996774196624756,-499.1902103424072,0.00032258033752441406,0,0.00032258033752441406
0,-0.5,-499.19071412086487,-0.00032258033752441406,0,0.0
0,-0.5,-499.1908016204834,0.0,1,0.0
0,-0.5,-499.19187021255493,0.0,0,0.0
0,-0.5,-499.19187021255493,0.0,1,0.0
0,-0.5,-499.19187021255493,0.0,0,0.0
0,-0.5,-499.19187021255493,0.0,0,0.0
0,-0.5,-499.1935067176819,0.0,0,0.0
0,-0.5,-499.19460368156433,0.0,0,0.0
0,-0.5,-499.19460368156433,0.0,0,0.0
0,-0.5,-499.19523525238037,0.0,1,0.0
0,-0.49744153022766113,-499.19430017471313,0.002558469772338867,0,0.002558469772338867
0,-0.4989945888519287,-499.1943609714508,-0.0015530586242675781,1,0.001005411148071289
0,-0.49700140953063965,-499.194575548172,0.0019931793212890625,0,0.0029985904693603516
0,-0.5,-499.194575548172,-0.0029985904693603516,1,0.0
0,-0.5,-499.19928455352783,0.0,0,0.0
0,-0.5,-499.19928455352783,0.0,1,0.0
0,-0.5,-499.20028162002563,0.0,0,0.0
0,-0.5,-499.20028162002563,0.0,1,0.0
0,-0.5,-499.20130014419556,0.0,0,0.0
0,-0.4981985092163086,-499.2000117301941,0.0018014907836914062,0,0.0018014907836914062
0,-0.5,-499.20250630378723,-0.0018014907836914062,0,0.0
0,-0.5,-499.2045226097107,0.0,0,0.0
0,-0.5,-499.2064607143402,0.0,0,0.0
0,-0.5,-499.2064607143402,0.0,0,0.0
0,-0.5,-499.2079668045044,0.0,0,0.0
0,-0.4989593029022217,-499.2069261074066,0.0010406970977783203,1,0.0010406970977783203
0,-0.4979405403137207,-499.20593309402466,0.0010187625885009766,0,0.002059459686279297
0,-0.5,-499.20593309402466,-0.002059459686279297,0,0.0
0,-0.5,-499.2068693637848,0.0,0,0.0
0,-0.4998617172241211,-499.2067310810089,0.00013828277587890625,1,0.00013828277587890625
0,-0.5,-499.2077341079712,-0.00013828277587890625,0,0.0
0,-0.5,-499.2077341079712,0.0,1,0.0
0,-0.5,-499.2077341079712,0.0,0,0.0
0,-0.5,-499.20873188972473,0.0,1,0.0
0,-0.49691319465637207,-499.20663690567017,0.0030868053436279297,0,0.0030868053436279297
0,-0.5,-499.20663690567017,-0.0030868053436279297,1,0.0
0,-0.5,-499.20663690567017,0.0,0,0.0
0,-0.5,-499.20720529556274,0.0,1,0.0
0,-0.5,-499.2082853317261,0.0,0,0.0
0,-0.5,-499.20927834510803,0.0,1,0.0
0,-0.5,-499.210289478302,0.0,0,0.0
0,-0.498981237411499,-499.2092707157135,0.0010187625885009766,1,0.0010187625885009766
0,-0.4975900650024414,-499.20686078071594,0.0013911724090576172,0,0.0024099349975585938
0,-0.4995236396789551,-499.2075095176697,-0.0019335746765136719,0,0.0004763603210449219
0,-0.5,-499.2075095176697,-0.0004763603210449219,0,0.0
0,-0.4989333152770996,-499.2064428329468,0.0010666847229003906,1,0.0010666847229003906
0,-0.4979894161224365,-499.2044322490692,0.0009438991546630859,0,0.0020105838775634766
0,-0.5,-499.20545959472656,-0.0020105838775634766,0,0.0
0,-0.4990062713623047,-499.20645356178284,0.0009937286376953125,0,0.0009937286376953125
0,-0.49799585342407227,-499.2044494152069,0.0010104179382324219,1,0.0020041465759277344
0,-0.49699974060058594,-499.20405292510986,0.0009961128234863281,0,0.0030002593994140625
0,-0.5,-499.20405292510986,-0.0030002593994140625,1,0.0
0,-0.5,-499.2050666809082,0.0,0,0.0
0,-0.4989440441131592,-499.20401072502136,0.0010559558868408203,1,0.0010559558868408203
0,-0.49733448028564453,-499.201345205307,0.0016095638275146484,0,0.0026655197143554688
0,-0.5,-499.201345205307,-0.0026655197143554688,1,0.0
0,-0.5,-499.201345205307,0.0,0,0.0
0,-0.5,-499.201345205307,0.0,1,0.0
0,-0.5,-499.202344417572,0.0,0,0.0
0,-0.5,-499.202344417572,0.0,0,0.0
0,-0.49899768829345703,-499.2013421058655,0.0010023117065429688,0,0.0010023117065429688
0,-0.5,-499.2013421058655,-0.0010023117065429688,1,0.0
0,-0.499004602432251,-499.20034670829773,0.0009953975677490234,0,0.0009953975677490234
0,-0.49900174140930176,-499.1998555660248,2.86102294921875e-06,1,0.0009982585906982422
0,-0.4980049133300781,-499.1993672847748,0.0009968280792236328,0,0.001995086669921875
0,-0.498976469039917,-499.19935369491577,-0.0009715557098388672,1,0.0010235309600830078
0,-0.4969298839569092,-499.19947242736816,0.0020465850830078125,0,0.0030701160430908203
0,-0.49901628494262695,-499.1984887123108,-0.0020864009857177734,1,0.0009837150573730469
0,-0.4970090389251709,-499.19689083099365,0.0020072460174560547,0,0.0029909610748291016
0,-0.49898600578308105,-499.19690918922424,-0.0019769668579101562,0,0.0010139942169189453
0,-0.4965977668762207,-499.19653582572937,0.0023882389068603516,0,0.003402233123779297
0,-0.5,-499.1982772350311,-0.003402233123779297,1,0.0
0,-0.5,-499.1993496417999,0.0,0,0.0
0,-0.5,-499.1993496417999,0.0,1,0.0
0,-0.5,-499.20034098625183,0.0,0,0.0
0,-0.5,-499.20034098625183,0.0,1,0.0
0,-0.49900293350219727,-499.199343919754,0.0009970664978027344,0,0.0009970664978027344
0,-0.5,-499.2003481388092,-0.0009970664978027344,1,0.0
0,-0.5,-499.2003481388092,0.0,0,0.0
0,-0.5,-499.20062017440796,0.0,0,0.0
0,-0.5,-499.201717376709,0.0,0,0.0
0,-0.5,-499.201717376709,0.0,1,0.0
0,-0.497314453125,-499.2000322341919,0.002685546875,0,0.002685546875
0,-0.5,-499.2000322341919,-0.002685546875,1,0.0
0,-0.4989919662475586,-499.19902420043945,0.0010080337524414062,0,0.0010080337524414062
0,-0.5,-499.2000963687897,-0.0010080337524414062,1,0.0
0,-0.5,-499.2033636569977,0.0,0,0.0
0,-0.5,-499.20424795150757,0.0,1,0.0
0,-0.5,-499.20424795150757,0.0,0,0.0
0,-0.5,-499.2046175003052,0.0,1,0.0
0,-0.498504638671875,-499.2039544582367,0.001495361328125,0,0.001495361328125
0,-0.4989919662475586,-499.20395278930664,-0.00048732757568359375,1,0.0010080337524414062
0,-0.49801206588745117,-499.2042508125305,0.0009799003601074219,0,0.001987934112548828
0,-0.49901843070983887,-499.20326924324036,-0.0010063648223876953,1,0.0009815692901611328
0,-0.4980165958404541,-499.2012858390808,0.0010018348693847656,0,0.0019834041595458984
0,-0.5,-499.2022819519043,-0.0019834041595458984,1,0.0
0,-0.49787211418151855,-499.2011523246765,0.0021278858184814453,0,0.0021278858184814453
0,-0.5,-499.201655626297,-0.0021278858184814453,1,0.0
0,-0.5,-499.2031629085541,0.0,0,0.0
0,-0.4990100860595703,-499.20217299461365,0.0009899139404296875,1,0.0009899139404296875
0,-0.4980161190032959,-499.20018911361694,0.000993967056274414,0,0.0019838809967041016
0,-0.5,-499.20018911361694,-0.0019838809967041016,1,0.0
0,-0.49800729751586914,-499.1981964111328,0.0019927024841308594,0,0.0019927024841308594
0,-0.5,-499.19971108436584,-0.0019927024841308594,1,0.0
0,-0.49695801734924316,-499.19879388809204,0.003041982650756836,0,0.003041982650756836
0,-0.49898481369018555,-499.1977787017822,-0.002026796340942383,0,0.0010151863098144531
0,-0.49838685989379883,-499.196165561676,0.0005979537963867188,0,0.0016131401062011719
0,-0.49893689155578613,-499.1951024532318,-0.0005500316619873047,1,0.0010631084442138672
0,-0.4969141483306885,-499.19321727752686,0.0020227432250976562,0,0.0030858516693115234
0,-0.5,-499.19321727752686,-0.0030858516693115234,0,0.0
0,-0.5,-499.1963996887207,0.0,0,0.0
0,-0.49900245666503906,-499.19641160964966,0.0009975433349609375,1,0.0009975433349609375
0,-0.49800848960876465,-499.1957149505615,0.000993967056274414,0,0.0019915103912353516
0,-0.49949193000793457,-499.19520688056946,-0.0014834403991699219,0,0.0005080699920654297
0,-0.49848508834838867,-499.19369196891785,0.0010068416595458984,0,0.0015149116516113281
0,-0.5,-499.1942036151886,-0.0015149116516113281,0,0.0
0,-0.5,-499.1952075958252,0.0,0,0.0
0,-0.5,-499.1952075958252,0.0,0,0.0
0,-0.5,-499.1952075958252,0.0,0,0.0
0,-0.4990079402923584,-499.1950595378876,0.0009920597076416016,0,0.0009920597076416016
0,-0.5,-499.1950595378876,-0.0009920597076416016,0,0.0
0,-0.4989447593688965,-499.1946671009064,0.0010552406311035156,1,0.0010552406311035156
0,-0.4981882572174072,-499.1928553581238,0.0007565021514892578,0,0.0018117427825927734
0,-0.49873805046081543,-499.1924569606781,-0.0005497932434082031,1,0.0012619495391845703
0,-0.49709129333496094,-499.1915695667267,0.0016467571258544922,0,0.0029087066650390625
0,-0.5,-499.1915695667267,-0.0029087066650390625,1,0.0
0,-0.49796628952026367,-499.19087648391724,0.002033710479736328,0,0.002033710479736328
0,-0.49900126457214355,-499.190388917923,-0.0010349750518798828,0,0.0009987354278564453
0,-0.49750661849975586,-499.18789553642273,0.0014946460723876953,0,0.0024933815002441406
0,-0.4966897964477539,-499.1845853328705,0.0008168220520019531,0,0.0033102035522460938
0,-0.4969766139984131,-499.1815619468689,-0.0002868175506591797,0,0.003023386001586914
0,-0.5,-499.1825268268585,-0.003023386001586914,1,0.0
0,-0.5,-499.18358850479126,0.0,0,0.0
0,-0.5,-499.18358850479126,0.0,1,0.0
0,-0.4980762004852295,-499.1816647052765,0.0019237995147705078,0,0.0019237995147705078
0,-0.5,-499.1821439266205,-0.0019237995147705078,0,0.0
0,-0.5,-499.1821439266205,0.0,0,0.0
0,-0.5,-499.1821439266205,0.0,1,0.0
0,-0.49780821800231934,-499.18263483047485,0.002191781997680664,0,0.002191781997680664
0,-0.5,-499.18263483047485,-0.002191781997680664,0,0.0
0,-0.49793004989624023,-499.1826968193054,0.0020699501037597656,0,0.0020699501037597656
0,-0.49919819831848145,-499.1829471588135,-0.001268148422241211,1,0.0008018016815185547
0,-0.49894213676452637,-499.1851074695587,0.0002560615539550781,0,0.0010578632354736328
0,-0.5,-499.1858186721802,-0.0010578632354736328,1,0.0
0,-0.49899864196777344,-499.18572759628296,0.0010013580322265625,0,0.0010013580322265625
0,-0.5,-499.1866388320923,-0.0010013580322265625,1,0.0
0,-0.4949977397918701,-499.1837136745453,0.005002260208129883,0,0.005002260208129883
0,-0.49866437911987305,-499.18237805366516,-0.0036666393280029297,0,0.0013356208801269531
0,-0.4994175434112549,-499.1817955970764,-0.0007531642913818359,0,0.0005824565887451172
0,-0.5,-499.1828007698059,-0.0005824565887451172,1,0.0
0,-0.5,-499.18380784988403,0.0,0,0.0
0,-0.4979243278503418,-499.1827394962311,0.002075672149658203,1,0.002075672149658203
0,-0.49807262420654297,-499.1820387840271,-0.00014829635620117188,0,0.0019273757934570312
0,-0.5,-499.1820387840271,-0.0019273757934570312,1,0.0
0,-0.4914681911468506,-499.17350697517395,0.008531808853149414,0,0.008531808853149414
0,-0.49893617630004883,-499.172443151474,-0.007467985153198242,1,0.0010638236999511719
0,-0.49799180030822754,-499.1704349517822,0.0009443759918212891,0,0.002008199691772461
0,-0.5,-499.1704349517822,-0.002008199691772461,0,0.0
0,-0.4992637634277344,-499.17244958877563,0.000736236572265625,0,0.000736236572265625
0,-0.497969388961792,-499.17142844200134,0.0012943744659423828,0,0.002030611038208008
0,-0.4966557025909424,-499.17008900642395,0.0013136863708496094,0,0.003344297409057617
0,-0.4989924430847168,-499.16908144950867,-0.002336740493774414,0,0.0010075569152832031
0,-0.5,-499.16958808898926,-0.0010075569152832031,0,0.0
0,-0.5,-499.16958808898926,0.0,0,0.0
0,-0.5,-499.1722466945648,0.0,0,0.0
0,-0.49899983406066895,-499.1723313331604,0.0010001659393310547,1,0.0010001659393310547
0,-0.49829602241516113,-499.1740164756775,0.0007038116455078125,1,0.0017039775848388672
0,-0.49829602241516113,-499.1723778247833,0.0,2,0.0017039775848388672
0,-0.4989964962005615,-499.1719036102295,-0.0007004737854003906,1,0.0010035037994384766
0,-0.49800586700439453,-499.1699094772339,0.0009906291961669922,0,0.0019941329956054688
0,-0.5,-499.1720027923584,-0.0019941329956054688,0,0.0
0,-0.5,-499.1720027923584,0.0,0,0.0
0,-0.5,-499.1730148792267,0.0,0,0.0
0,-0.4992978572845459,-499.1727685928345,0.0007021427154541016,0,0.0007021427154541016
0,-0.5,-499.1727685928345,-0.0007021427154541016,0,0.0
0,-0.4990575313568115,-499.1718261241913,0.0009424686431884766,2,0.0009424686431884766
0,-0.49781346321105957,-499.1706418991089,0.0012440681457519531,0,0.0021865367889404297
0,-0.4992334842681885,-499.1710112094879,-0.0014200210571289062,0,0.0007665157318115234
0,-0.4990086555480957,-499.1710753440857,0.00022482872009277344,0,0.0009913444519042969
0,-0.5,-499.1714906692505,-0.0009913444519042969,0,0.0
0,-0.5,-499.1714906692505,0.0,0,0.0
0,-0.498995304107666,-499.1715087890625,0.0010046958923339844,0,0.0010046958923339844
0,-0.5,-499.1731402873993,-0.0010046958923339844,0,0.0
0,-0.49898624420166016,-499.17212653160095,0.0010137557983398438,0,0.0010137557983398438
0,-0.4989633560180664,-499.171089887619,2.288818359375e-05,0,0.0010366439819335938
0,-0.4989948272705078,-499.1700847148895,-3.147125244140625e-05,0,0.0010051727294921875
0,-0.49898386001586914,-499.1694231033325,1.0967254638671875e-05,0,0.0010161399841308594
0,-0.4989488124847412,-499.16861391067505,3.504753112792969e-05,0,0.001051187515258789
0,-0.49892258644104004,-499.1695890426636,2.6226043701171875e-05,0,0.001077413558959961
0,-0.49935126304626465,-499.16894030570984,-0.0004286766052246094,0,0.0006487369537353516
0,-0.4998810291290283,-499.16882133483887,-0.0005297660827636719,0,0.00011897087097167969
0,-0.49838995933532715,-499.1672112941742,0.0014910697937011719,1,0.0016100406646728516
0,-0.49686288833618164,-499.1676299571991,0.0015270709991455078,0,0.0031371116638183594
0,-0.49900221824645996,-499.16663217544556,-0.0021393299102783203,1,0.000997781753540039
0,-0.49800634384155273,-499.1646385192871,0.0009958744049072266,0,0.0019936561584472656
0,-0.4998290538787842,-499.1654703617096,-0.0018227100372314453,0,0.0001709461212158203
0,-0.5,-499.1677129268646,-0.0001709461212158203,0,0.0
0,-0.5,-499.1677129268646,0.0,0,0.0
0,-0.5,-499.17146492004395,0.0,0,0.0
0,-0.49899959564208984,-499.1710214614868,0.0010004043579101562,0,0.0010004043579101562
0,-0.498790979385376,-499.1698124408722,0.0002086162567138672,1,0.0012090206146240234
0,-0.498790979385376,-499.16893100738525,0.0,0,0.0012090206146240234
0,-0.4980025291442871,-499.16693353652954,0.0007884502410888672,0,0.0019974708557128906
0,-0.4986379146575928,-499.16557145118713,-0.0006353855133056641,0,0.0013620853424072266
0,-0.4935269355773926,-499.1590983867645,0.005110979080200195,0,0.006473064422607422
0,-0.49899721145629883,-499.15859818458557,-0.00547027587890625,0,0.0010027885437011719
0,-0.5,-499.15859818458557,-0.0010027885437011719,0,0.0
0,-0.5,-499.15961480140686,0.0,0,0.0
0,-0.4989957809448242,-499.1606249809265,0.0010042190551757812,0,0.0010042190551757812
0,-0.4989895820617676,-499.1596145629883,6.198883056640625e-06,1,0.0010104179382324219
0,-0.4950399398803711,-499.1574320793152,0.003949642181396484,0,0.004960060119628906
0,-0.49891066551208496,-499.15736293792725,-0.003870725631713867,0,0.001089334487915039
0,-0.5,-499.1593539714813,-0.001089334487915039,0,0.0
0,-0.49910855293273926,-499.15954089164734,0.0008914470672607422,0,0.0008914470672607422
0,-0.49949002265930176,-499.1612169742584,-0.0003814697265625,0,0.0005099773406982422
0,-0.49964189529418945,-499.1608588695526,-0.0001518726348876953,1,0.0003581047058105469
0,-0.4993410110473633,-499.1601998806,0.0003008842468261719,0,0.0006589889526367188
0,-0.49973320960998535,-499.16094994544983,-0.0003921985626220703,0,0.00026679039001464844
0,-0.49939513206481934,-499.1613576412201,0.0003380775451660156,0,0.0006048679351806641
0,-0.5,-499.16653418540955,-0.0006048679351806641,0,0.0
0,-0.49801087379455566,-499.16532611846924,0.001989126205444336,0,0.001989126205444336
0,-0.5,-499.16532611846924,-0.001989126205444336,0,0.0
0,-0.5,-499.16532611846924,0.0,0,0.0
0,-0.49977946281433105,-499.16605019569397,0.0002205371856689453,0,0.0002205371856689453
0,-0.49829983711242676,-499.1673948764801,0.0014796257019042969,0,0.0017001628875732422
0,-0.5,-499.1673948764801,-0.0017001628875732422,1,0.0
0,-0.49741411209106445,-499.16480898857117,0.002585887908935547,0,0.002585887908935547
0,-0.4993267059326172,-499.1651473045349,-0.0019125938415527344,0,0.0006732940673828125
0,-0.5,-499.1671345233917,-0.0006732940673828125,1,0.0
0,-0.49532341957092285,-499.16245794296265,0.0046765804290771484,0,0.0046765804290771484
0,-0.4970057010650635,-499.1594636440277,-0.001682281494140625,0,0.0029942989349365234
0,-0.49900341033935547,-499.1589801311493,-0.001997709274291992,1,0.0009965896606445312
0,-0.49900293350219727,-499.160861492157,4.76837158203125e-07,0,0.0009970664978027344
0,-0.49947428703308105,-499.16033577919006,-0.00047135353088378906,0,0.0005257129669189453
0,-0.5,-499.1644675731659,-0.0005257129669189453,0,0.0
0,-0.49891161918640137,-499.16429805755615,0.0010883808135986328,0,0.0010883808135986328
0,-0.49899959564208984,-499.16474080085754,-8.797645568847656e-05,0,0.0010004043579101562
0,-0.49948668479919434,-499.16422748565674,-0.0004870891571044922,0,0.0005133152008056641
0,-0.5,-499.1662685871124,-0.0005133152008056641,0,0.0
0,-0.49794793128967285,-499.1652088165283,0.0020520687103271484,0,0.0020520687103271484
0,-0.5,-499.1683371067047,-0.0020520687103271484,0,0.0
0,-0.49848055839538574,-499.1668176651001,0.0015194416046142578,0,0.0015194416046142578
0,-0.4989926815032959,-499.1658103466034,-0.0005121231079101562,0,0.0010073184967041016
0,-0.498427152633667,-499.16423749923706,0.0005655288696289062,0,0.0015728473663330078
0,-0.4995436668395996,-499.1647837162018,-0.0011165142059326172,0,0.0004563331604003906
0,-0.4983682632446289,-499.1631519794464,0.0011754035949707031,0,0.0016317367553710938
0,-0.5,-499.1631519794464,-0.0016317367553710938,0,0.0
0,-0.49894046783447266,-499.16309118270874,0.0010595321655273438,0,0.0010595321655273438
0,-0.5,-499.1648197174072,-0.0010595321655273438,0,0.0
0,-0.4981956481933594,-499.16401290893555,0.001804351806640625,1,0.001804351806640625
0,-0.4918792247772217,-499.15870904922485,0.006316423416137695,0,0.00812077522277832
0,-0.5,-499.15938448905945,-0.00812077522277832,0,0.0
0,-0.49985313415527344,-499.1605808734894,0.0001468658447265625,0,0.0001468658447265625
0,-0.5,-499.16068267822266,-0.0001468658447265625,0,0.0
0,-0.5,-499.1618187427521,0.0,1,0.0
0,-0.5,-499.1636085510254,0.0,0,0.0
0,-0.5,-499.1636085510254,0.0,0,0.0
0,-0.5,-499.16462993621826,0.0,0,0.0
0,-0.4994492530822754,-499.16746068000793,0.0005507469177246094,0,0.0005507469177246094
0,-0.4994957447052002,-499.1674587726593,-4.649162292480469e-05,1,0.0005042552947998047
0,-0.49739837646484375,-499.1658787727356,0.0020973682403564453,0,0.00260162353515625
0,-0.4996359348297119,-499.1655147075653,-0.002237558364868164,1,0.00036406517028808594
0,-0.4984397888183594,-499.16595339775085,0.001196146011352539,0,0.001560211181640625
0,-0.4996192455291748,-499.16557264328003,-0.0011794567108154297,1,0.0003807544708251953
0,-0.49896907806396484,-499.1676712036133,0.0006501674652099609,0,0.0010309219360351562
0,-0.5,-499.1676712036133,-0.0010309219360351562,1,0.0
0,-0.4989621639251709,-499.16714358329773,0.0010378360748291016,0,0.0010378360748291016
0,-0.4995858669281006,-499.16672945022583,-0.0006237030029296875,1,0.00041413307189941406
0,-0.49599719047546387,-499.1633632183075,0.0035886764526367188,0,0.004002809524536133
0,-0.49982571601867676,-499.1631889343262,-0.0038285255432128906,1,0.0001742839813232422
0,-0.49596524238586426,-499.15915417671204,0.0038604736328125,0,0.004034757614135742
0,-0.4989783763885498,-499.1581325531006,-0.003013134002685547,1,0.0010216236114501953
0,-0.49674344062805176,-499.15487599372864,0.002234935760498047,0,0.003256559371948242
0,-0.5,-499.15503549575806,-0.003256559371948242,1,0.0
0,-0.4990062713623047,-499.15404176712036,0.0009937286376953125,0,0.0009937286376953125
0,-0.5,-499.15404176712036,-0.0009937286376953125,1,0.0
0,-0.4989356994628906,-499.1534802913666,0.001064300537109375,0,0.001064300537109375
0,-0.49869632720947266,-499.15217661857605,0.00023937225341796875,1,0.0013036727905273438
0,-0.4988431930541992,-499.15101981163025,-0.0001468658447265625,0,0.0011568069458007812
0,-0.49933934211730957,-499.15035915374756,-0.0004961490631103516,0,0.0006606578826904297
0,-0.49933934211730957,-499.1501121520996,0.0,0,0.0006606578826904297
0,-0.5,-499.1501121520996,-0.0006606578826904297,0,0.0
0,-0.49816131591796875,-499.1487145423889,0.00183868408203125,0,0.00183868408203125
0,-0.49892234802246094,-499.1476368904114,-0.0007610321044921875,0,0.0010776519775390625
0,-0.4989955425262451,-499.14962434768677,-7.319450378417969e-05,0,0.0010044574737548828
0,-0.49945902824401855,-499.15005254745483,-0.0004634857177734375,1,0.0005409717559814453
0,-0.49945902824401855,-499.15149903297424,0.0,0,0.0005409717559814453
0,-0.49894261360168457,-499.15094447135925,0.0005164146423339844,0,0.0010573863983154297
0,-0.49898481369018555,-499.150593996048,-4.220008850097656e-05,0,0.0010151863098144531
0,-0.498995304107666,-499.14958930015564,-1.049041748046875e-05,0,0.0010046958923339844
0,-0.5,-499.15540957450867,-0.0010046958923339844,0,0.0
0,-0.5,-499.15540957450867,0.0,0,0.0
0,-0.49794483184814453,-499.1533544063568,0.0020551681518554688,0,0.0020551681518554688
0,-0.49918365478515625,-499.1536102294922,-0.0012388229370117188,1,0.00081634521484375
0,-0.49828505516052246,-499.1528902053833,0.0008985996246337891,0,0.001714944839477539
0,-0.4987912178039551,-499.15168142318726,-0.0005061626434326172,0,0.0012087821960449219
0,-0.49842381477355957,-499.1528425216675,0.0003674030303955078,0,0.0015761852264404297
0,-0.49906301498413086,-499.1529190540314,-0.0006392002105712891,1,0.0009369850158691406
0,-0.49472641944885254,-499.14987230300903,0.00433659553527832,0,0.005273580551147461
0,-0.498654842376709,-499.14963936805725,-0.003928422927856445,1,0.0013451576232910156
0,-0.4973759651184082,-499.14928340911865,0.0012788772583007812,0,0.002624034881591797
0,-0.49847960472106934,-499.1477630138397,-0.0011036396026611328,1,0.001520395278930664
0,-0.4966621398925781,-499.1444251537323,0.001817464828491211,0,0.003337860107421875
0,-0.5,-499.1444251537323,-0.003337860107421875,1,0.0
0,-0.4989619255065918,-499.1433870792389,0.0010380744934082031,0,0.0010380744934082031
0,-0.5,-499.1444671154022,-0.0010380744934082031,0,0.0
0,-0.49973440170288086,-499.1449279785156,0.0002655982971191406,0,0.0002655982971191406
0,-0.49852442741394043,-499.1444823741913,0.0012099742889404297,0,0.0014755725860595703
0,-0.4972379207611084,-499.1443247795105,0.0012865066528320312,0,0.0027620792388916016
0,-0.4998514652252197,-499.1441762447357,-0.002613544464111328,1,0.00014853477478027344
0,-0.4988842010498047,-499.1430604457855,0.0009672641754150391,0,0.0011157989501953125
0,-0.5,-499.1430604457855,-0.0011157989501953125,0,0.0
0,-0.4979398250579834,-499.14199447631836,0.0020601749420166016,0,0.0020601749420166016
0,-0.4999053478240967,-499.14189982414246,-0.0019655227661132812,0,9.465217590332031e-05
0,-0.49495530128479004,-499.13685512542725,0.004950046539306641,0,0.005044698715209961
0,-0.4989922046661377,-499.1358473300934,-0.004036903381347656,0,0.0010077953338623047
0,-0.4967007637023926,-499.1335561275482,0.002291440963745117,0,0.003299236297607422
0,-0.5,-499.13461351394653,-0.003299236297607422,1,0.0
0,-0.49495363235473633,-499.1325042247772,0.005046367645263672,0,0.005046367645263672
0,-0.4988851547241211,-499.13138937950134,-0.003931522369384766,0,0.0011148452758789062
0,-0.496140718460083,-499.12952160835266,0.002744436264038086,0,0.003859281539916992
0,-0.5,-499.12952160835266,-0.003859281539916992,1,0.0
0,-0.49695897102355957,-499.1264805793762,0.0030410289764404297,0,0.0030410289764404297
0,-0.5,-499.12672328948975,-0.0030410289764404297,0,0.0
0,-0.4990074634552002,-499.12573075294495,0.0009925365447998047,0,0.0009925365447998047
0,-0.49893784523010254,-499.12466859817505,6.961822509765625e-05,1,0.001062154769897461
0,-0.4821743965148926,-499.1084952354431,0.01676344871520996,0,0.017825603485107422
0,-0.5,-499.1084952354431,-0.017825603485107422,1,0.0
0,-0.4985785484313965,-499.1070737838745,0.0014214515686035156,0,0.0014214515686035156
0,-0.5,-499.10909700393677,-0.0014214515686035156,0,0.0
0,-0.5,-499.1131408214569,0.0,0,0.0
0,-0.49900364875793457,-499.11310625076294,0.0009963512420654297,0,0.0009963512420654297
0,-0.5,-499.11578702926636,-0.0009963512420654297,0,0.0
0,-0.4994959831237793,-499.11528301239014,0.0005040168762207031,0,0.0005040168762207031
0,-0.5,-499.11528301239014,-0.0005040168762207031,0,0.0
0,-0.49899792671203613,-499.1142809391022,0.0010020732879638672,1,0.0010020732879638672
0,-0.4972829818725586,-499.1121172904968,0.001714944839477539,0,0.0027170181274414062
0,-0.5,-499.1121172904968,-0.0027170181274414062,1,0.0
0,-0.49904561042785645,-499.1111629009247,0.0009543895721435547,0,0.0009543895721435547
0,-0.4986002445220947,-499.1097631454468,0.00044536590576171875,1,0.0013997554779052734
0,-0.4977610111236572,-499.10803294181824,0.0008392333984375,0,0.0022389888763427734
0,-0.5,-499.1090397834778,-0.0022389888763427734,1,0.0
0,-0.498227596282959,-499.10926938056946,0.0017724037170410156,0,0.0017724037170410156
0,-0.4985814094543457,-499.1078507900238,-0.00035381317138671875,1,0.0014185905456542969
0,-0.4989917278289795,-499.1073455810547,-0.00041031837463378906,0,0.0010082721710205078
0,-0.4994978904724121,-499.1068434715271,-0.0005061626434326172,1,0.0005021095275878906
0,-0.4984724521636963,-499.1053159236908,0.0010254383087158203,0,0.001527547836303711
0,-0.5,-499.1053159236908,-0.001527547836303711,1,0.0
0,-0.4989755153656006,-499.1053771972656,0.001024484634399414,0,0.001024484634399414
0,-0.5,-499.1053771972656,-0.001024484634399414,0,0.0
0,-0.49901318550109863,-499.1054847240448,0.0009868144989013672,0,0.0009868144989013672
0,-0.4994792938232422,-499.10533809661865,-0.0004661083221435547,1,0.0005207061767578125
0,-0.49796295166015625,-499.10472083091736,0.0015163421630859375,0,0.00203704833984375
0,-0.5,-499.10472083091736,-0.00203704833984375,0,0.0
0,-0.49898314476013184,-499.1037039756775,0.001016855239868164,0,0.001016855239868164
0,-0.49898767471313477,-499.1026916503906,-4.5299530029296875e-06,1,0.0010123252868652344
0,-0.4988367557525635,-499.1038935184479,0.00015091896057128906,0,0.0011632442474365234
0,-0.4984860420227051,-499.1034371852875,0.00035071372985839844,1,0.0015139579772949219
0,-0.49663734436035156,-499.10104179382324,0.0018486976623535156,0,0.0033626556396484375
0,-0.5,-499.10104179382324,-0.0033626556396484375,1,0.0
0,-0.4989616870880127,-499.10050559043884,0.0010383129119873047,0,0.0010383129119873047
0,-0.5,-499.10050559043884,-0.0010383129119873047,0,0.0
0,-0.499096155166626,-499.10060000419617,0.0009038448333740234,0,0.0009038448333740234
0,-0.49954915046691895,-499.1001491546631,-0.00045299530029296875,1,0.0004508495330810547
0,-0.49837636947631836,-499.09971833229065,0.001172780990600586,0,0.0016236305236816406
0,-0.4990384578704834,-499.09875679016113,-0.0006620883941650391,1,0.0009615421295166016
0,-0.4970428943634033,-499.09779381752014,0.001995563507080078,0,0.0029571056365966797
0,-0.4991946220397949,-499.09798789024353,-0.0021517276763916016,0,0.0008053779602050781
0,-0.49948978424072266,-499.10051226615906,-0.0002951622009277344,0,0.0005102157592773438
0,-0.4989964962005615,-499.0995087623596,0.0004932880401611328,1,0.0010035037994384766
0,-0.4979979991912842,-499.0985095500946,0.0009984970092773438,0,0.0020020008087158203
0,-0.4989664554595947,-499.0983717441559,-0.0009684562683105469,1,0.0010335445404052734
0,-0.49744677543640137,-499.0958185195923,0.0015196800231933594,0,0.002553224563598633
0,-0.4990661144256592,-499.09590339660645,-0.0016193389892578125,1,0.0009338855743408203
0,-0.49723386764526367,-499.09534883499146,0.0018322467803955078,0,0.002766132354736328
0,-0.5,-499.09534883499146,-0.002766132354736328,0,0.0
0,-0.499530553817749,-499.09589862823486,0.00046944618225097656,0,0.00046944618225097656
0,-0.49962520599365234,-499.09653329849243,-9.465217590332031e-05,0,0.00037479400634765625
0,-0.5,-499.0975286960602,-0.00037479400634765625,0,0.0
0,-0.498943567276001,-499.0964722633362,0.0010564327239990234,0,0.0010564327239990234
0,-0.49900317192077637,-499.09647512435913,-5.9604644775390625e-05,0,0.0009968280792236328
0,-0.49826669692993164,-499.09474182128906,0.0007364749908447266,0,0.0017333030700683594
0,-0.497394323348999,-499.09213614463806,0.0008723735809326172,0,0.0026056766510009766
0,-0.49877190589904785,-499.091415643692,-0.0013775825500488281,0,0.0012280941009521484
0,-0.49891114234924316,-499.091331243515,-0.0001392364501953125,0,0.001088857650756836
0,-0.5,-499.091331243515,-0.001088857650756836,0,0.0
0,-0.49901461601257324,-499.0903458595276,0.0009853839874267578,0,0.0009853839874267578
0,-0.4998650550842285,-499.09222984313965,-0.0008504390716552734,0,0.00013494491577148438
0,-0.5,-499.09450006484985,-0.00013494491577148438,0,0.0
0,-0.4994652271270752,-499.0949604511261,0.0005347728729248047,0,0.0005347728729248047
0,-0.49843788146972656,-499.0953996181488,0.0010273456573486328,0,0.0015621185302734375
0,-0.4982612133026123,-499.0936608314514,0.0001766681671142578,0,0.0017387866973876953
0,-0.5,-499.09634470939636,-0.0017387866973876953,0,0.0
0,-0.4998965263366699,-499.0973701477051,0.00010347366333007812,0,0.00010347366333007812
0,-0.5,-499.0995397567749,-0.00010347366333007812,0,0.0
0,-0.4993267059326172,-499.0988664627075,0.0006732940673828125,0,0.0006732940673828125
0,-0.5,-499.0988664627075,-0.0006732940673828125,0,0.0
0,-0.49948740005493164,-499.09835386276245,0.0005125999450683594,1,0.0005125999450683594
0,-0.4980125427246094,-499.09636640548706,0.0014748573303222656,0,0.001987457275390625
0,-0.49909067153930664,-499.0955460071564,-0.0010781288146972656,0,0.0009093284606933594
0,-0.49990320205688477,-499.0959858894348,-0.000812530517578125,0,9.679794311523438e-05
0,-0.4990804195404053,-499.0950663089752,0.0008227825164794922,0,0.0009195804595947266
0,-0.49891090393066406,-499.09503746032715,0.00016951560974121094,0,0.0010890960693359375
0,-0.4971284866333008,-499.09216594696045,0.0017824172973632812,0,0.0028715133666992188
0,-0.4990062713623047,-499.09217500686646,-0.0018777847290039062,0,0.0009937286376953125
0,-0.4989495277404785,-499.09112453460693,5.6743621826171875e-05,0,0.0010504722595214844
0,-0.49901676177978516,-499.0909757614136,-6.723403930664062e-05,0,0.0009832382202148438
0,-0.49947524070739746,-499.091468334198,-0.0004584789276123047,0,0.0005247592926025391
0,-0.4990050792694092,-499.09260177612305,0.00047016143798828125,0,0.0009949207305908203
0,-0.5,-499.09260177612305,-0.0009949207305908203,0,0.0
0,-0.4994964599609375,-499.09318017959595,0.0005035400390625,0,0.0005035400390625
0,-0.49900317192077637,-499.0921833515167,0.0004932880401611328,1,0.0009968280792236328
0,-0.49800682067871094,-499.09019017219543,0.0009963512420654297,0,0.0019931793212890625
0,-0.49941396713256836,-499.089604139328,-0.0014071464538574219,0,0.0005860328674316406
0,-0.49820995330810547,-499.0888111591339,0.0012040138244628906,0,0.0017900466918945312
0,-0.4993751049041748,-499.0881862640381,-0.001165151596069336,0,0.0006248950958251953
0,-0.5,-499.090119600296,-0.0006248950958251953,0,0.0
0,-0.4989943504333496,-499.08911395072937,0.0010056495666503906,0,0.0010056495666503906
0,-0.5,-499.1046838760376,-0.0010056495666503906,1,0.0
0,-0.5,-499.1046838760376,0.0,1,0.0
0,-0.4990074634552002,-499.1036913394928,0.0009925365447998047,0,0.0009925365447998047
0,-0.49899911880493164,-499.10269045829773,8.344650268554688e-06,0,0.0010008811950683594
0,-0.5,-499.10375237464905,-0.0010008811950683594,0,0.0
0,-0.4994943141937256,-499.1032466888428,0.0005056858062744141,1,0.0005056858062744141
0,-0.4979732036590576,-499.10332584381104,0.0015211105346679688,0,0.002026796340942383
0,-0.49912571907043457,-499.10245156288147,-0.0011525154113769531,0,0.0008742809295654297
0,-0.5,-499.10245156288147,-0.0008742809295654297,0,0.0
0,-0.4979078769683838,-499.10035943984985,0.002092123031616211,0,0.002092123031616211
0,-0.5,-499.10035943984985,-0.002092123031616211,0,0.0
0,-0.49886536598205566,-499.0992248058319,0.001134634017944336,0,0.001134634017944336
0,-0.49898743629455566,-499.09821224212646,-0.0001220703125,0,0.001012563705444336
0,-0.498615026473999,-499.09789061546326,0.0003724098205566406,1,0.0013849735260009766
0,-0.49720263481140137,-499.0957760810852,0.0014123916625976562,0,0.002797365188598633
0,-0.49930620193481445,-499.0960958003998,-0.002103567123413086,0,0.0006937980651855469
0,-0.49828100204467773,-499.09504795074463,0.0010251998901367188,0,0.0017189979553222656
0,-0.49952101707458496,-499.0945689678192,-0.0012400150299072266,1,0.00047898292541503906
0,-0.4988260269165039,-499.09431624412537,0.0006949901580810547,0,0.0011739730834960938
0,-0.4998955726623535,-499.0942118167877,-0.0010695457458496094,0,0.00010442733764648438
0,-0.4990222454071045,-499.0932340621948,0.0008733272552490234,2,0.0009777545928955078
0,-0.4984910488128662,-499.0917251110077,0.0005311965942382812,2,0.001508951187133789
0,-0.48137760162353516,-499.0731027126312,0.017113447189331055,1,0.018622398376464844
0,-0.4974822998046875,-499.07084488868713,-0.016104698181152344,0,0.0025177001953125
0,-0.4999213218688965,-499.07076621055603,-0.0024390220642089844,0,7.867813110351562e-05
0,-0.4990043640136719,-499.06998682022095,0.0009169578552246094,0,0.000995635986328125
0,-0.49899983406066895,-499.0689866542816,4.5299530029296875e-06,0,0.0010001659393310547
0,-0.5,-499.0689866542816,-0.0010001659393310547,0,0.0
0,-0.49974584579467773,-499.0687325000763,0.0002541542053222656,0,0.0002541542053222656
0,-0.49881482124328613,-499.0685977935791,0.0009310245513916016,1,0.0011851787567138672
0,-0.49828481674194336,-499.06688261032104,0.0005300045013427734,0,0.0017151832580566406
0,-0.49993014335632324,-499.0678868293762,-0.0016453266143798828,0,6.985664367675781e-05
0,-0.4994962215423584,-499.0703933238983,0.00043392181396484375,0,0.0005037784576416016
0,-0.4991121292114258,-499.06950545310974,0.0003840923309326172,1,0.0008878707885742188
0,-0.49753236770629883,-499.069034576416,0.0015797615051269531,0,0.002467632293701172
0,-0.49933385848999023,-499.06943106651306,-0.0018014907836914062,0,0.0006661415100097656
0,-0.5,-499.07042837142944,-0.0006661415100097656,0,0.0
0,-0.498995304107666,-499.0694236755371,0.0010046958923339844,1,0.0010046958923339844
0,-0.5,-499.0694236755371,-0.0010046958923339844,0,0.0
0,-0.5,-499.0694236755371,0.0,0,0.0
0,-0.5,-499.0694236755371,0.0,0,0.0
0,-0.5,-499.07045245170593,0.0,0,0.0
0,-0.5,-499.0724973678589,0.0,0,0.0
0,-0.4999253749847412,-499.0732078552246,7.462501525878906e-05,0,7.462501525878906e-05
0,-0.49941325187683105,-499.07262110710144,0.0005121231079101562,2,0.0005867481231689453
0,-0.4983561038970947,-499.07198095321655,0.0010571479797363281,0,0.0016438961029052734
0,-0.4993107318878174,-499.0776391029358,-0.0009546279907226562,0,0.0006892681121826172
0,-0.49924159049987793,-499.07688069343567,6.914138793945312e-05,0,0.0007584095001220703
0,-0.4979238510131836,-499.07480454444885,0.001317739486694336,0,0.0020761489868164062
0,-0.49985337257385254,-499.0746579170227,-0.0019295215606689453,1,0.00014662742614746094
0,-0.4979846477508545,-499.07469487190247,0.0018687248229980469,0,0.002015352249145508
0,-0.49918127059936523,-499.0748817920685,-0.0011966228485107422,0,0.0008187294006347656
0,-0.5,-499.0769066810608,-0.0008187294006347656,0,0.0
0,-0.49899840354919434,-499.07590508461,0.001001596450805664,0,0.001001596450805664
0,-0.49894189834594727,-499.07484698295593,5.650520324707031e-05,1,0.0010581016540527344
0,-0.4989652633666992,-499.07381224632263,-2.3365020751953125e-05,0,0.0010347366333007812
0,-0.5,-499.0754745006561,-0.0010347366333007812,0,0.0
0,-0.4989471435546875,-499.0744216442108,0.0010528564453125,0,0.0010528564453125
0,-0.5,-499.0744216442108,-0.0010528564453125,0,0.0
0,-0.4989328384399414,-499.0734348297119,0.0010671615600585938,0,0.0010671615600585938
0,-0.49898767471313477,-499.07242250442505,-5.4836273193359375e-05,0,0.0010123252868652344
0,-0.5,-499.07350635528564,-0.0010123252868652344,0,0.0
0,-0.4979860782623291,-499.07464599609375,0.0020139217376708984,0,0.0020139217376708984
0,-0.5,-499.07464599609375,-0.0020139217376708984,1,0.0
0,-0.49900317192077637,-499.0745723247528,0.0009968280792236328,0,0.0009968280792236328
0,-0.5,-499.07565355300903,-0.0009968280792236328,0,0.0
0,-0.5,-499.07861709594727,0.0,0,0.0
0,-0.5,-499.0791208744049,0.0,0,0.0
0,-0.4984557628631592,-499.0780804157257,0.0015442371368408203,0,0.0015442371368408203
0,-0.4981861114501953,-499.0762665271759,0.0002696514129638672,0,0.0018138885498046875
0,-0.49714136123657227,-499.0734078884125,0.0010447502136230469,0,0.0028586387634277344
0,-0.5,-499.0744023323059,-0.0028586387634277344,0,0.0
0,-0.49982380867004395,-499.0747516155243,0.0001761913299560547,0,0.0001761913299560547
0,-0.49900007247924805,-499.07375168800354,0.0008237361907958984,1,0.0009999275207519531
0,-0.4977586269378662,-499.07251143455505,0.001241445541381836,0,0.002241373062133789
0,-0.498981237411499,-499.07149267196655,-0.0012226104736328125,1,0.0010187625885009766
0,-0.4985840320587158,-499.07238817214966,0.0003972053527832031,0,0.0014159679412841797
0,-0.4990065097808838,-499.07251954078674,-0.00042247772216796875,1,0.000993490219116211
0,-0.49965333938598633,-499.0733323097229,-0.0006468296051025391,0,0.0003466606140136719
0,-0.4995267391204834,-499.0728590488434,0.0001266002655029297,0,0.00047326087951660156
0,-0.4980330467224121,-499.0708920955658,0.001493692398071289,0,0.0019669532775878906
0,-0.49938225746154785,-499.07027435302734,-0.0013492107391357422,1,0.0006177425384521484
0,-0.49868059158325195,-499.0689549446106,0.0007016658782958984,0,0.0013194084167480469
0,-0.4994218349456787,-499.0683767795563,-0.0007412433624267578,1,0.0005781650543212891
0,-0.49994945526123047,-499.06852626800537,-0.0005276203155517578,0,5.054473876953125e-05
0,-0.49948620796203613,-499.0680124759674,0.00046324729919433594,1,0.0005137920379638672
0,-0.4979977607727051,-499.0660102367401,0.0014884471893310547,0,0.002002239227294922
0,-0.5,-499.0660102367401,-0.002002239227294922,0,0.0
0,-0.5,-499.0670254230499,0.0,0,0.0
0,-0.5,-499.06810903549194,0.0,1,0.0
0,-0.4975895881652832,-499.0676372051239,0.002410411834716797,0,0.002410411834716797
0,-0.4979531764984131,-499.0655903816223,-0.0003635883331298828,1,0.002046823501586914
0,-0.4977593421936035,-499.0633497238159,0.0001938343048095703,0,0.0022406578063964844
0,-0.49955272674560547,-499.0629024505615,-0.0017933845520019531,1,0.00044727325439453125
0,-0.49927568435668945,-499.0635414123535,0.0002770423889160156,0,0.0007243156433105469
0,-0.4993722438812256,-499.0640158653259,-9.655952453613281e-05,0,0.0006277561187744141
0,-0.49875521659851074,-499.06277108192444,0.0006170272827148438,0,0.0012447834014892578
0,-0.4996824264526367,-499.0624535083771,-0.0009272098541259766,0,0.00031757354736328125
0,-0.4998931884765625,-499.0633442401886,-0.00021076202392578125,0,0.0001068115234375
0,-0.5,-499.0633442401886,-0.0001068115234375,1,0.0
0,-0.4989941120147705,-499.0656681060791,0.0010058879852294922,0,0.0010058879852294922
0,-0.5,-499.0661928653717,-0.0010058879852294922,1,0.0
0,-0.4983961582183838,-499.0655822753906,0.001603841781616211,0,0.001603841781616211
0,-0.4983987808227539,-499.0639810562134,-2.6226043701171875e-06,0,0.0016012191772460938
0,-0.5,-499.0639810562134,-0.0016012191772460938,0,0.0
0,-0.49979734420776367,-499.06377840042114,0.00020265579223632812,1,0.00020265579223632812
0,-0.49878573417663574,-499.0652537345886,0.0010116100311279297,0,0.0012142658233642578
0,-0.49959349632263184,-499.06570196151733,-0.0008077621459960938,1,0.00040650367736816406
0,-0.4990365505218506,-499.0647385120392,0.00055694580078125,0,0.0009634494781494141
0,-0.49864649772644043,-499.0633850097656,0.00039005279541015625,0,0.0013535022735595703
0,-0.4984898567199707,-499.0618748664856,0.00015664100646972656,0,0.0015101432800292969
0,-0.49958276748657227,-499.06145763397217,-0.0010929107666015625,1,0.0004172325134277344
0,-0.4989957809448242,-499.060453414917,0.0005869865417480469,0,0.0010042190551757812
0,-0.5,-499.0614604949951,-0.0010042190551757812,0,0.0
0,-0.49952149391174316,-499.06098198890686,0.00047850608825683594,0,0.00047850608825683594
0,-0.5,-499.06098198890686,-0.00047850608825683594,1,0.0
0,-0.5,-499.06098198890686,0.0,0,0.0
0,-0.5,-499.06098198890686,0.0,0,0.0
0,-0.5,-499.06284260749817,0.0,0,0.0
0,-0.498565673828125,-499.0624077320099,0.001434326171875,0,0.001434326171875
0,-0.49900341033935547,-499.0672903060913,-0.00043773651123046875,0,0.0009965896606445312
0,-0.4989948272705078,-499.0662851333618,8.58306884765625e-06,0,0.0010051727294921875
0,-0.5,-499.0662851333618,-0.0010051727294921875,0,0.0
0,-0.5,-499.0673110485077,0.0,1,0.0
0,-0.4989488124847412,-499.0683043003082,0.001051187515258789,0,0.001051187515258789
0,-0.5,-499.0683043003082,-0.001051187515258789,0,0.0
0,-0.49974560737609863,-499.0710287094116,0.0002543926239013672,0,0.0002543926239013672
0,-0.5,-499.0720474720001,-0.0002543926239013672,0,0.0
0,-0.5,-499.07403922080994,0.0,0,0.0
0,-0.499065637588501,-499.07310485839844,0.0009343624114990234,1,0.0009343624114990234
0,-0.4989924430847168,-499.07209730148315,7.319450378417969e-05,0,0.0010075569152832031
0,-0.5,-499.07209730148315,-0.0010075569152832031,0,0.0
0,-0.49790120124816895,-499.0699985027313,0.0020987987518310547,0,0.0020987987518310547
0,-0.5,-499.07103157043457,-0.0020987987518310547,0,0.0
0,-0.497997522354126,-499.0721187591553,0.0020024776458740234,0,0.0020024776458740234
0,-0.5,-499.07314133644104,-0.0020024776458740234,0,0.0
0,-0.5,-499.0749635696411,0.0,0,0.0
0,-0.5,-499.07588481903076,0.0,0,0.0
0,-0.49962282180786133,-499.07767605781555,0.0003771781921386719,0,0.0003771781921386719
0,-0.5,-499.07767605781555,-0.0003771781921386719,1,0.0
0,-0.4989199638366699,-499.08856892585754,0.0010800361633300781,0,0.0010800361633300781
0,-0.5,-499.08856892585754,-0.0010800361633300781,0,0.0
0,-0.4998159408569336,-499.09132051467896,0.00018405914306640625,0,0.00018405914306640625
0,-0.5,-499.0923283100128,-0.00018405914306640625,1,0.0
0,-0.4970066547393799,-499.0913279056549,0.002993345260620117,0,0.002993345260620117
0,-0.4989950656890869,-499.090322971344,-0.0019884109497070312,0,0.001004934310913086
0,-0.49799656867980957,-499.08924102783203,0.0009984970092773438,0,0.0020034313201904297
0,-0.5,-499.0902645587921,-0.0020034313201904297,1,0.0
0,-0.49876832962036133,-499.0910220146179,0.0012316703796386719,0,0.0012316703796386719
0,-0.4994058609008789,-499.0904278755188,-0.0006375312805175781,1,0.0005941390991210938
0,-0.4986903667449951,-499.0891182422638,0.0007154941558837891,0,0.0013096332550048828
0,-0.4993903636932373,-499.08850860595703,-0.0006999969482421875,1,0.0006096363067626953
0,-0.4988219738006592,-499.0873305797577,0.000568389892578125,0,0.0011780261993408203
0,-0.5,-499.08834958076477,-0.0011780261993408203,1,0.0
0,-0.49773097038269043,-499.08712816238403,0.0022690296173095703,0,0.0022690296173095703
0,-0.4989924430847168,-499.08612060546875,-0.0012614727020263672,1,0.0010075569152832031
0,-0.4979569911956787,-499.08407759666443,0.001035451889038086,0,0.002043008804321289
0,-0.5,-499.08407759666443,-0.002043008804321289,0,0.0
0,-0.49988865852355957,-499.0844750404358,0.00011134147644042969,0,0.00011134147644042969
0,-0.4992709159851074,-499.0837459564209,0.0006177425384521484,1,0.0007290840148925781
0,-0.499392032623291,-499.0831379890442,-0.00012111663818359375,0,0.0006079673767089844
0,-0.5,-499.0831379890442,-0.0006079673767089844,0,0.0
0,-0.4998626708984375,-499.08518075942993,0.0001373291015625,0,0.0001373291015625
0,-0.5,-499.08518075942993,-0.0001373291015625,0,0.0
0,-0.5,-499.0861773490906,0.0,0,0.0
0,-0.49924659729003906,-499.0854239463806,0.0007534027099609375,1,0.0007534027099609375
0,-0.498767614364624,-499.08419156074524,0.00047898292541503906,0,0.0012323856353759766
0,-0.49887871742248535,-499.08357214927673,-0.00011110305786132812,1,0.0011212825775146484
0,-0.4978601932525635,-499.0830228328705,0.001018524169921875,0,0.0021398067474365234
0,-0.5,-499.0830228328705,-0.0021398067474365234,0,0.0
0,-0.49970173835754395,-499.082724571228,0.0002982616424560547,0,0.0002982616424560547
0,-0.49948620796203613,-499.08221077919006,0.0002155303955078125,0,0.0005137920379638672
0,-0.4980030059814453,-499.0802137851715,0.0014832019805908203,0,0.0019969940185546875
0,-0.5,-499.0802137851715,-0.0019969940185546875,1,0.0
0,-0.4890129566192627,-499.06922674179077,0.010987043380737305,0,0.010987043380737305
0,-0.49951624870300293,-499.0687429904938,-0.010503292083740234,0,0.0004837512969970703
0,-0.4977226257324219,-499.0664656162262,0.0017936229705810547,0,0.002277374267578125
0,-0.5,-499.0664656162262,-0.002277374267578125,1,0.0
0,-0.5,-499.0664656162262,0.0,0,0.0
0,-0.498990535736084,-499.0654561519623,0.0010094642639160156,0,0.0010094642639160156
0,-0.49887776374816895,-499.06433391571045,0.00011277198791503906,0,0.0011222362518310547
0,-0.5,-499.06433391571045,-0.0011222362518310547,0,0.0
0,-0.5,-499.06433391571045,0.0,0,0.0
0,-0.5,-499.06433391571045,0.0,1,0.0
0,-0.5,-499.0652542114258,0.0,0,0.0
0,-0.4987757205963135,-499.0640299320221,0.0012242794036865234,1,0.0012242794036865234
0,-0.4979376792907715,-499.06196761131287,0.0008380413055419922,0,0.0020623207092285156
0,-0.4992098808288574,-499.0611774921417,-0.0012722015380859375,1,0.0007901191711425781
0,-0.4986717700958252,-499.05984926223755,0.0005381107330322266,0,0.0013282299041748047
0,-0.5,-499.06006121635437,-0.0013282299041748047,0,0.0
0,-0.4990098476409912,-499.05907106399536,0.000990152359008789,0,0.000990152359008789
0,-0.49950218200683594,-499.0585732460022,-0.0004923343658447266,1,0.0004978179931640625
0,-0.4981882572174072,-499.0587549209595,0.001313924789428711,0,0.0018117427825927734
0,-0.5,-499.0603322982788,-0.0018117427825927734,0,0.0
0,-0.5,-499.0603322982788,0.0,0,0.0
0,-0.49900341033935547,-499.05933570861816,0.0009965896606445312,0,0.0009965896606445312
0,-0.5,-499.05933570861816,-0.0009965896606445312,0,0.0
0,-0.4989964962005615,-499.0587773323059,0.0010035037994384766,1,0.0010035037994384766
0,-0.49799656867980957,-499.0577733516693,0.0009999275207519531,0,0.0020034313201904297
0,-0.4990062713623047,-499.0578045845032,-0.0010097026824951172,1,0.0009937286376953125
0,-0.4935636520385742,-499.053364276886,0.005442619323730469,0,0.006436347961425781
0,-0.5,-499.053364276886,-0.006436347961425781,0,0.0
0,-0.4989614486694336,-499.0533378124237,0.0010385513305664062,0,0.0010385513305664062
0,-0.5,-499.0533378124237,-0.0010385513305664062,1,0.0
0,-0.5,-499.05645084381104,0.0,0,0.0
0,-0.5,-499.05748081207275,0.0,1,0.0
0,-0.4979991912841797,-499.0584967136383,0.0020008087158203125,0,0.0020008087158203125
0,-0.5,-499.0584967136383,-0.0020008087158203125,1,0.0
0,-0.5,-499.0594947338104,0.0,0,0.0
0,-0.49898791313171387,-499.05963039398193,0.0010120868682861328,1,0.0010120868682861328
0,-0.49794960021972656,-499.05872774124146,0.0010383129119873047,0,0.0020503997802734375
0,-0.49895644187927246,-499.0582642555237,-0.0010068416595458984,1,0.001043558120727539
0,-0.4979541301727295,-499.0591595172882,0.0010023117065429688,0,0.002045869827270508
0,-0.5,-499.0591595172882,-0.002045869827270508,0,0.0
0,-0.4984598159790039,-499.0586140155792,0.0015401840209960938,0,0.0015401840209960938
0,-0.498992919921875,-499.0576069355011,-0.0005331039428710938,1,0.001007080078125
0,-0.49791455268859863,-499.05762577056885,0.0010783672332763672,0,0.002085447311401367
0,-0.5,-499.0581443309784,-0.002085447311401367,1,0.0
0,-0.5,-499.0581443309784,0.0,0,0.0
0,-0.4994926452636719,-499.0587079524994,0.000507354736328125,0,0.000507354736328125
0,-0.5,-499.05971908569336,-0.000507354736328125,0,0.0
0,-0.5,-499.05971908569336,0.0,0,0.0
0,-0.5,-499.05971908569336,0.0,0,0.0
0,-0.5,-499.0607485771179,0.0,1,0.0
0,-0.5,-499.0607485771179,0.0,0,0.0
0,-0.49894046783447266,-499.0617604255676,0.0010595321655273438,1,0.0010595321655273438
0,-0.4979431629180908,-499.0597035884857,0.000997304916381836,0,0.0020568370819091797
0,-0.5,-499.0597035884857,-0.0020568370819091797,0,0.0
0,-0.5,-499.0597035884857,0.0,0,0.0
0,-0.49846911430358887,-499.0581727027893,0.0015308856964111328,1,0.0015308856964111328
0,-0.4969964027404785,-499.0551691055298,0.0014727115631103516,0,0.0030035972595214844
0,-0.49900007247924805,-499.05416917800903,-0.0020036697387695312,0,0.0009999275207519531
0,-0.499117374420166,-499.0532865524292,-0.00011730194091796875,0,0.0008826255798339844
0,-0.49948883056640625,-499.0532920360565,-0.0003714561462402344,0,0.00051116943359375
0,-0.4986147880554199,-499.05804443359375,0.0008740425109863281,0,0.0013852119445800781
0,-0.4989938735961914,-499.0620827674866,-0.0003790855407714844,1,0.0010061264038085938
0,-0.49800729751586914,-499.0620963573456,0.0009865760803222656,0,0.0019927024841308594
0,-0.49958062171936035,-499.0632474422455,-0.001573324203491211,0,0.00041937828063964844
0,-0.5,-499.0656898021698,-0.00041937828063964844,0,0.0
0,-0.499525785446167,-499.06620740890503,0.0004742145538330078,1,0.0004742145538330078
0,-0.4973726272583008,-499.0640015602112,0.002153158187866211,0,0.0026273727416992188
0,-0.5,-499.06508111953735,-0.0026273727416992188,0,0.0
0,-0.5,-499.06842589378357,0.0,0,0.0
0,-0.4995725154876709,-499.0689649581909,0.00042748451232910156,0,0.00042748451232910156
0,-0.5,-499.0689649581909,-0.00042748451232910156,0,0.0
0,-0.5,-499.06996059417725,0.0,0,0.0
0,-0.5,-499.0702111721039,0.0,0,0.0
0,-0.49966001510620117,-499.0698711872101,0.0003399848937988281,0,0.0003399848937988281
0,-0.5,-499.0698711872101,-0.0003399848937988281,0,0.0
0,-0.49899816513061523,-499.07092928886414,0.0010018348693847656,0,0.0010018348693847656
0,-0.5,-499.07092928886414,-0.0010018348693847656,0,0.0
0,-0.5,-499.07092928886414,0.0,0,0.0
0,-0.5,-499.07092928886414,0.0,0,0.0
0,-0.5,-499.07092928886414,0.0,0,0.0
0,-0.5,-499.07092928886414,0.0,0,0.0
0,-0.5,-499.0715308189392,0.0,0,0.0
0,-0.5,-499.0715308189392,0.0,0,0.0
0,-0.5,-499.0715308189392,0.0,0,0.0
0,-0.5,-499.0725293159485,0.0,1,0.0
0,-0.49945831298828125,-499.07198762893677,0.00054168701171875,0,0.00054168701171875
0,-0.5,-499.07198762893677,-0.00054168701171875,1,0.0
0,-0.497936487197876,-499.06992411613464,0.0020635128021240234,0,0.0020635128021240234
0,-0.5,-499.0716052055359,-0.0020635128021240234,0,0.0
0,-0.5,-499.0726578235626,0.0,0,0.0
0,-0.498992919921875,-499.0716507434845,0.001007080078125,0,0.001007080078125
0,-0.5,-499.0716507434845,-0.001007080078125,0,0.0
0,-0.49900364875793457,-499.0716631412506,0.0009963512420654297,0,0.0009963512420654297
0,-0.5,-499.0726532936096,-0.0009963512420654297,0,0.0
0,-0.49900317192077637,-499.07369685173035,0.0009968280792236328,0,0.0009968280792236328
0,-0.49889588356018066,-499.0725927352905,0.00010728836059570312,0,0.001104116439819336
0,-0.5,-499.0725927352905,-0.001104116439819336,2,0.0
0,-0.49843335151672363,-499.07102608680725,0.0015666484832763672,1,0.0015666484832763672
0,-0.49456214904785156,-499.06658387184143,0.0038712024688720703,0,0.0054378509521484375
0,-0.4994850158691406,-499.06606888771057,-0.0049228668212890625,1,0.000514984130859375
0,-0.497481107711792,-499.06354999542236,0.002003908157348633,0,0.002518892288208008
0,-0.49932074546813965,-499.0628707408905,-0.0018396377563476562,0,0.0006792545318603516
0,-0.4989902973175049,-499.0665900707245,0.0003304481506347656,0,0.0010097026824951172
0,-0.5,-499.0668697357178,-0.0010097026824951172,1,0.0
0,-0.4989492893218994,-499.06833696365356,0.001050710678100586,0,0.001050710678100586
0,-0.4994926452636719,-499.06782960891724,-0.0005433559417724609,1,0.000507354736328125
0,-0.4978971481323242,-499.06668162345886,0.0015954971313476562,0,0.0021028518676757812
0,-0.4990043640136719,-499.06568598747253,-0.0011072158813476562,0,0.000995635986328125
0,-0.49825263023376465,-499.0644428730011,0.0007517337799072266,0,0.0017473697662353516
0,-0.4989488124847412,-499.06444811820984,-0.0006961822509765625,0,0.001051187515258789
0,-0.4994945526123047,-499.06594467163086,-0.0005457401275634766,0,0.0005054473876953125
0,-0.49894142150878906,-499.0659008026123,0.000553131103515625,0,0.0010585784912109375
0,-0.5,-499.0678825378418,-0.0010585784912109375,0,0.0
0,-0.4989943504333496,-499.06687688827515,0.0010056495666503906,0,0.0010056495666503906
0,-0.4985542297363281,-499.0654311180115,0.0004401206970214844,0,0.001445770263671875
0,-0.49900269508361816,-499.0644338130951,-0.00044846534729003906,0,0.000997304916381836
0,-0.5,-499.0673682689667,-0.000997304916381836,0,0.0
0,-0.5,-499.0673682689667,0.0,0,0.0
0,-0.5,-499.0673682689667,0.0,0,0.0
0,-0.4985368251800537,-499.06692838668823,0.001463174819946289,0,0.001463174819946289
0,-0.5,-499.068975687027,-0.001463174819946289,0,0.0
0,-0.49894189834594727,-499.06895112991333,0.0010581016540527344,0,0.0010581016540527344
0,-0.5,-499.0709958076477,-0.0010581016540527344,0,0.0
0,-0.5,-499.0709958076477,0.0,0,0.0
0,-0.5,-499.0709958076477,0.0,0,0.0
0,-0.5,-499.0709958076477,0.0,0,0.0
0,-0.5,-499.0736892223358,0.0,0,0.0
0,-0.49767374992370605,-499.07244777679443,0.0023262500762939453,0,0.0023262500762939453
0,-0.5,-499.07548117637634,-0.0023262500762939453,0,0.0
0,-0.498981237411499,-499.0750062465668,0.0010187625885009766,0,0.0010187625885009766
0,-0.49799108505249023,-499.0741925239563,0.000990152359008789,0,0.0020089149475097656
0,-0.5,-499.0741925239563,-0.0020089149475097656,0,0.0
0,-0.4989299774169922,-499.07411789894104,0.0010700225830078125,0,0.0010700225830078125
0,-0.5,-499.07411789894104,-0.0010700225830078125,0,0.0
0,-0.4989433288574219,-499.07306122779846,0.001056671142578125,0,0.001056671142578125
0,-0.5,-499.07306122779846,-0.001056671142578125,1,0.0
0,-0.5,-499.07306122779846,0.0,0,0.0
0,-0.5,-499.07371163368225,0.0,0,0.0
0,-0.5,-499.07465505599976,0.0,0,0.0
0,-0.5,-499.07465505599976,0.0,0,0.0
0,-0.4989936351776123,-499.0749263763428,0.0010063648223876953,0,0.0010063648223876953
0,-0.5,-499.0749263763428,-0.0010063648223876953,1,0.0
0,-0.4979870319366455,-499.074982881546,0.002012968063354492,0,0.002012968063354492
0,-0.4989893436431885,-499.07502126693726,-0.0010023117065429688,0,0.0010106563568115234
0,-0.5,-499.0770642757416,-0.0010106563568115234,1,0.0
0,-0.4978947639465332,-499.07597184181213,0.002105236053466797,0,0.002105236053466797
0,-0.5,-499.07812237739563,-0.002105236053466797,0,0.0
0,-0.499417781829834,-499.0780289173126,0.0005822181701660156,0,0.0005822181701660156
0,-0.5,-499.0802435874939,-0.0005822181701660156,0,0.0
0,-0.5,-499.0812578201294,0.0,0,0.0
0,-0.4989805221557617,-499.0832657814026,0.0010194778442382812,0,0.0010194778442382812
0,-0.49957990646362305,-499.0838646888733,-0.0005993843078613281,0,0.0004200935363769531
0,-0.5,-499.0838646888733,-0.0004200935363769531,0,0.0
0,-0.5,-499.0838646888733,0.0,1,0.0
0,-0.49700093269348145,-499.0808656215668,0.0029990673065185547,0,0.0029990673065185547
0,-0.49929022789001465,-499.080668926239,-0.002289295196533203,1,0.0007097721099853516
0,-0.4974658489227295,-499.0806517601013,0.0018243789672851562,0,0.002534151077270508
0,-0.5,-499.0817840099335,-0.002534151077270508,0,0.0
0,-0.5,-499.0823972225189,0.0,0,0.0
0,-0.5,-499.0834290981293,0.0,0,0.0
0,-0.5,-499.08644819259644,0.0,0,0.0
0,-0.4990110397338867,-499.0860996246338,0.0009889602661132812,0,0.0009889602661132812
0,-0.5,-499.0879728794098,-0.0009889602661132812,0,0.0
0,-0.5,-499.0879728794098,0.0,1,0.0
0,-0.49792981147766113,-499.08772563934326,0.002070188522338867,0,0.002070188522338867
0,-0.49792027473449707,-499.08564591407776,9.5367431640625e-06,0,0.0020797252655029297
0,-0.5,-499.08664417266846,-0.0020797252655029297,0,0.0
0,-0.5,-499.0876455307007,0.0,1,0.0
0,-0.5,-499.08865904808044,0.0,0,0.0
0,-0.49785327911376953,-499.08752822875977,0.0021467208862304688,0,0.0021467208862304688
0,-0.5,-499.08951711654663,-0.0021467208862304688,0,0.0
0,-0.49895524978637695,-499.088472366333,0.0010447502136230469,0,0.0010447502136230469
0,-0.4990086555480957,-499.0874810218811,-5.340576171875e-05,0,0.0009913444519042969
0,-0.5,-499.0874810218811,-0.0009913444519042969,0,0.0
0,-0.49900341033935547,-499.08648443222046,0.0009965896606445312,0,0.0009965896606445312
0,-0.5,-499.08648443222046,-0.0009965896606445312,0,0.0
0,-0.4996628761291504,-499.0861473083496,0.0003371238708496094,0,0.0003371238708496094
0,-0.5,-499.0861473083496,-0.0003371238708496094,1,0.0
0,-0.4990055561065674,-499.0851528644562,0.0009944438934326172,0,0.0009944438934326172
0,-0.5,-499.0851528644562,-0.0009944438934326172,1,0.0
0,-0.5,-499.0861759185791,0.0,0,0.0
0,-0.5,-499.0879385471344,0.0,1,0.0
0,-0.49900031089782715,-499.0869388580322,0.0009996891021728516,0,0.0009996891021728516
0,-0.5,-499.0869388580322,-0.0009996891021728516,1,0.0
0,-0.5,-499.0869388580322,0.0,0,0.0
0,-0.5,-499.0880055427551,0.0,1,0.0
0,-0.4985811710357666,-499.08865189552307,0.0014188289642333984,0,0.0014188289642333984
0,-0.49949097633361816,-499.0891571044922,-0.0009098052978515625,0,0.0005090236663818359
0,-0.4984867572784424,-499.0923523902893,0.0010042190551757812,0,0.0015132427215576172
0,-0.5,-499.0923523902893,-0.0015132427215576172,1,0.0
0,-0.4985818862915039,-499.0926990509033,0.0014181137084960938,0,0.0014181137084960938
0,-0.5,-499.09371161460876,-0.0014181137084960938,1,0.0
0,-0.4990065097808838,-499.09579062461853,0.000993490219116211,0,0.000993490219116211
0,-0.5,-499.0968587398529,-0.000993490219116211,1,0.0
0,-0.4989738464355469,-499.09791016578674,0.001026153564453125,0,0.001026153564453125
0,-0.4994845390319824,-499.09840536117554,-0.0005106925964355469,0,0.0005154609680175781
0,-0.49899959564208984,-499.1004569530487,0.0004849433898925781,0,0.0010004043579101562
0,-0.5,-499.1014804840088,-0.0010004043579101562,0,0.0
0,-0.5,-499.1023874282837,0.0,0,0.0
0,-0.5,-499.1023874282837,0.0,0,0.0
0,-0.5,-499.10338497161865,0.0,0,0.0
0,-0.5,-499.10338497161865,0.0,1,0.0
0,-0.4987034797668457,-499.1020884513855,0.0012965202331542969,0,0.0012965202331542969
0,-0.5,-499.1032485961914,-0.0012965202331542969,1,0.0
0,-0.4990828037261963,-499.10659098625183,0.0009171962738037109,0,0.0009171962738037109
0,-0.4989771842956543,-499.1065402030945,0.00010561943054199219,1,0.0010228157043457031
0,-0.4958956241607666,-499.1034758090973,0.0030815601348876953,0,0.0041043758392333984
0,-0.5,-499.1034758090973,-0.0041043758392333984,1,0.0
0,-0.5,-499.1034758090973,0.0,0,0.0
0,-0.5,-499.1034758090973,0.0,1,0.0
0,-0.5,-499.10447549819946,0.0,0,0.0
0,-0.49899888038635254,-499.10546231269836,0.001001119613647461,1,0.001001119613647461
0,-0.495790958404541,-499.10225915908813,0.0032079219818115234,0,0.004209041595458984
0,-0.4989755153656006,-499.1014733314514,-0.0031845569610595703,1,0.001024484634399414
0,-0.49796366691589355,-499.0994369983673,0.0010118484497070312,0,0.0020363330841064453
0,-0.5,-499.0994369983673,-0.0020363330841064453,0,0.0
0,-0.49793577194213867,-499.098370552063,0.002064228057861328,0,0.002064228057861328
0,-0.5,-499.09936475753784,-0.002064228057861328,1,0.0
0,-0.4929683208465576,-499.09458684921265,0.007031679153442383,0,0.007031679153442383
0,-0.4996633529663086,-499.09425020217896,-0.0066950321197509766,1,0.00033664703369140625
0,-0.4977400302886963,-499.0940508842468,0.0019233226776123047,0,0.002259969711303711
0,-0.5,-499.0950744152069,-0.002259969711303711,1,0.0
0,-0.5,-499.09594774246216,0.0,0,0.0
0,-0.5,-499.09594774246216,0.0,0,0.0
0,-0.5,-499.0970096588135,0.0,0,0.0
0,-0.5,-499.0970096588135,0.0,0,0.0
0,-0.4988884925842285,-499.0958981513977,0.0011115074157714844,1,0.0011115074157714844
0,-0.49794650077819824,-499.0938446521759,0.0009419918060302734,0,0.002053499221801758
0,-0.5,-499.0938446521759,-0.002053499221801758,0,0.0
0,-0.5,-499.0938446521759,0.0,0,0.0
0,-0.5,-499.0948040485382,0.0,0,0.0
0,-0.5,-499.0948040485382,0.0,0,0.0
0,-0.49900364875793457,-499.09380769729614,0.0009963512420654297,0,0.0009963512420654297
0,-0.4989945888519287,-499.0940589904785,9.059906005859375e-06,1,0.001005411148071289
0,-0.4979538917541504,-499.0948598384857,0.0010406970977783203,0,0.0020461082458496094
0,-0.5,-499.0959270000458,-0.0020461082458496094,0,0.0
0,-0.49855470657348633,-499.0975286960602,0.0014452934265136719,0,0.0014452934265136719
0,-0.5,-499.0984194278717,-0.0014452934265136719,1,0.0
0,-0.49900078773498535,-499.0994246006012,0.0009992122650146484,0,0.0009992122650146484
0,-0.4989917278289795,-499.0984163284302,9.059906005859375e-06,0,0.0010082721710205078
0,-0.49800634384155273,-499.09642267227173,0.0009853839874267578,0,0.0019936561584472656
0,-0.5,-499.09642267227173,-0.0019936561584472656,1,0.0
0,-0.4974210262298584,-499.0957119464874,0.0025789737701416016,0,0.0025789737701416016
0,-0.49896836280822754,-499.09468030929565,-0.0015473365783691406,1,0.001031637191772461
0,-0.49800729751586914,-499.0946776866913,0.0009610652923583984,0,0.0019927024841308594
0,-0.5,-499.0946776866913,-0.0019927024841308594,0,0.0
0,-0.4989910125732422,-499.0936686992645,0.0010089874267578125,0,0.0010089874267578125
0,-0.49897241592407227,-499.0926411151886,1.8596649169921875e-05,1,0.0010275840759277344
0,-0.49765563011169434,-499.0902967453003,0.0013167858123779297,0,0.002344369888305664
0,-0.5,-499.0923635959625,-0.002344369888305664,1,0.0
0,-0.49611878395080566,-499.0904276371002,0.003881216049194336,0,0.003881216049194336
0,-0.49899768829345703,-499.0903754234314,-0.002878904342651367,1,0.0010023117065429688
0,-0.4980034828186035,-499.08937549591064,0.0009942054748535156,0,0.0019965171813964844
0,-0.5,-499.08937549591064,-0.0019965171813964844,1,0.0
0,-0.5,-499.08937549591064,0.0,0,0.0
0,-0.49941158294677734,-499.0887870788574,0.0005884170532226562,0,0.0005884170532226562
0,-0.5,-499.0907869338989,-0.0005884170532226562,0,0.0
0,-0.49894142150878906,-499.0897283554077,0.0010585784912109375,0,0.0010585784912109375
0,-0.4990537166595459,-499.08878207206726,-0.00011229515075683594,0,0.0009462833404541016
0,-0.5,-499.08878207206726,-0.0009462833404541016,1,0.0
0,-0.5,-499.08878207206726,0.0,0,0.0
0,-0.5,-499.0894458293915,0.0,1,0.0
0,-0.5,-499.0905740261078,0.0,0,0.0
0,-0.5,-499.0905740261078,0.0,1,0.0
0,-0.4965038299560547,-499.08707785606384,0.0034961700439453125,0,0.0034961700439453125
0,-0.5,-499.08707785606384,-0.0034961700439453125,0,0.0
0,-0.5,-499.08707785606384,0.0,0,0.0
0,-0.5,-499.08808183670044,0.0,1,0.0
0,-0.4984912872314453,-499.08735489845276,0.0015087127685546875,0,0.0015087127685546875
0,-0.4989323616027832,-499.08628726005554,-0.0004410743713378906,1,0.0010676383972167969
0,-0.4969351291656494,-499.0832223892212,0.001997232437133789,0,0.003064870834350586
0,-0.5,-499.0832223892212,-0.003064870834350586,0,0.0
0,-0.5,-499.0832223892212,0.0,0,0.0
0,-0.5,-499.08372712135315,0.0,1,0.0
0,-0.5,-499.0842318534851,0.0,0,0.0
0,-0.5,-499.08440256118774,0.0,0,0.0
0,-0.5,-499.08440256118774,0.0,0,0.0
0,-0.4998037815093994,-499.08521914482117,0.00019621849060058594,1,0.00019621849060058594
0,-0.5,-499.08828616142273,-0.00019621849060058594,0,0.0
0,-0.49889516830444336,-499.08819460868835,0.0011048316955566406,0,0.0011048316955566406
0,-0.4978981018066406,-499.0880832672119,0.0009970664978027344,0,0.002101898193359375
0,-0.5,-499.0880832672119,-0.002101898193359375,0,0.0
0,-0.5,-499.09307956695557,0.0,0,0.0
0,-0.4994945526123047,-499.09257411956787,0.0005054473876953125,0,0.0005054473876953125
0,-0.49848103523254395,-499.0910551548004,0.0010135173797607422,0,0.0015189647674560547
0,-0.5,-499.09161043167114,-0.0015189647674560547,1,0.0
0,-0.49916529655456543,-499.0917534828186,0.0008347034454345703,0,0.0008347034454345703
0,-0.5,-499.0917534828186,-0.0008347034454345703,1,0.0
0,-0.4995298385620117,-499.0912833213806,0.00047016143798828125,0,0.00047016143798828125
0,-0.5,-499.09227776527405,-0.00047016143798828125,0,0.0
0,-0.49900126457214355,-499.09410333633423,0.0009987354278564453,0,0.0009987354278564453
0,-0.49956488609313965,-499.09366822242737,-0.0005636215209960938,1,0.00043511390686035156
0,-0.49961423873901367,-499.0932824611664,-4.935264587402344e-05,0,0.0003857612609863281
0,-0.49898362159729004,-499.09326434135437,0.0006306171417236328,1,0.001016378402709961
0,-0.4980049133300781,-499.09226274490356,0.000978708267211914,0,0.001995086669921875
0,-0.5,-499.0932912826538,-0.001995086669921875,1,0.0
0,-0.5,-499.09434270858765,0.0,0,0.0
0,-0.5,-499.09434270858765,0.0,1,0.0
0,-0.5,-499.09434270858765,0.0,0,0.0
0,-0.5,-499.0948705673218,0.0,1,0.0
0,-0.496826171875,-499.0916967391968,0.003173828125,0,0.003173828125
0,-0.5,-499.0916967391968,-0.003173828125,1,0.0
0,-0.5,-499.0916967391968,0.0,0,0.0
0,-0.5,-499.0927269458771,0.0,1,0.0
0,-0.49901318550109863,-499.093731880188,0.0009868144989013672,0,0.0009868144989013672
0,-0.498974084854126,-499.09373354911804,3.910064697265625e-05,1,0.0010259151458740234
0,-0.49811458587646484,-499.09278988838196,0.0008594989776611328,0,0.0018854141235351562
0,-0.5,-499.09379506111145,-0.0018854141235351562,0,0.0
0,-0.5,-499.09608793258667,0.0,1,0.0
0,-0.5,-499.09722089767456,0.0,0,0.0
0,-0.5,-499.09918880462646,0.0,0,0.0
0,-0.4989800453186035,-499.09816884994507,0.0010199546813964844,1,0.0010199546813964844
0,-0.49696969985961914,-499.0953121185303,0.002010345458984375,0,0.0030303001403808594
0,-0.5,-499.0953121185303,-0.0030303001403808594,1,0.0
0,-0.49890780448913574,-499.0952172279358,0.0010921955108642578,0,0.0010921955108642578
0,-0.5,-499.0952172279358,-0.0010921955108642578,1,0.0
0,-0.5,-499.0952172279358,0.0,0,0.0
0,-0.5,-499.0962862968445,0.0,1,0.0
0,-0.4990065097808838,-499.097540140152,0.000993490219116211,0,0.000993490219116211
0,-0.5,-499.0982427597046,-0.000993490219116211,1,0.0
0,-0.5,-499.0982427597046,0.0,0,0.0
0,-0.5,-499.0992634296417,0.0,1,0.0
0,-0.5,-499.10134863853455,0.0,0,0.0
0,-0.5,-499.1033630371094,0.0,1,0.0
0,-0.49840331077575684,-499.10475730895996,0.001596689224243164,0,0.001596689224243164
0,-0.4988856315612793,-499.1044797897339,-0.00048232078552246094,1,0.0011143684387207031
0,-0.49889039993286133,-499.10575127601624,-4.76837158203125e-06,0,0.0011096000671386719
0,-0.5,-499.10775232315063,-0.0011096000671386719,1,0.0
0,-0.5,-499.11413955688477,0.0,0,0.0
0,-0.49964237213134766,-499.1137819290161,0.00035762786865234375,1,0.00035762786865234375
0,-0.49838972091674805,-499.11323857307434,0.0012526512145996094,0,0.0016102790832519531
0,-0.5,-499.11350178718567,-0.0016102790832519531,1,0.0
0,-0.5,-499.11524176597595,0.0,0,0.0
0,-0.49898433685302734,-499.114226102829,0.0010156631469726562,1,0.0010156631469726562
0,-0.4989957809448242,-499.1146900653839,-1.1444091796875e-05,0,0.0010042190551757812
0,-0.5,-499.1146900653839,-0.0010042190551757812,0,0.0
0,-0.5,-499.11804270744324,0.0,0,0.0
0,-0.5,-499.11855268478394,0.0,1,0.0
0,-0.5,-499.11855268478394,0.0,0,0.0
0,-0.5,-499.1196246147156,0.0,1,0.0
0,-0.5,-499.1220705509186,0.0,0,0.0
0,-0.5,-499.1220705509186,0.0,1,0.0
0,-0.49900293350219727,-499.12266516685486,0.0009970664978027344,0,0.0009970664978027344
0,-0.5,-499.12266516685486,-0.0009970664978027344,1,0.0
0,-0.4990055561065674,-499.1216707229614,0.0009944438934326172,0,0.0009944438934326172
0,-0.5,-499.1216707229614,-0.0009944438934326172,1,0.0
0,-0.5,-499.1216707229614,0.0,0,0.0
0,-0.4987173080444336,-499.12038803100586,0.0012826919555664062,1,0.0012826919555664062
0,-0.4987361431121826,-499.11912417411804,-1.8835067749023438e-05,0,0.0012638568878173828
0,-0.5,-499.11912417411804,-0.0012638568878173828,0,0.0
0,-0.4985775947570801,-499.11877703666687,0.0014224052429199219,0,0.0014224052429199219
0,-0.4989893436431885,-499.11776638031006,-0.00041174888610839844,0,0.0010106563568115234
0,-0.49794650077819824,-499.1174216270447,0.0010428428649902344,0,0.002053499221801758
0,-0.49948930740356445,-499.11691093444824,-0.001542806625366211,1,0.0005106925964355469
0,-0.4977915287017822,-499.11470246315,0.0016977787017822266,0,0.0022084712982177734
0,-0.5,-499.1157112121582,-0.0022084712982177734,1,0.0
0,-0.5,-499.116801738739,0.0,0,0.0
0,-0.5,-499.1181037425995,0.0,0,0.0
0,-0.5,-499.1208219528198,0.0,0,0.0
0,-0.5,-499.1208219528198,0.0,1,0.0
0,-0.5,-499.1208219528198,0.0,0,0.0
0,-0.4994077682495117,-499.12022972106934,0.0005922317504882812,1,0.0005922317504882812
0,-0.49970316886901855,-499.12202072143555,-0.00029540061950683594,0,0.0002968311309814453
0,-0.4987800121307373,-499.1208007335663,0.00092315673828125,1,0.0012199878692626953
0,-0.4989585876464844,-499.1229281425476,-0.0001785755157470703,0,0.001041412353515625
0,-0.4997849464416504,-499.12373971939087,-0.0008263587951660156,0,0.00021505355834960938
0,-0.49949049949645996,-499.12523341178894,0.0002944469451904297,0,0.0005095005035400391
0,-0.5,-499.1258006095886,-0.0005095005035400391,1,0.0
0,-0.49631357192993164,-499.12211418151855,0.0036864280700683594,0,0.0036864280700683594
0,-0.49854540824890137,-499.12065958976746,-0.0022318363189697266,1,0.0014545917510986328
0,-0.4965970516204834,-499.11725664138794,0.0019483566284179688,0,0.0034029483795166016
0,-0.4970097541809082,-499.11537504196167,-0.0004127025604248047,1,0.002990245819091797
0,-0.4953925609588623,-499.1144549846649,0.0016171932220458984,0,0.004607439041137695
0,-0.49953126907348633,-499.1139862537384,-0.0041387081146240234,1,0.0004687309265136719
0,-0.4990224838256836,-499.11414861679077,0.0005087852478027344,0,0.0009775161743164062
0,-0.5,-499.115140914917,-0.0009775161743164062,1,0.0
0,-0.4989962577819824,-499.11513328552246,0.0010037422180175781,0,0.0010037422180175781
0,-0.49900269508361816,-499.1152272224426,-6.4373016357421875e-06,1,0.000997304916381836
0,-0.49800658226013184,-499.11516666412354,0.0009961128234863281,0,0.001993417739868164
0,-0.4990556240081787,-499.1142222881317,-0.001049041748046875,1,0.0009443759918212891
0,-0.498058557510376,-499.1122808456421,0.0009970664978027344,0,0.0019414424896240234
0,-0.49945569038391113,-499.1128144264221,-0.0013971328735351562,1,0.0005443096160888672
0,-0.4984266757965088,-499.1133165359497,0.0010290145874023438,0,0.001573324203491211
0,-0.49890637397766113,-499.11222290992737,-0.00047969818115234375,0,0.0010936260223388672
0,-0.4979374408721924,-499.11016035079956,0.00096893310546875,0,0.002062559127807617
0,-0.5,-499.11087560653687,-0.002062559127807617,0,0.0
0,-0.4990055561065674,-499.1107566356659,0.0009944438934326172,0,0.0009944438934326172
0,-0.5,-499.11179876327515,-0.0009944438934326172,1,0.0
0,-0.5,-499.11383867263794,0.0,0,0.0
0,-0.5,-499.11383867263794,0.0,0,0.0
0,-0.49700927734375,-499.11190009117126,0.00299072265625,0,0.00299072265625
0,-0.49888062477111816,-499.1107807159424,-0.001871347427368164,0,0.001119375228881836
0,-0.49738550186157227,-499.11315631866455,0.0014951229095458984,0,0.0026144981384277344
0,-0.5,-499.11315631866455,-0.0026144981384277344,1,0.0
0,-0.4990060329437256,-499.1121623516083,0.000993967056274414,0,0.000993967056274414
0,-0.5,-499.11266016960144,-0.000993967056274414,0,0.0
0,-0.5,-499.11266016960144,0.0,0,0.0
0,-0.5,-499.11266016960144,0.0,1,0.0
0,-0.5,-499.11266016960144,0.0,0,0.0
0,-0.5,-499.11266016960144,0.0,1,0.0
0,-0.4965839385986328,-499.11128282546997,0.0034160614013671875,0,0.0034160614013671875
0,-0.5,-499.11128282546997,-0.0034160614013671875,0,0.0
0,-0.5,-499.1122817993164,0.0,0,0.0
0,-0.5,-499.1128032207489,0.0,0,0.0
0,-0.5,-499.11374282836914,0.0,0,0.0
0,-0.5,-499.11374282836914,0.0,0,0.0
0,-0.5,-499.11374282836914,0.0,0,0.0
0,-0.5,-499.11406540870667,0.0,1,0.0
0,-0.5,-499.11406540870667,0.0,0,0.0
0,-0.5,-499.11406540870667,0.0,1,0.0
0,-0.4989914894104004,-499.11305689811707,0.0010085105895996094,0,0.0010085105895996094
0,-0.5,-499.11305689811707,-0.0010085105895996094,1,0.0
0,-0.5,-499.11305689811707,0.0,0,0.0
0,-0.5,-499.11305689811707,0.0,1,0.0
0,-0.4990067481994629,-499.1120636463165,0.0009932518005371094,0,0.0009932518005371094
0,-0.5,-499.1120636463165,-0.0009932518005371094,1,0.0
0,-0.5,-499.1120636463165,0.0,0,0.0
0,-0.498915433883667,-499.1109790802002,0.0010845661163330078,1,0.0010845661163330078
0,-0.49796152114868164,-499.1114990711212,0.0009539127349853516,0,0.0020384788513183594
0,-0.5,-499.1125044822693,-0.0020384788513183594,1,0.0
0,-0.5,-499.11550307273865,0.0,0,0.0
0,-0.5,-499.11550307273865,0.0,0,0.0
0,-0.4990067481994629,-499.1145098209381,0.0009932518005371094,0,0.0009932518005371094
0,-0.4994938373565674,-499.1140036582947,-0.0004870891571044922,1,0.0005061626434326172
0,-0.4994938373565674,-499.11349749565125,0.0,0,0.0005061626434326172
0,-0.49946165084838867,-499.11295914649963,3.218650817871094e-05,1,0.0005383491516113281
0,-0.49909043312072754,-499.11204957962036,0.0003712177276611328,0,0.0009095668792724609
0,-0.4989814758300781,-499.11283254623413,0.00010895729064941406,1,0.001018524169921875
0,-0.4965786933898926,-499.109411239624,0.002402782440185547,0,0.003421306610107422
0,-0.4989924430847168,-499.10840368270874,-0.0024137496948242188,1,0.0010075569152832031
0,-0.4982614517211914,-499.10666513442993,0.0007309913635253906,0,0.0017385482788085938
0,-0.49898505210876465,-499.1056501865387,-0.0007236003875732422,1,0.0010149478912353516
0,-0.49800610542297363,-499.10365629196167,0.0009789466857910156,0,0.001993894577026367
0,-0.5,-499.10469698905945,-0.001993894577026367,1,0.0
0,-0.4970846176147461,-499.1038410663605,0.0029153823852539062,0,0.0029153823852539062
0,-0.4990053176879883,-499.10284638404846,-0.0019207000732421875,0,0.0009946823120117188
0,-0.49895143508911133,-499.1017978191376,5.3882598876953125e-05,0,0.0010485649108886719
0,-0.49895453453063965,-499.1008906364441,-3.0994415283203125e-06,1,0.0010454654693603516
0,-0.4988420009613037,-499.0997326374054,0.0001125335693359375,0,0.001157999038696289
0,-0.5,-499.0997326374054,-0.001157999038696289,1,0.0
0,-0.5,-499.0997326374054,0.0,0,0.0
0,-0.4990842342376709,-499.09881687164307,0.0009157657623291016,1,0.0009157657623291016
0,-0.49805641174316406,-499.09996008872986,0.001027822494506836,0,0.0019435882568359375
0,-0.49897003173828125,-499.09893012046814,-0.0009136199951171875,0,0.00102996826171875
0,-0.5,-499.09893012046814,-0.00102996826171875,0,0.0
0,-0.4998326301574707,-499.0987627506256,0.00016736984252929688,0,0.00016736984252929688
0,-0.5,-499.0987627506256,-0.00016736984252929688,0,0.0
0,-0.5,-499.0987627506256,0.0,0,0.0
0,-0.4998793601989746,-499.0986421108246,0.00012063980102539062,0,0.00012063980102539062
0,-0.5,-499.0996608734131,-0.00012063980102539062,1,0.0
0,-0.4949936866760254,-499.09706449508667,0.005006313323974609,0,0.005006313323974609
0,-0.5,-499.0975408554077,-0.005006313323974609,0,0.0
0,-0.5,-499.0975408554077,0.0,0,0.0
0,-0.49898505210876465,-499.0975925922394,0.0010149478912353516,0,0.0010149478912353516
0,-0.5,-499.09960317611694,-0.0010149478912353516,0,0.0
0,-0.5,-499.09960317611694,0.0,1,0.0
0,-0.5,-499.10059690475464,0.0,0,0.0
0,-0.49904966354370117,-499.10165071487427,0.0009503364562988281,1,0.0009503364562988281
0,-0.4976987838745117,-499.1023497581482,0.0013508796691894531,0,0.0023012161254882812
0,-0.4990098476409912,-499.1013596057892,-0.0013110637664794922,0,0.000990152359008789
0,-0.49939870834350586,-499.1007583141327,-0.00038886070251464844,0,0.0006012916564941406
0,-0.49900126457214355,-499.1008155345917,0.0003974437713623047,0,0.0009987354278564453
0,-0.499575138092041,-499.10305619239807,-0.0005738735198974609,0,0.0004248619079589844
0,-0.5,-499.10305619239807,-0.0004248619079589844,1,0.0
0,-0.4987804889678955,-499.10183668136597,0.0012195110321044922,0,0.0012195110321044922
0,-0.5,-499.10183668136597,-0.0012195110321044922,0,0.0
0,-0.49895763397216797,-499.10079431533813,0.0010423660278320312,0,0.0010423660278320312
0,-0.5,-499.10079431533813,-0.0010423660278320312,1,0.0
0,-0.5,-499.1017966270447,0.0,0,0.0
0,-0.5,-499.1017966270447,0.0,0,0.0
0,-0.5,-499.1027920246124,0.0,0,0.0
0,-0.49900150299072266,-499.10279178619385,0.0009984970092773438,0,0.0009984970092773438
0,-0.49900174140930176,-499.10378861427307,-2.384185791015625e-07,0,0.0009982585906982422
0,-0.5,-499.10481214523315,-0.0009982585906982422,0,0.0
0,-0.5,-499.10788226127625,0.0,0,0.0
0,-0.5,-499.1088659763336,0.0,0,0.0
0,-0.49900317192077637,-499.1108601093292,0.0009968280792236328,0,0.0009968280792236328
0,-0.4990057945251465,-499.1108798980713,-2.6226043701171875e-06,1,0.0009942054748535156
0,-0.49770450592041016,-499.1119866371155,0.0013012886047363281,0,0.0022954940795898438
0,-0.5,-499.1119866371155,-0.0022954940795898438,0,0.0
0,-0.5,-499.1119866371155,0.0,0,0.0
0,-0.5,-499.1119866371155,0.0,1,0.0
0,-0.49900293350219727,-499.1109895706177,0.0009970664978027344,0,0.0009970664978027344
0,-0.5,-499.1109895706177,-0.0009970664978027344,0,0.0
0,-0.49898862838745117,-499.11097526550293,0.0010113716125488281,0,0.0010113716125488281
0,-0.4989466667175293,-499.10992193222046,4.1961669921875e-05,0,0.0010533332824707031
0,-0.5,-499.10992193222046,-0.0010533332824707031,0,0.0
0,-0.5,-499.10992193222046,0.0,0,0.0
0,-0.49899888038635254,-499.1089208126068,0.001001119613647461,0,0.001001119613647461
0,-0.4990057945251465,-499.10792660713196,-6.9141387939453125e-06,0,0.0009942054748535156
0,-0.5,-499.11061215400696,-0.0009942054748535156,0,0.0
0,-0.5,-499.11061215400696,0.0,0,0.0
0,-0.5,-499.1116201877594,0.0,0,0.0
0,-0.4989964962005615,-499.11061668395996,0.0010035037994384766,0,0.0010035037994384766
0,-0.4990103244781494,-499.1096270084381,-1.3828277587890625e-05,0,0.000989675521850586
0,-0.5,-499.1096270084381,-0.000989675521850586,1,0.0
0,-0.4960615634918213,-499.10568857192993,0.003938436508178711,0,0.003938436508178711
0,-0.5,-499.10568857192993,-0.003938436508178711,0,0.0
0,-0.5,-499.10718393325806,0.0,0,0.0
0,-0.49900269508361816,-499.1071946620941,0.000997304916381836,0,0.000997304916381836
0,-0.4982907772064209,-499.1074733734131,0.0007119178771972656,0,0.0017092227935791016
0,-0.4989931583404541,-499.1074481010437,-0.0007023811340332031,0,0.0010068416595458984
0,-0.4990086555480957,-499.10844016075134,-1.5497207641601562e-05,0,0.0009913444519042969
0,-0.4994792938232422,-499.1079194545746,-0.0004706382751464844,0,0.0005207061767578125
0,-0.5,-499.11004734039307,-0.0005207061767578125,0,0.0
0,-0.4989898204803467,-499.1090371608734,0.0010101795196533203,0,0.0010101795196533203
0,-0.49848270416259766,-499.107519865036,0.0005071163177490234,0,0.0015172958374023438
0,-0.5,-499.10850977897644,-0.0015172958374023438,1,0.0
0,-0.5,-499.11049365997314,0.0,0,0.0
0,-0.5,-499.11049365997314,0.0,0,0.0
0,-0.5,-499.1124863624573,0.0,0,0.0
0,-0.5,-499.1124863624573,0.0,0,0.0
0,-0.5,-499.11552834510803,0.0,0,0.0
0,-0.4990558624267578,-499.1155993938446,0.0009441375732421875,1,0.0009441375732421875
0,-0.49797534942626953,-499.1151878833771,0.0010805130004882812,0,0.0020246505737304688
0,-0.49900197982788086,-499.11525297164917,-0.0010266304016113281,1,0.0009980201721191406
0,-0.49794650077819824,-499.1162853240967,0.0010554790496826172,0,0.002053499221801758
0,-0.5,-499.1162853240967,-0.002053499221801758,0,0.0
0,-0.4990074634552002,-499.1152927875519,0.0009925365447998047,0,0.0009925365447998047
0,-0.5,-499.11629033088684,-0.0009925365447998047,0,0.0
0,-0.5,-499.1182818412781,0.0,0,0.0
0,-0.5,-499.11878991127014,0.0,0,0.0
0,-0.5,-499.12030482292175,0.0,0,0.0
0,-0.5,-499.12030482292175,0.0,0,0.0
0,-0.5,-499.12030482292175,0.0,0,0.0
0,-0.5,-499.12030482292175,0.0,0,0.0
0,-0.5,-499.12030482292175,0.0,0,0.0
0,-0.5,-499.1212968826294,0.0,0,0.0
0,-0.4994809627532959,-499.1207778453827,0.0005190372467041016,0,0.0005190372467041016
0,-0.4988842010498047,-499.1207172870636,0.0005967617034912109,0,0.0011157989501953125
0,-0.49869418144226074,-499.12122321128845,0.0001900196075439453,0,0.0013058185577392578
0,-0.4989006519317627,-499.1213858127594,-0.00020647048950195312,0,0.0010993480682373047
0,-0.49848079681396484,-499.1227753162384,0.00041985511779785156,0,0.0015192031860351562
0,-0.49924564361572266,-499.1220209598541,-0.0007648468017578125,1,0.0007543563842773438
0,-0.4997434616088867,-499.12379813194275,-0.0004978179931640625,0,0.00025653839111328125
0,-0.5,-499.1247968673706,-0.00025653839111328125,2,0.0
0,-0.5,-499.12729024887085,0.0,1,0.0
0,-0.49191999435424805,-499.12252044677734,0.008080005645751953,0,0.008080005645751953
0,-0.4994940757751465,-499.1250379085541,-0.0075740814208984375,0,0.0005059242248535156
0,-0.4990561008453369,-499.1240940093994,0.0004379749298095703,0,0.0009438991546630859
0,-0.5,-499.1240940093994,-0.0009438991546630859,0,0.0
0,-0.5,-499.1240940093994,0.0,0,0.0
0,-0.49900031089782715,-499.125018119812,0.0009996891021728516,0,0.0009996891021728516
0,-0.49900197982788086,-499.1240200996399,-1.6689300537109375e-06,0,0.0009980201721191406
0,-0.49893808364868164,-499.1229581832886,6.389617919921875e-05,0,0.0010619163513183594
0,-0.4989950656890869,-499.12195324897766,-5.698204040527344e-05,0,0.001004934310913086
0,-0.5,-499.12414503097534,-0.001004934310913086,0,0.0
0,-0.498079776763916,-499.12222480773926,0.0019202232360839844,0,0.0019202232360839844
0,-0.5,-499.124294757843,-0.0019202232360839844,0,0.0
0,-0.4990050792694092,-499.12410163879395,0.0009949207305908203,1,0.0009949207305908203
0,-0.4970076084136963,-499.1221671104431,0.0019974708557128906,0,0.002992391586303711
0,-0.5,-499.1221671104431,-0.002992391586303711,0,0.0
0,-0.5,-499.12316846847534,0.0,0,0.0
0,-0.5,-499.12316846847534,0.0,0,0.0
0,-0.5,-499.1281707286835,0.0,0,0.0
0,-0.49927783012390137,-499.1287841796875,0.0007221698760986328,0,0.0007221698760986328
0,-0.5,-499.12936663627625,-0.0007221698760986328,0,0.0
0,-0.5,-499.12936663627625,0.0,0,0.0
0,-0.5,-499.12936663627625,0.0,0,0.0
0,-0.5,-499.1314423084259,0.0,0,0.0
0,-0.5,-499.13336968421936,0.0,0,0.0
0,-0.4991879463195801,-499.13255763053894,0.0008120536804199219,2,0.0008120536804199219
0,-0.49806857109069824,-499.1391580104828,0.001119375228881836,1,0.0019314289093017578
0,-0.49806857109069824,-499.13829040527344,0.0,0,0.0019314289093017578
0,-0.5,-499.1402986049652,-0.0019314289093017578,0,0.0
0,-0.5,-499.1402986049652,0.0,0,0.0
0,-0.5,-499.1410348415375,0.0,1,0.0
0,-0.5,-499.1430654525757,0.0,0,0.0
0,-0.4995255470275879,-499.14593529701233,0.0004744529724121094,0,0.0004744529724121094
0,-0.4994969367980957,-499.1464397907257,2.86102294921875e-05,1,0.0005030632019042969
0,-0.49898386001586914,-499.1454236507416,0.0005130767822265625,0,0.0010161399841308594
0,-0.5,-499.1454236507416,-0.0010161399841308594,1,0.0
0,-0.5,-499.1454236507416,0.0,0,0.0
0,-0.5,-499.1464238166809,0.0,1,0.0
0,-0.5,-499.14812779426575,0.0,0,0.0
0,-0.5,-499.1498317718506,0.0,1,0.0
0,-0.5,-499.15083527565,0.0,0,0.0
0,-0.5,-499.15282940864563,0.0,0,0.0
0,-0.49900245666503906,-499.15183186531067,0.0009975433349609375,0,0.0009975433349609375
0,-0.5,-499.15183186531067,-0.0009975433349609375,1,0.0
0,-0.5,-499.15183186531067,0.0,0,0.0
0,-0.5,-499.1525340080261,0.0,1,0.0
0,-0.49856138229370117,-499.1510953903198,0.0014386177062988281,0,0.0014386177062988281
0,-0.5,-499.152037858963,-0.0014386177062988281,1,0.0
0,-0.5,-499.15422439575195,0.0,0,0.0
0,-0.5,-499.15499091148376,0.0,1,0.0
0,-0.5,-499.15598225593567,0.0,0,0.0
0,-0.5,-499.15598225593567,0.0,1,0.0
0,-0.5,-499.15598225593567,0.0,0,0.0
0,-0.49900221824645996,-499.15598917007446,0.000997781753540039,1,0.000997781753540039
0,-0.5,-499.15598917007446,-0.000997781753540039,0,0.0
0,-0.5,-499.1570029258728,0.0,1,0.0
0,-0.5,-499.15803956985474,0.0,0,0.0
0,-0.5,-499.15904474258423,0.0,0,0.0
0,-0.49900126457214355,-499.1590621471405,0.0009987354278564453,0,0.0009987354278564453
0,-0.5,-499.16011333465576,-0.0009987354278564453,0,0.0
0,-0.5,-499.1611907482147,0.0,0,0.0
0,-0.5,-499.16183948516846,0.0,0,0.0
0,-0.5,-499.16195845603943,0.0,0,0.0
0,-0.5,-499.1635684967041,0.0,1,0.0
0,-0.5,-499.1667056083679,0.0,0,0.0
0,-0.5,-499.16770339012146,0.0,0,0.0
0,-0.5,-499.1696970462799,0.0,0,0.0
0,-0.5,-499.1698679924011,0.0,0,0.0
0,-0.5,-499.1698679924011,0.0,0,0.0
0,-0.5,-499.1698679924011,0.0,1,0.0
0,-0.5,-499.1698679924011,0.0,0,0.0
0,-0.5,-499.17086839675903,0.0,0,0.0
0,-0.5,-499.17207741737366,0.0,0,0.0
0,-0.5,-499.1732864379883,0.0,1,0.0
0,-0.5,-499.175283908844,0.0,0,0.0
0,-0.499497652053833,-499.17614364624023,0.0005023479461669922,0,0.0005023479461669922
0,-0.5,-499.18261671066284,-0.0005023479461669922,0,0.0
0,-0.5,-499.18361949920654,0.0,0,0.0
0,-0.5,-499.18361949920654,0.0,0,0.0
0,-0.5,-499.18361949920654,0.0,0,0.0
0,-0.5,-499.1846237182617,0.0,0,0.0
0,-0.5,-499.18563413619995,0.0,0,0.0
0,-0.5,-499.1905941963196,0.0,0,0.0
0,-0.5,-499.1916835308075,0.0,1,0.0
0,-0.5,-499.1916835308075,0.0,0,0.0
0,-0.5,-499.19257497787476,0.0,1,0.0
0,-0.4988126754760742,-499.1918976306915,0.0011873245239257812,0,0.0011873245239257812
0,-0.5,-499.19225573539734,-0.0011873245239257812,1,0.0
0,-0.5,-499.19291472435,0.0,0,0.0
0,-0.5,-499.19318151474,0.0,0,0.0
0,-0.5,-499.19378638267517,0.0,0,0.0
0,-0.5,-499.19378638267517,0.0,1,0.0
0,-0.5,-499.1957755088806,0.0,0,0.0
0,-0.5,-499.1957755088806,0.0,1,0.0
0,-0.4990065097808838,-499.1947820186615,0.000993490219116211,0,0.000993490219116211
0,-0.5,-499.19500255584717,-0.000993490219116211,1,0.0
0,-0.5,-499.19670271873474,0.0,0,0.0
0,-0.5,-499.19670271873474,0.0,1,0.0
0,-0.5,-499.1992886066437,0.0,0,0.0
0,-0.5,-499.19996190071106,0.0,0,0.0
0,-0.499248743057251,-499.1992106437683,0.0007512569427490234,0,0.0007512569427490234
0,-0.5,-499.2038872241974,-0.0007512569427490234,1,0.0
0,-0.5,-499.2068815231323,0.0,0,0.0
0,-0.5,-499.20787811279297,0.0,0,0.0
0,-0.5,-499.20887517929077,0.0,0,0.0
0,-0.5,-499.2094008922577,0.0,0,0.0
0,-0.5,-499.2094008922577,0.0,0,0.0
0,-0.5,-499.2104892730713,0.0,1,0.0
0,-0.4990067481994629,-499.21049642562866,0.0009932518005371094,0,0.0009932518005371094
0,-0.5,-499.21100974082947,-0.0009932518005371094,1,0.0
0,-0.5,-499.21100974082947,0.0,0,0.0
0,-0.5,-499.2130618095398,0.0,1,0.0
0,-0.5,-499.2130618095398,0.0,0,0.0
0,-0.5,-499.2145812511444,0.0,1,0.0
0,-0.4990043640136719,-499.2145929336548,0.000995635986328125,0,0.000995635986328125
0,-0.5,-499.2161657810211,-0.000995635986328125,1,0.0
0,-0.5,-499.2166221141815,0.0,0,0.0
0,-0.5,-499.2182538509369,0.0,0,0.0
0,-0.49900174140930176,-499.2172555923462,0.0009982585906982422,0,0.0009982585906982422
0,-0.5,-499.2183151245117,-0.0009982585906982422,1,0.0
0,-0.5,-499.2183151245117,0.0,0,0.0
0,-0.5,-499.22011947631836,0.0,1,0.0
0,-0.5,-499.22824025154114,0.0,0,0.0
0,-0.5,-499.22824025154114,0.0,0,0.0
0,-0.5,-499.22838711738586,0.0,0,0.0
0,-0.5,-499.22838711738586,0.0,0,0.0
0,-0.5,-499.22838711738586,0.0,0,0.0
0,-0.4989936351776123,-499.2273807525635,0.0010063648223876953,0,0.0010063648223876953
0,-0.5,-499.2273807525635,-0.0010063648223876953,0,0.0
0,-0.5,-499.2273807525635,0.0,1,0.0
0,-0.5,-499.2279314994812,0.0,0,0.0
0,-0.49893617630004883,-499.22737193107605,0.0010638236999511719,1,0.0010638236999511719
0,-0.4990057945251465,-499.22897934913635,-6.961822509765625e-05,0,0.0009942054748535156
0,-0.5,-499.22934341430664,-0.0009942054748535156,0,0.0
0,-0.5,-499.2309036254883,0.0,0,0.0
0,-0.4989902973175049,-499.2302746772766,0.0010097026824951172,1,0.0010097026824951172
0,-0.49817466735839844,-499.22948026657104,0.0008156299591064453,0,0.0018253326416015625
0,-0.5,-499.22948026657104,-0.0018253326416015625,1,0.0
0,-0.494983434677124,-499.225501537323,0.0050165653228759766,0,0.0050165653228759766
0,-0.5,-499.2259156703949,-0.0050165653228759766,1,0.0
0,-0.49867963790893555,-499.22859811782837,0.0013203620910644531,0,0.0013203620910644531
0,-0.4989781379699707,-499.22775053977966,-0.00029850006103515625,1,0.0010218620300292969
0,-0.4979569911956787,-499.2297422885895,0.0010211467742919922,0,0.002043008804321289
0,-0.5,-499.2307639122009,-0.002043008804321289,0,0.0
0,-0.5,-499.2340204715729,0.0,0,0.0
0,-0.5,-499.2340204715729,0.0,1,0.0
0,-0.49859046936035156,-499.2336046695709,0.0014095306396484375,0,0.0014095306396484375
0,-0.5,-499.2336046695709,-0.0014095306396484375,1,0.0
0,-0.49675536155700684,-499.23142433166504,0.003244638442993164,0,0.003244638442993164
0,-0.5,-499.23272800445557,-0.003244638442993164,1,0.0
0,-0.5,-499.23388481140137,0.0,0,0.0
0,-0.5,-499.23454546928406,0.0,0,0.0
0,-0.5,-499.23520612716675,0.0,0,0.0
0,-0.498929500579834,-499.2341356277466,0.0010704994201660156,1,0.0010704994201660156
0,-0.49497532844543457,-499.23094964027405,0.003954172134399414,0,0.00502467155456543
0,-0.5,-499.2320272922516,-0.00502467155456543,1,0.0
0,-0.4967997074127197,-499.22983145713806,0.0032002925872802734,0,0.0032002925872802734
0,-0.5,-499.23037242889404,-0.0032002925872802734,1,0.0
0,-0.49812936782836914,-499.2290427684784,0.0018706321716308594,0,0.0018706321716308594
0,-0.5,-499.2301001548767,-0.0018706321716308594,0,0.0
0,-0.49907970428466797,-499.2301950454712,0.0009202957153320312,0,0.0009202957153320312
0,-0.5,-499.2311997413635,-0.0009202957153320312,0,0.0
0,-0.49902939796447754,-499.230229139328,0.0009706020355224609,0,0.0009706020355224609
0,-0.5,-499.230229139328,-0.0009706020355224609,1,0.0
0,-0.5,-499.23228430747986,0.0,0,0.0
0,-0.5,-499.2331006526947,0.0,1,0.0
0,-0.5,-499.2348155975342,0.0,0,0.0
0,-0.5,-499.2360243797302,0.0,1,0.0
0,-0.5,-499.23760056495667,0.0,0,0.0
0,-0.5,-499.23853754997253,0.0,0,0.0
0,-0.5,-499.2438111305237,0.0,0,0.0
0,-0.5,-499.245156288147,0.0,1,0.0
0,-0.49799680709838867,-499.24577713012695,0.002003192901611328,0,0.002003192901611328
0,-0.49899864196777344,-499.24629616737366,-0.0010018348693847656,0,0.0010013580322265625
0,-0.5,-499.2496340274811,-0.0010013580322265625,0,0.0
0,-0.5,-499.2496340274811,0.0,0,0.0
0,-0.5,-499.2506721019745,0.0,0,0.0
0,-0.49799537658691406,-499.2486674785614,0.0020046234130859375,1,0.0020046234130859375
0,-0.49782562255859375,-499.2467586994171,0.0001697540283203125,0,0.00217437744140625
0,-0.5,-499.2482342720032,-0.00217437744140625,0,0.0
0,-0.49460458755493164,-499.245600938797,0.005395412445068359,0,0.005395412445068359
0,-0.4989936351776123,-499.2447431087494,-0.004389047622680664,0,0.0010063648223876953
0,-0.4981706142425537,-499.24402952194214,0.0008230209350585938,0,0.001829385757446289
0,-0.5,-499.24402952194214,-0.001829385757446289,0,0.0
0,-0.4993557929992676,-499.2454454898834,0.0006442070007324219,0,0.0006442070007324219
0,-0.5,-499.2455401420593,-0.0006442070007324219,0,0.0
0,-0.49834132194519043,-499.2489261627197,0.0016586780548095703,0,0.0016586780548095703
0,-0.49945497512817383,-499.24938893318176,-0.0011136531829833984,0,0.0005450248718261719
0,-0.49899911880493164,-499.2516872882843,0.0004558563232421875,0,0.0010008811950683594
0,-0.49892640113830566,-499.2506136894226,7.271766662597656e-05,0,0.001073598861694336
0,-0.4989943504333496,-499.2546544075012,-6.794929504394531e-05,0,0.0010056495666503906
0,-0.5,-499.2557692527771,-0.0010056495666503906,1,0.0
0,-0.5,-499.259628534317,0.0,0,0.0
0,-0.5,-499.259628534317,0.0,0,0.0
0,-0.49800777435302734,-499.2606773376465,0.0019922256469726562,0,0.0019922256469726562
0,-0.5,-499.2606773376465,-0.0019922256469726562,0,0.0
0,-0.5,-499.2616698741913,0.0,0,0.0
0,-0.5,-499.2627320289612,0.0,1,0.0
0,-0.49907517433166504,-499.27963280677795,0.0009248256683349609,0,0.0009248256683349609
0,-0.49892592430114746,-499.2785587310791,0.00014925003051757812,1,0.001074075698852539
0,-0.49799275398254395,-499.27797293663025,0.0009331703186035156,0,0.0020072460174560547
0,-0.5,-499.27797293663025,-0.0020072460174560547,1,0.0
0,-0.49296092987060547,-499.27093386650085,0.007039070129394531,0,0.007039070129394531
0,-0.4989480972290039,-499.2708783149719,-0.0059871673583984375,0,0.0010519027709960938
0,-0.4994349479675293,-499.27031326293945,-0.0004868507385253906,0,0.0005650520324707031
0,-0.5,-499.2708172798157,-0.0005650520324707031,1,0.0
0,-0.5,-499.2708172798157,0.0,0,0.0
0,-0.49907469749450684,-499.27089405059814,0.0009253025054931641,0,0.0009253025054931641
0,-0.5,-499.2736110687256,-0.0009253025054931641,0,0.0
0,-0.5,-499.2736110687256,0.0,0,0.0
0,-0.4979853630065918,-499.2725508213043,0.002014636993408203,0,0.002014636993408203
0,-0.5,-499.2739505767822,-0.002014636993408203,0,0.0
0,-0.4979839324951172,-499.2741734981537,0.0020160675048828125,0,0.0020160675048828125
0,-0.5,-499.2741734981537,-0.0020160675048828125,0,0.0
0,-0.49902915954589844,-499.2749750614166,0.0009708404541015625,0,0.0009708404541015625
0,-0.4988749027252197,-499.2752685546875,0.00015425682067871094,1,0.0011250972747802734
0,-0.4925229549407959,-499.2687997817993,0.006351947784423828,0,0.0074770450592041016
0,-0.49977684020996094,-499.26907873153687,-0.007253885269165039,0,0.0002231597900390625
0,-0.499478816986084,-499.27008509635925,0.0002980232238769531,0,0.0005211830139160156
0,-0.4989287853240967,-499.26901388168335,0.0005500316619873047,0,0.0010712146759033203
0,-0.4990067481994629,-499.2690451145172,-7.796287536621094e-05,0,0.0009932518005371094
0,-0.49898791313171387,-499.2680330276489,1.8835067749023438e-05,1,0.0010120868682861328
0,-0.49759578704833984,-499.26661562919617,0.0013921260833740234,0,0.0024042129516601562
0,-0.5,-499.2671363353729,-0.0024042129516601562,0,0.0
0,-0.4989922046661377,-499.2681655883789,0.0010077953338623047,0,0.0010077953338623047
0,-0.49904537200927734,-499.2672109603882,-5.316734313964844e-05,0,0.0009546279907226562
0,-0.4992225170135498,-499.2674503326416,-0.00017714500427246094,0,0.0007774829864501953
0,-0.5,-499.26846265792847,-0.0007774829864501953,1,0.0
0,-0.4990053176879883,-499.2686312198639,0.0009946823120117188,0,0.0009946823120117188
0,-0.5,-499.2701451778412,-0.0009946823120117188,0,0.0
0,-0.4970097541809082,-499.27051758766174,0.002990245819091797,0,0.002990245819091797
0,-0.5,-499.27051758766174,-0.002990245819091797,0,0.0
0,-0.5,-499.27155590057373,0.0,0,0.0
0,-0.5,-499.27155590057373,0.0,1,0.0
0,-0.5,-499.2724597454071,0.0,0,0.0
0,-0.5,-499.2729105949402,0.0,1,0.0
0,-0.4984743595123291,-499.2730085849762,0.0015256404876708984,0,0.0015256404876708984
0,-0.49869322776794434,-499.27266335487366,-0.00021886825561523438,0,0.001306772232055664
0,-0.5,-499.27562046051025,-0.001306772232055664,0,0.0
0,-0.5,-499.27642583847046,0.0,1,0.0
0,-0.4989969730377197,-499.27593302726746,0.0010030269622802734,0,0.0010030269622802734
0,-0.5,-499.2769365310669,-0.0010030269622802734,0,0.0
0,-0.5,-499.2789385318756,0.0,0,0.0
0,-0.5,-499.279972076416,0.0,1,0.0
0,-0.5,-499.2825253009796,0.0,0,0.0
0,-0.5,-499.28345918655396,0.0,1,0.0
0,-0.5,-499.2862253189087,0.0,0,0.0
0,-0.5,-499.2862253189087,0.0,0,0.0
0,-0.5,-499.28669476509094,0.0,1,0.0
0,-0.49900364875793457,-499.2860732078552,0.0009963512420654297,0,0.0009963512420654297
0,-0.5,-499.2860732078552,-0.0009963512420654297,0,0.0
0,-0.5,-499.2871296405792,0.0,1,0.0
0,-0.49800610542297363,-499.2861325740814,0.001993894577026367,0,0.001993894577026367
0,-0.5,-499.2878658771515,-0.001993894577026367,1,0.0
0,-0.49921202659606934,-499.28968358039856,0.0007879734039306641,0,0.0007879734039306641
0,-0.5,-499.2909116744995,-0.0007879734039306641,0,0.0
0,-0.5,-499.29200053215027,0.0,0,0.0
0,-0.5,-499.29200053215027,0.0,0,0.0
0,-0.4980008602142334,-499.29098677635193,0.0019991397857666016,0,0.0019991397857666016
0,-0.5,-499.2911217212677,-0.0019991397857666016,0,0.0
0,-0.5,-499.2911217212677,0.0,1,0.0
0,-0.4993460178375244,-499.29100251197815,0.0006539821624755859,0,0.0006539821624755859
0,-0.5,-499.2925646305084,-0.0006539821624755859,0,0.0
0,-0.5,-499.2943034172058,0.0,0,0.0
0,-0.5,-499.2943034172058,0.0,0,0.0
0,-0.5,-499.29440689086914,0.0,0,0.0
0,-0.5,-499.29440689086914,0.0,0,0.0
0,-0.5,-499.2950801849365,0.0,0,0.0
0,-0.49950265884399414,-499.2945828437805,0.0004973411560058594,0,0.0004973411560058594
0,-0.5,-499.2950954437256,-0.0004973411560058594,1,0.0
0,-0.499006986618042,-499.296089887619,0.0009930133819580078,0,0.0009930133819580078
0,-0.5,-499.2969992160797,-0.0009930133819580078,0,0.0
0,-0.5,-499.2970960140228,0.0,0,0.0
0,-0.5,-499.2980155944824,0.0,0,0.0
0,-0.5,-499.29910469055176,0.0,0,0.0
0,-0.5,-499.30197620391846,0.0,0,0.0
0,-0.49898505210876465,-499.3019549846649,0.0010149478912353516,0,0.0010149478912353516
0,-0.5,-499.30300545692444,-0.0010149478912353516,1,0.0
0,-0.4989969730377197,-499.3029856681824,0.0010030269622802734,0,0.0010030269622802734
0,-0.5,-499.303510427475,-0.0010030269622802734,1,0.0
0,-0.5,-499.30450534820557,0.0,0,0.0
0,-0.5,-499.30450534820557,0.0,1,0.0
0,-0.49900174140930176,-499.30401062965393,0.0009982585906982422,0,0.0009982585906982422
0,-0.5,-499.30500745773315,-0.0009982585906982422,0,0.0
0,-0.5,-499.30700063705444,0.0,0,0.0
0,-0.5,-499.3075866699219,0.0,1,0.0
0,-0.49886369705200195,-499.30824041366577,0.0011363029479980469,0,0.0011363029479980469
0,-0.5,-499.3088653087616,-0.0011363029479980469,0,0.0
0,-0.5,-499.3088653087616,0.0,0,0.0
0,-0.5,-499.30987095832825,0.0,1,0.0
0,-0.49900150299072266,-499.30887246131897,0.0009984970092773438,0,0.0009984970092773438
0,-0.5,-499.30887246131897,-0.0009984970092773438,0,0.0
0,-0.5,-499.30986499786377,0.0,0,0.0
0,-0.5,-499.31086587905884,0.0,0,0.0
0,-0.5,-499.31086587905884,0.0,0,0.0
0,-0.5,-499.3113715648651,0.0,0,0.0
0,-0.5,-499.31339836120605,0.0,2,0.0
0,-0.499006986618042,-499.31327962875366,0.0009930133819580078,1,0.0009930133819580078
0,-0.49801039695739746,-499.31129002571106,0.0009965896606445312,0,0.001989603042602539
0,-0.5,-499.3133821487427,-0.001989603042602539,0,0.0
0,-0.5,-499.3133821487427,0.0,0,0.0
0,-0.5,-499.3145167827606,0.0,0,0.0
0,-0.5,-499.31552934646606,0.0,0,0.0
0,-0.5,-499.31691431999207,0.0,1,0.0
0,-0.49801015853881836,-499.3177218437195,0.0019898414611816406,0,0.0019898414611816406
0,-0.5,-499.31841564178467,-0.0019898414611816406,1,0.0
0,-0.4984903335571289,-499.3186249732971,0.0015096664428710938,0,0.0015096664428710938
0,-0.5,-499.31910395622253,-0.0015096664428710938,0,0.0
0,-0.5,-499.32027792930603,0.0,0,0.0
0,-0.5,-499.3203823566437,0.0,1,0.0
0,-0.5,-499.3213601112366,0.0,0,0.0
0,-0.5,-499.3228690624237,0.0,0,0.0
0,-0.5,-499.34149146080017,0.0,0,0.0
0,-0.5,-499.3440091609955,0.0,0,0.0
0,-0.49947118759155273,-499.34355902671814,0.0005288124084472656,0,0.0005288124084472656
0,-0.5,-499.34455466270447,-0.0005288124084472656,0,0.0
0,-0.5,-499.3455548286438,0.0,0,0.0
0,-0.5,-499.3455548286438,0.0,1,0.0
0,-0.5,-499.3458089828491,0.0,0,0.0
0,-0.5,-499.34699416160583,0.0,0,0.0
0,-0.5,-499.3487093448639,0.0,0,0.0
0,-0.5,-499.34877920150757,0.0,0,0.0
0,-0.4989960193634033,-499.3482789993286,0.0010039806365966797,0,0.0010039806365966797
0,-0.5,-499.3491668701172,-0.0010039806365966797,1,0.0
0,-0.5,-499.3516345024109,0.0,0,0.0
0,-0.5,-499.3523006439209,0.0,0,0.0
0,-0.5,-499.3523006439209,0.0,0,0.0
0,-0.4985358715057373,-499.35184121131897,0.0014641284942626953,1,0.0014641284942626953
0,-0.4975321292877197,-499.3493733406067,0.0010037422180175781,0,0.0024678707122802734
0,-0.5,-499.3493733406067,-0.0024678707122802734,0,0.0
0,-0.49900341033935547,-499.34837675094604,0.0009965896606445312,0,0.0009965896606445312
0,-0.5,-499.34837675094604,-0.0009965896606445312,1,0.0
0,-0.5,-499.34837675094604,0.0,0,0.0
0,-0.5,-499.3484513759613,0.0,1,0.0
0,-0.5,-499.3490381240845,0.0,0,0.0
0,-0.5,-499.3506820201874,0.0,0,0.0
0,-0.49900269508361816,-499.3503739833832,0.000997304916381836,0,0.000997304916381836
0,-0.5,-499.3511323928833,-0.000997304916381836,0,0.0
0,-0.49900293350219727,-499.3522114753723,0.0009970664978027344,0,0.0009970664978027344
0,-0.5,-499.35235810279846,-0.0009970664978027344,0,0.0
0,-0.5,-499.3543734550476,0.0,0,0.0
0,-0.5,-499.35519218444824,0.0,1,0.0
0,-0.4990053176879883,-499.35419750213623,0.0009946823120117188,0,0.0009946823120117188
0,-0.5,-499.35519909858704,-0.0009946823120117188,0,0.0
0,-0.5,-499.3562572002411,0.0,0,0.0
0,-0.5,-499.3572919368744,0.0,1,0.0
0,-0.4990043640136719,-499.35629630088806,0.000995635986328125,0,0.000995635986328125
0,-0.5,-499.3573491573334,-0.000995635986328125,1,0.0
0,-0.4988517761230469,-499.3562009334564,0.001148223876953125,0,0.001148223876953125
0,-0.5,-499.3572680950165,-0.001148223876953125,0,0.0
0,-0.49947357177734375,-499.3577539920807,0.00052642822265625,0,0.00052642822265625
0,-0.5,-499.3577539920807,-0.00052642822265625,0,0.0
0,-0.49900245666503906,-499.3587703704834,0.0009975433349609375,0,0.0009975433349609375
0,-0.5,-499.3587703704834,-0.0009975433349609375,0,0.0
0,-0.4990060329437256,-499.35877323150635,0.000993967056274414,0,0.000993967056274414
0,-0.5,-499.35877323150635,-0.000993967056274414,0,0.0
0,-0.49899744987487793,-499.3577706813812,0.0010025501251220703,0,0.0010025501251220703
0,-0.5,-499.3577706813812,-0.0010025501251220703,1,0.0
0,-0.5,-499.35931491851807,0.0,0,0.0
0,-0.4994978904724121,-499.3606266975403,0.0005021095275878906,0,0.0005021095275878906
0,-0.5,-499.3634853363037,-0.0005021095275878906,0,0.0
0,-0.5,-499.3634853363037,0.0,1,0.0
0,-0.5,-499.36366152763367,0.0,0,0.0
0,-0.5,-499.3646614551544,0.0,1,0.0
0,-0.4980027675628662,-499.3649055957794,0.001997232437133789,0,0.001997232437133789
0,-0.5,-499.3659243583679,-0.001997232437133789,0,0.0
0,-0.5,-499.3673403263092,0.0,0,0.0
0,-0.5,-499.3683338165283,0.0,1,0.0
0,-0.5,-499.36868047714233,0.0,0,0.0
0,-0.5,-499.36915373802185,0.0,1,0.0
0,-0.49900031089782715,-499.37012100219727,0.0009996891021728516,0,0.0009996891021728516
0,-0.5,-499.3707387447357,-0.0009996891021728516,1,0.0
0,-0.4990067481994629,-499.37106490135193,0.0009932518005371094,0,0.0009932518005371094
0,-0.5,-499.37164306640625,-0.0009932518005371094,0,0.0
0,-0.5,-499.371693611145,0.0,0,0.0
0,-0.49973607063293457,-499.3719434738159,0.0002639293670654297,0,0.0002639293670654297
0,-0.5,-499.3739457130432,-0.0002639293670654297,0,0.0
0,-0.5,-499.3739457130432,0.0,1,0.0
0,-0.5,-499.3739457130432,0.0,0,0.0
0,-0.5,-499.3739457130432,0.0,1,0.0
0,-0.5,-499.37635612487793,0.0,0,0.0
0,-0.5,-499.3784029483795,0.0,0,0.0
0,-0.49900364875793457,-499.37964725494385,0.0009963512420654297,0,0.0009963512420654297
0,-0.5,-499.38009452819824,-0.0009963512420654297,0,0.0
0,-0.5,-499.38081884384155,0.0,0,0.0
0,-0.5,-499.3814465999603,0.0,1,0.0
0,-0.4989950656890869,-499.3816864490509,0.001004934310913086,0,0.001004934310913086
0,-0.5,-499.38200402259827,-0.001004934310913086,1,0.0
0,-0.5,-499.3821108341217,0.0,0,0.0
0,-0.5,-499.3821108341217,0.0,1,0.0
0,-0.5,-499.38311672210693,0.0,0,0.0
0,-0.5,-499.38311672210693,0.0,1,0.0
0,-0.49900126457214355,-499.3837218284607,0.0009987354278564453,0,0.0009987354278564453
0,-0.5,-499.38532304763794,-0.0009987354278564453,0,0.0
0,-0.49900269508361816,-499.38432574272156,0.000997304916381836,0,0.000997304916381836
0,-0.5,-499.3845283985138,-0.000997304916381836,0,0.0
0,-0.5,-499.38574266433716,0.0,0,0.0
0,-0.5,-499.3861491680145,0.0,1,0.0
0,-0.4990074634552002,-499.3861200809479,0.0009925365447998047,0,0.0009925365447998047
0,-0.5,-499.38747358322144,-0.0009925365447998047,0,0.0
0,-0.5,-499.38898372650146,0.0,0,0.0
0,-0.5,-499.3894009590149,0.0,1,0.0
0,-0.5,-499.39040517807007,0.0,0,0.0
0,-0.5,-499.39040517807007,0.0,1,0.0
0,-0.49900269508361816,-499.38988637924194,0.000997304916381836,0,0.000997304916381836
0,-0.5,-499.38988637924194,-0.000997304916381836,1,0.0
0,-0.5,-499.38988637924194,0.0,0,0.0
0,-0.5,-499.38988637924194,0.0,0,0.0
0,-0.5,-499.38988637924194,0.0,0,0.0
0,-0.5,-499.3913207054138,0.0,1,0.0
0,-0.5,-499.39231729507446,0.0,0,0.0
0,-0.5,-499.39332246780396,0.0,0,0.0
0,-0.5,-499.39332246780396,0.0,0,0.0
0,-0.5,-499.39332246780396,0.0,0,0.0
0,-0.5,-499.3943736553192,0.0,0,0.0
0,-0.5,-499.3943736553192,0.0,0,0.0
0,-0.4993295669555664,-499.3939576148987,0.0006704330444335938,0,0.0006704330444335938
0,-0.5,-499.3939576148987,-0.0006704330444335938,0,0.0
0,-0.4990065097808838,-499.39296412467957,0.000993490219116211,0,0.000993490219116211
0,-0.498990535736084,-499.39288902282715,1.5974044799804688e-05,1,0.0010094642639160156
0,-0.4962127208709717,-499.3901093006134,0.0027778148651123047,0,0.0037872791290283203
0,-0.5,-499.3901093006134,-0.0037872791290283203,1,0.0
0,-0.5,-499.39220809936523,0.0,0,0.0
0,-0.5,-499.39220809936523,0.0,1,0.0
0,-0.4990694522857666,-499.3932800292969,0.0009305477142333984,0,0.0009305477142333984
0,-0.4996504783630371,-499.3929305076599,-0.0005810260772705078,0,0.0003495216369628906
0,-0.4996154308319092,-499.3925459384918,3.504753112792969e-05,0,0.0003845691680908203
0,-0.4996192455291748,-499.392165184021,-3.814697265625e-06,1,0.0003807544708251953
0,-0.49844813346862793,-499.39099049568176,0.001171112060546875,0,0.0015518665313720703
0,-0.5,-499.39099049568176,-0.0015518665313720703,0,0.0
0,-0.4990067481994629,-499.39107728004456,0.0009932518005371094,0,0.0009932518005371094
0,-0.4989960193634033,-499.39007329940796,1.0728836059570312e-05,1,0.0010039806365966797
0,-0.4991908073425293,-499.38944816589355,-0.00019478797912597656,0,0.0008091926574707031
0,-0.49900221824645996,-499.38845038414,0.00018858909606933594,1,0.000997781753540039
0,-0.49800610542297363,-499.3894498348236,0.0009961128234863281,0,0.001993894577026367
0,-0.49898314476013184,-499.38943791389465,-0.0009770393371582031,1,0.001016855239868164
0,-0.4950230121612549,-499.3864643573761,0.003960132598876953,0,0.004976987838745117
0,-0.49887919425964355,-499.38534355163574,-0.003856182098388672,1,0.0011208057403564453
0,-0.4980034828186035,-499.384578704834,0.0008757114410400391,0,0.0019965171813964844
0,-0.49958086013793945,-499.38475370407104,-0.0015773773193359375,1,0.0004191398620605469
0,-0.5,-499.38606333732605,-0.0004191398620605469,0,0.0
0,-0.498476505279541,-499.38514947891235,0.0015234947204589844,1,0.0015234947204589844
0,-0.5,-499.3863275051117,-0.0015234947204589844,0,0.0
0,-0.49897193908691406,-499.3852994441986,0.0010280609130859375,1,0.0010280609130859375
0,-0.49398326873779297,-499.3815517425537,0.004988670349121094,0,0.006016731262207031
0,-0.5,-499.382559299469,-0.006016731262207031,1,0.0
0,-0.4984908103942871,-499.3830931186676,0.0015091896057128906,0,0.0015091896057128906
0,-0.5,-499.3830931186676,-0.0015091896057128906,0,0.0
0,-0.5,-499.38320446014404,0.0,0,0.0
0,-0.5,-499.38393354415894,0.0,0,0.0
0,-0.5,-499.38454151153564,0.0,0,0.0
0,-0.4994933605194092,-499.38403487205505,0.0005066394805908203,1,0.0005066394805908203
0,-0.4991798400878906,-499.3833520412445,0.0003135204315185547,0,0.000820159912109375
0,-0.5,-499.3833520412445,-0.000820159912109375,1,0.0
0,-0.4990060329437256,-499.38235807418823,0.000993967056274414,0,0.000993967056274414
0,-0.499006986618042,-499.38211846351624,-9.5367431640625e-07,0,0.0009930133819580078
0,-0.5,-499.3833508491516,-0.0009930133819580078,0,0.0
0,-0.5,-499.3844721317291,0.0,1,0.0
0,-0.4989492893218994,-499.38556122779846,0.001050710678100586,0,0.001050710678100586
0,-0.5,-499.38556122779846,-0.001050710678100586,1,0.0
0,-0.4961681365966797,-499.3820276260376,0.0038318634033203125,0,0.0038318634033203125
0,-0.5,-499.38254141807556,-0.0038318634033203125,1,0.0
0,-0.4963874816894531,-499.38092589378357,0.003612518310546875,0,0.003612518310546875
0,-0.5,-499.38092589378357,-0.003612518310546875,1,0.0
0,-0.4969501495361328,-499.38886308670044,0.0030498504638671875,0,0.0030498504638671875
0,-0.4989204406738281,-499.38826727867126,-0.0019702911376953125,0,0.001079559326171875
0,-0.49753761291503906,-499.3880822658539,0.0013828277587890625,0,0.0024623870849609375
0,-0.4989941120147705,-499.38707637786865,-0.0014564990997314453,1,0.0010058879852294922
0,-0.4980173110961914,-499.38509368896484,0.0009768009185791016,0,0.0019826889038085938
0,-0.4989333152770996,-499.38503646850586,-0.0009160041809082031,1,0.0010666847229003906
0,-0.49420666694641113,-499.3803653717041,0.0047266483306884766,0,0.005793333053588867
0,-0.5,-499.3803653717041,-0.005793333053588867,1,0.0
0,-0.499006986618042,-499.37937235832214,0.0009930133819580078,0,0.0009930133819580078
0,-0.5,-499.37937235832214,-0.0009930133819580078,1,0.0
0,-0.49692416191101074,-499.37629652023315,0.003075838088989258,0,0.003075838088989258
0,-0.49896788597106934,-499.3764886856079,-0.0020437240600585938,1,0.001032114028930664
0,-0.4979574680328369,-499.37650847435,0.0010104179382324219,0,0.002042531967163086
0,-0.4979875087738037,-499.3752861022949,-3.0040740966796875e-05,0,0.002012491226196289
0,-0.4996638298034668,-499.37627816200256,-0.001676321029663086,0,0.0003361701965332031
0,-0.5,-499.37627816200256,-0.0003361701965332031,0,0.0
0,-0.5,-499.3772683143616,0.0,0,0.0
0,-0.5,-499.37776613235474,0.0,1,0.0
0,-0.4980020523071289,-499.37757992744446,0.0019979476928710938,0,0.0019979476928710938
0,-0.5,-499.37757992744446,-0.0019979476928710938,0,0.0
0,-0.5,-499.37757992744446,0.0,0,0.0
0,-0.5,-499.3785765171051,0.0,0,0.0
0,-0.4977233409881592,-499.37629985809326,0.0022766590118408203,0,0.0022766590118408203
0,-0.5,-499.3773033618927,-0.0022766590118408203,1,0.0
0,-0.5,-499.3793067932129,0.0,0,0.0
0,-0.5,-499.3803005218506,0.0,1,0.0
0,-0.49800610542297363,-499.384742975235,0.001993894577026367,0,0.001993894577026367
0,-0.5,-499.384742975235,-0.001993894577026367,1,0.0
0,-0.5,-499.38578152656555,0.0,0,0.0
0,-0.5,-499.38578152656555,0.0,1,0.0
0,-0.4991483688354492,-499.384929895401,0.0008516311645507812,0,0.0008516311645507812
0,-0.5,-499.384929895401,-0.0008516311645507812,1,0.0
0,-0.49900245666503906,-499.38593316078186,0.0009975433349609375,0,0.0009975433349609375
0,-0.5,-499.38593316078186,-0.0009975433349609375,1,0.0
0,-0.49900269508361816,-499.3849358558655,0.000997304916381836,0,0.000997304916381836
0,-0.5,-499.38594794273376,-0.000997304916381836,1,0.0
0,-0.5,-499.38799834251404,0.0,0,0.0
0,-0.4990060329437256,-499.3880479335785,0.000993967056274414,0,0.000993967056274414
0,-0.5,-499.39009380340576,-0.000993967056274414,0,0.0
0,-0.5,-499.39009380340576,0.0,0,0.0
0,-0.5,-499.39163398742676,0.0,0,0.0
0,-0.5,-499.3926410675049,0.0,1,0.0
0,-0.49900293350219727,-499.3937294483185,0.0009970664978027344,0,0.0009970664978027344
0,-0.5,-499.3937294483185,-0.0009970664978027344,0,0.0
0,-0.5,-499.3937294483185,0.0,0,0.0
0,-0.5,-499.3942368030548,0.0,0,0.0
0,-0.4987504482269287,-499.39298725128174,0.001249551773071289,0,0.001249551773071289
0,-0.5,-499.39298725128174,-0.001249551773071289,1,0.0
0,-0.5,-499.39298725128174,0.0,0,0.0
0,-0.5,-499.39298725128174,0.0,0,0.0
0,-0.49900341033935547,-499.3919906616211,0.0009965896606445312,0,0.0009965896606445312
0,-0.5,-499.3930501937866,-0.0009965896606445312,1,0.0
0,-0.5,-499.39510703086853,0.0,0,0.0
0,-0.5,-499.39510703086853,0.0,1,0.0
0,-0.5,-499.39510703086853,0.0,0,0.0
0,-0.5,-499.39663791656494,0.0,0,0.0
0,-0.5,-499.39964151382446,0.0,0,0.0
0,-0.5,-499.4006414413452,0.0,1,0.0
0,-0.5,-499.40152406692505,0.0,0,0.0
0,-0.5,-499.40203523635864,0.0,1,0.0
0,-0.5,-499.4034204483032,0.0,0,0.0
0,-0.5,-499.40442657470703,0.0,1,0.0
0,-0.4989950656890869,-499.40541434288025,0.001004934310913086,0,0.001004934310913086
0,-0.5,-499.4058337211609,-0.001004934310913086,1,0.0
0,-0.5,-499.4058337211609,0.0,0,0.0
0,-0.5,-499.4063079357147,0.0,0,0.0
0,-0.5,-499.4089353084564,0.0,0,0.0
0,-0.5,-499.4089353084564,0.0,0,0.0
0,-0.5,-499.4089353084564,0.0,0,0.0
0,-0.5,-499.40936279296875,0.0,1,0.0
0,-0.5,-499.40936279296875,0.0,0,0.0
0,-0.4999268054962158,-499.40928959846497,7.319450378417969e-05,0,7.319450378417969e-05
0,-0.4994931221008301,-499.4087827205658,0.0004336833953857422,0,0.0005068778991699219
0,-0.4990055561065674,-499.40812826156616,0.0004875659942626953,1,0.0009944438934326172
0,-0.4990055561065674,-499.40713381767273,0.0,0,0.0009944438934326172
0,-0.5,-499.4081356525421,-0.0009944438934326172,0,0.0
0,-0.5,-499.4081356525421,0.0,0,0.0
0,-0.5,-499.4081356525421,0.0,1,0.0
0,-0.4994790554046631,-499.4076147079468,0.0005209445953369141,0,0.0005209445953369141
0,-0.5,-499.4076147079468,-0.0005209445953369141,0,0.0
0,-0.5,-499.4076147079468,0.0,0,0.0
0,-0.5,-499.4076147079468,0.0,1,0.0
0,-0.49890613555908203,-499.40652084350586,0.0010938644409179688,0,0.0010938644409179688
0,-0.5,-499.40652084350586,-0.0010938644409179688,1,0.0
0,-0.49900174140930176,-499.40552258491516,0.0009982585906982422,0,0.0009982585906982422
0,-0.5,-499.4060642719269,-0.0009982585906982422,0,0.0
0,-0.5,-499.4060642719269,0.0,0,0.0
0,-0.5,-499.408127784729,0.0,0,0.0
0,-0.4997696876525879,-499.4078974723816,0.00023031234741210938,0,0.00023031234741210938
0,-0.5,-499.4078974723816,-0.00023031234741210938,1,0.0
0,-0.49900221824645996,-499.4079067707062,0.000997781753540039,0,0.000997781753540039
0,-0.5,-499.4079067707062,-0.000997781753540039,1,0.0
0,-0.4986531734466553,-499.4075562953949,0.0013468265533447266,0,0.0013468265533447266
0,-0.5,-499.4075562953949,-0.0013468265533447266,1,0.0
0,-0.49899721145629883,-499.4075503349304,0.0010027885437011719,0,0.0010027885437011719
0,-0.5,-499.40865445137024,-0.0010027885437011719,1,0.0
0,-0.5,-499.40865445137024,0.0,0,0.0
0,-0.5,-499.4102210998535,0.0,1,0.0
0,-0.5,-499.41565895080566,0.0,0,0.0
0,-0.5,-499.4161739349365,0.0,0,0.0
0,-0.4995555877685547,-499.4182484149933,0.0004444122314453125,0,0.0004444122314453125
0,-0.5,-499.41892766952515,-0.0004444122314453125,0,0.0
0,-0.5,-499.41993737220764,0.0,2,0.0
0,-0.4989967346191406,-499.4189341068268,0.001003265380859375,1,0.001003265380859375
0,-0.49800968170166016,-499.41799449920654,0.0009870529174804688,0,0.0019903182983398438
0,-0.5,-499.41850185394287,-0.0019903182983398438,0,0.0
0,-0.5,-499.42060470581055,0.0,0,0.0
0,-0.499497652053833,-499.4210979938507,0.0005023479461669922,0,0.0005023479461669922
0,-0.5,-499.42284536361694,-0.0005023479461669922,0,0.0
0,-0.5,-499.4238965511322,0.0,0,0.0
0,-0.4993877410888672,-499.42378973960876,0.0006122589111328125,0,0.0006122589111328125
0,-0.5,-499.4248483181,-0.0006122589111328125,0,0.0
0,-0.49990320205688477,-499.42475152015686,9.679794311523438e-05,0,9.679794311523438e-05
0,-0.5,-499.4257571697235,-9.679794311523438e-05,1,0.0
0,-0.4985527992248535,-499.42575573921204,0.0014472007751464844,0,0.0014472007751464844
0,-0.5,-499.4267530441284,-0.0014472007751464844,1,0.0
0,-0.49900269508361816,-499.42575573921204,0.000997304916381836,0,0.000997304916381836
0,-0.5,-499.42575573921204,-0.000997304916381836,0,0.0
0,-0.5,-499.42575573921204,0.0,0,0.0
0,-0.5,-499.427218914032,0.0,1,0.0
0,-0.4989945888519287,-499.4262135028839,0.001005411148071289,0,0.001005411148071289
0,-0.5,-499.42727160453796,-0.001005411148071289,0,0.0
0,-0.5,-499.42727160453796,0.0,0,0.0
0,-0.5,-499.42727160453796,0.0,0,0.0
0,-0.4996166229248047,-499.42688822746277,0.0003833770751953125,0,0.0003833770751953125
0,-0.49931836128234863,-499.4262065887451,0.0002982616424560547,0,0.0006816387176513672
0,-0.5,-499.4262065887451,-0.0006816387176513672,0,0.0
0,-0.4998905658721924,-499.4284234046936,0.00010943412780761719,0,0.00010943412780761719
0,-0.49967384338378906,-499.4280972480774,0.0002167224884033203,0,0.0003261566162109375
0,-0.5,-499.4291160106659,-0.0003261566162109375,1,0.0
0,-0.5,-499.4311249256134,0.0,0,0.0
0,-0.5,-499.4311249256134,0.0,1,0.0
0,-0.5,-499.4321949481964,0.0,0,0.0
0,-0.5,-499.4321949481964,0.0,0,0.0
0,-0.5,-499.433251619339,0.0,0,0.0
0,-0.5,-499.433251619339,0.0,0,0.0
0,-0.5,-499.433251619339,0.0,0,0.0
0,-0.5,-499.433251619339,0.0,1,0.0
0,-0.5,-499.433251619339,0.0,0,0.0
0,-0.5,-499.433251619339,0.0,0,0.0
0,-0.5,-499.4342579841614,0.0,0,0.0
0,-0.5,-499.4342579841614,0.0,0,0.0
0,-0.49881553649902344,-499.43508648872375,0.0011844635009765625,0,0.0011844635009765625
0,-0.5,-499.43609714508057,-0.0011844635009765625,1,0.0
0,-0.49788546562194824,-499.4339826107025,0.002114534378051758,0,0.002114534378051758
0,-0.5,-499.436087846756,-0.002114534378051758,1,0.0
0,-0.49871087074279785,-499.4347987174988,0.0012891292572021484,0,0.0012891292572021484
0,-0.5,-499.43538093566895,-0.0012891292572021484,1,0.0
0,-0.5,-499.43538093566895,0.0,0,0.0
0,-0.5,-499.43538093566895,0.0,1,0.0
0,-0.4989969730377197,-499.4353973865509,0.0010030269622802734,0,0.0010030269622802734
0,-0.5,-499.4358174800873,-0.0010030269622802734,0,0.0
0,-0.5,-499.4358174800873,0.0,0,0.0
0,-0.5,-499.4358174800873,0.0,1,0.0
0,-0.49801039695739746,-499.4368269443512,0.001989603042602539,0,0.001989603042602539
0,-0.5,-499.4375367164612,-0.001989603042602539,1,0.0
0,-0.4990551471710205,-499.4391260147095,0.0009448528289794922,0,0.0009448528289794922
0,-0.5,-499.4391260147095,-0.0009448528289794922,1,0.0
0,-0.4994974136352539,-499.4386234283447,0.0005025863647460938,0,0.0005025863647460938
0,-0.5,-499.4386234283447,-0.0005025863647460938,1,0.0
0,-0.5,-499.4386234283447,0.0,0,0.0
0,-0.5,-499.43961238861084,0.0,0,0.0
0,-0.5,-499.43961238861084,0.0,0,0.0
0,-0.5,-499.43961238861084,0.0,1,0.0
0,-0.4976670742034912,-499.43934965133667,0.002332925796508789,0,0.002332925796508789
0,-0.5,-499.4414293766022,-0.002332925796508789,1,0.0
0,-0.5,-499.4414293766022,0.0,0,0.0
0,-0.5,-499.4414293766022,0.0,0,0.0
0,-0.5,-499.4414293766022,0.0,0,0.0
0,-0.5,-499.4435760974884,0.0,0,0.0
0,-0.5,-499.4435760974884,0.0,1,0.0
0,-0.4980645179748535,-499.4426853656769,0.0019354820251464844,0,0.0019354820251464844
0,-0.5,-499.4436767101288,-0.0019354820251464844,0,0.0
0,-0.5,-499.4436767101288,0.0,0,0.0
0,-0.5,-499.44467329978943,0.0,0,0.0
0,-0.5,-499.44467329978943,0.0,1,0.0
0,-0.5,-499.4450104236603,0.0,0,0.0
0,-0.5,-499.4450104236603,0.0,1,0.0
0,-0.5,-499.4460048675537,0.0,0,0.0
0,-0.5,-499.4460048675537,0.0,1,0.0
0,-0.49800586700439453,-499.4440107345581,0.0019941329956054688,0,0.0019941329956054688
0,-0.5,-499.4440107345581,-0.0019941329956054688,1,0.0
0,-0.5,-499.4450104236603,0.0,0,0.0
0,-0.5,-499.4450104236603,0.0,2,0.0
0,-0.5,-499.4450104236603,0.0,0,0.0
0,-0.5,-499.4450104236603,0.0,0,0.0
0,-0.5,-499.4464292526245,0.0,0,0.0
0,-0.5,-499.4469382762909,0.0,0,0.0
0,-0.5,-499.44845151901245,0.0,0,0.0
0,-0.5,-499.44845151901245,0.0,0,0.0
0,-0.5,-499.44986963272095,0.0,0,0.0
0,-0.5,-499.44986963272095,0.0,1,0.0
0,-0.5,-499.45086312294006,0.0,0,0.0
0,-0.5,-499.45086312294006,0.0,1,0.0
0,-0.49841880798339844,-499.4503080844879,0.0015811920166015625,0,0.0015811920166015625
0,-0.5,-499.45082354545593,-0.0015811920166015625,1,0.0
0,-0.5,-499.45182394981384,0.0,0,0.0
0,-0.5,-499.45182394981384,0.0,0,0.0
0,-0.49900269508361816,-499.45082664489746,0.000997304916381836,0,0.000997304916381836
0,-0.49900364875793457,-499.4498302936554,-9.5367431640625e-07,0,0.0009963512420654297
0,-0.5,-499.4498302936554,-0.0009963512420654297,0,0.0
0,-0.5,-499.4498302936554,0.0,1,0.0
0,-0.5,-499.45112681388855,0.0,0,0.0
0,-0.5,-499.45112681388855,0.0,1,0.0
0,-0.4994964599609375,-499.4515404701233,0.0005035400390625,0,0.0005035400390625
0,-0.5,-499.45256328582764,-0.0005035400390625,0,0.0
0,-0.49900221824645996,-499.45566987991333,0.000997781753540039,0,0.000997781753540039
0,-0.5,-499.45566987991333,-0.000997781753540039,0,0.0
0,-0.49916982650756836,-499.4548397064209,0.0008301734924316406,0,0.0008301734924316406
0,-0.5,-499.4548397064209,-0.0008301734924316406,0,0.0
0,-0.4996793270111084,-499.454519033432,0.00032067298889160156,0,0.00032067298889160156
0,-0.5,-499.45552015304565,-0.00032067298889160156,1,0.0
0,-0.49891185760498047,-499.4586410522461,0.0010881423950195312,0,0.0010881423950195312
0,-0.5,-499.4596655368805,-0.0010881423950195312,0,0.0
0,-0.5,-499.4617018699646,0.0,0,0.0
0,-0.49949193000793457,-499.46119379997253,0.0005080699920654297,0,0.0005080699920654297
0,-0.5,-499.4632580280304,-0.0005080699920654297,0,0.0
0,-0.5,-499.4632580280304,0.0,0,0.0
0,-0.5,-499.47028970718384,0.0,0,0.0
0,-0.5,-499.47062635421753,0.0,0,0.0
0,-0.5,-499.47288632392883,0.0,0,0.0
0,-0.5,-499.47288632392883,0.0,0,0.0
0,-0.49925875663757324,-499.4721450805664,0.0007412433624267578,0,0.0007412433624267578
0,-0.5,-499.4721450805664,-0.0007412433624267578,1,0.0
0,-0.4981043338775635,-499.47024941444397,0.0018956661224365234,0,0.0018956661224365234
0,-0.5,-499.47024941444397,-0.0018956661224365234,1,0.0
0,-0.5,-499.47136092185974,0.0,0,0.0
0,-0.5,-499.47341442108154,0.0,0,0.0
0,-0.5,-499.47341442108154,0.0,0,0.0
0,-0.5,-499.47341442108154,0.0,0,0.0
0,-0.49866437911987305,-499.4720788002014,0.0013356208801269531,0,0.0013356208801269531
0,-0.5,-499.4720788002014,-0.0013356208801269531,1,0.0
0,-0.5,-499.4730751514435,0.0,0,0.0
0,-0.5,-499.47408056259155,0.0,0,0.0
0,-0.5,-499.4761266708374,0.0,0,0.0
0,-0.5,-499.4761266708374,0.0,1,0.0
0,-0.5,-499.4775719642639,0.0,0,0.0
0,-0.5,-499.4775719642639,0.0,1,0.0
0,-0.5,-499.47857117652893,0.0,0,0.0
0,-0.5,-499.47957944869995,0.0,1,0.0
0,-0.5,-499.4815731048584,0.0,0,0.0
0,-0.5,-499.4815731048584,0.0,0,0.0
0,-0.5,-499.48415207862854,0.0,0,0.0
0,-0.5,-499.4851837158203,0.0,0,0.0
0,-0.5,-499.48717641830444,0.0,0,0.0
0,-0.5,-499.48717641830444,0.0,1,0.0
0,-0.49837732315063477,-499.48656272888184,0.0016226768493652344,0,0.0016226768493652344
0,-0.5,-499.48759031295776,-0.0016226768493652344,1,0.0
0,-0.5,-499.48993468284607,0.0,0,0.0
0,-0.5,-499.48993468284607,0.0,0,0.0
0,-0.499006986618042,-499.4928228855133,0.0009930133819580078,0,0.0009930133819580078
0,-0.5,-499.49382519721985,-0.0009930133819580078,1,0.0
0,-0.5,-499.49582171440125,0.0,0,0.0
0,-0.5,-499.49582171440125,0.0,0,0.0
0,-0.5,-499.49582171440125,0.0,0,0.0
0,-0.5,-499.49641013145447,0.0,1,0.0
0,-0.5,-499.49641013145447,0.0,0,0.0
0,-0.5,-499.4974687099457,0.0,1,0.0
0,-0.5,-499.49841499328613,0.0,0,0.0
0,-0.5,-499.49841499328613,0.0,1,0.0
0,-0.5,-499.49841499328613,0.0,0,0.0
0,-0.5,-499.49841499328613,0.0,0,0.0
0,-0.5,-499.49841499328613,0.0,0,0.0
0,-0.5,-499.49841499328613,0.0,1,0.0
0,-0.49900245666503906,-499.5009136199951,0.0009975433349609375,0,0.0009975433349609375
0,-0.5,-499.5009136199951,-0.0009975433349609375,1,0.0
0,-0.4994168281555176,-499.50033044815063,0.0005831718444824219,0,0.0005831718444824219
0,-0.5,-499.50033044815063,-0.0005831718444824219,0,0.0
0,-0.4996674060821533,-499.50150656700134,0.0003325939178466797,0,0.0003325939178466797
0,-0.5,-499.50257420539856,-0.0003325939178466797,1,0.0
0,-0.5,-499.5056390762329,0.0,0,0.0
0,-0.5,-499.5056390762329,0.0,0,0.0
0,-0.5,-499.5056390762329,0.0,0,0.0
0,-0.5,-499.5056390762329,0.0,0,0.0
0,-0.49899888038635254,-499.50463795661926,0.001001119613647461,0,0.001001119613647461
0,-0.5,-499.50463795661926,-0.001001119613647461,1,0.0
0,-0.5,-499.50463795661926,0.0,0,0.0
0,-0.5,-499.50483417510986,0.0,1,0.0
0,-0.5,-499.50483417510986,0.0,0,0.0
0,-0.5,-499.5059390068054,0.0,0,0.0
0,-0.4996819496154785,-499.50772285461426,0.0003180503845214844,0,0.0003180503845214844
0,-0.49949145317077637,-499.50721430778503,0.00019049644470214844,0,0.0005085468292236328
0,-0.5,-499.50721430778503,-0.0005085468292236328,0,0.0
0,-0.5,-499.50771975517273,0.0,0,0.0
0,-0.5,-499.5092387199402,0.0,0,0.0
0,-0.5,-499.5092387199402,0.0,1,0.0
0,-0.4972684383392334,-499.50734186172485,0.0027315616607666016,0,0.0027315616607666016
0,-0.5,-499.50734186172485,-0.0027315616607666016,0,0.0
0,-0.5,-499.50781202316284,0.0,0,0.0
0,-0.5,-499.50781202316284,0.0,0,0.0
0,-0.5,-499.5088107585907,0.0,0,0.0
0,-0.5,-499.50924587249756,0.0,0,0.0
0,-0.5,-499.50963163375854,0.0,0,0.0
0,-0.5,-499.51064801216125,0.0,0,0.0
0,-0.5,-499.5126430988312,0.0,0,0.0
0,-0.5,-499.5126430988312,0.0,1,0.0
0,-0.5,-499.5126430988312,0.0,0,0.0
0,-0.5,-499.5126430988312,0.0,1,0.0
0,-0.5,-499.5126430988312,0.0,0,0.0
0,-0.5,-499.5126430988312,0.0,1,0.0
0,-0.4990065097808838,-499.51482343673706,0.000993490219116211,0,0.000993490219116211
0,-0.5,-499.51482343673706,-0.000993490219116211,0,0.0
0,-0.5,-499.51482343673706,0.0,0,0.0
0,-0.5,-499.51482343673706,0.0,1,0.0
0,-0.5,-499.51581025123596,0.0,0,0.0
0,-0.5,-499.51683616638184,0.0,1,0.0
0,-0.5,-499.51872158050537,0.0,0,0.0
0,-0.5,-499.51872158050537,0.0,0,0.0
0,-0.5,-499.51872158050537,0.0,0,0.0
0,-0.5,-499.51872158050537,0.0,1,0.0
0,-0.4989969730377197,-499.5177185535431,0.0010030269622802734,0,0.0010030269622802734
0,-0.5,-499.5187385082245,-0.0010030269622802734,1,0.0
0,-0.5,-499.52176880836487,0.0,0,0.0
0,-0.5,-499.52176880836487,0.0,0,0.0
0,-0.5,-499.52286100387573,0.0,0,0.0
0,-0.5,-499.52286100387573,0.0,0,0.0
0,-0.5,-499.52286100387573,0.0,0,0.0
0,-0.5,-499.52286100387573,0.0,1,0.0
0,-0.5,-499.52385449409485,0.0,0,0.0
0,-0.5,-499.52385449409485,0.0,0,0.0
0,-0.5,-499.52385449409485,0.0,0,0.0
0,-0.5,-499.52385449409485,0.0,1,0.0
0,-0.5,-499.52385449409485,0.0,0,0.0
0,-0.5,-499.52385449409485,0.0,0,0.0
0,-0.5,-499.5254511833191,0.0,0,0.0
0,-0.5,-499.5265655517578,0.0,0,0.0
0,-0.5,-499.52767515182495,0.0,0,0.0
0,-0.5,-499.52767515182495,0.0,1,0.0
0,-0.5,-499.52767515182495,0.0,0,0.0
0,-0.5,-499.5280327796936,0.0,0,0.0
0,-0.4994957447052002,-499.52913880348206,0.0005042552947998047,0,0.0005042552947998047
0,-0.5,-499.52913880348206,-0.0005042552947998047,0,0.0
0,-0.4980628490447998,-499.52720165252686,0.0019371509552001953,0,0.0019371509552001953
0,-0.5,-499.5282173156738,-0.0019371509552001953,0,0.0
0,-0.5,-499.529221534729,0.0,0,0.0
0,-0.5,-499.529221534729,0.0,1,0.0
0,-0.5,-499.529221534729,0.0,0,0.0
0,-0.5,-499.529221534729,0.0,0,0.0
0,-0.5,-499.529221534729,0.0,0,0.0
0,-0.5,-499.529221534729,0.0,0,0.0
0,-0.5,-499.529221534729,0.0,0,0.0
0,-0.5,-499.529221534729,0.0,0,0.0
0,-0.5,-499.5302186012268,0.0,0,0.0
0,-0.5,-499.5302186012268,0.0,0,0.0
0,-0.49900078773498535,-499.5302138328552,0.0009992122650146484,0,0.0009992122650146484
0,-0.5,-499.5302138328552,-0.0009992122650146484,1,0.0
0,-0.5,-499.5302138328552,0.0,0,0.0
0,-0.5,-499.5314965248108,0.0,0,0.0
0,-0.5,-499.5327603816986,0.0,0,0.0
0,-0.5,-499.5327603816986,0.0,1,0.0
0,-0.49895548820495605,-499.5331382751465,0.0010445117950439453,0,0.0010445117950439453
0,-0.5,-499.5341489315033,-0.0010445117950439453,0,0.0
0,-0.5,-499.5362024307251,0.0,0,0.0
0,-0.5,-499.53671312332153,0.0,1,0.0
0,-0.49802350997924805,-499.536945104599,0.001976490020751953,0,0.001976490020751953
0,-0.5,-499.536945104599,-0.001976490020751953,1,0.0
0,-0.5,-499.536945104599,0.0,0,0.0
0,-0.5,-499.536945104599,0.0,0,0.0
0,-0.49900245666503906,-499.53594756126404,0.0009975433349609375,0,0.0009975433349609375
0,-0.5,-499.53594756126404,-0.0009975433349609375,0,0.0
0,-0.5,-499.53594756126404,0.0,0,0.0
0,-0.5,-499.5365397930145,0.0,1,0.0
0,-0.5,-499.5368366241455,0.0,0,0.0
0,-0.5,-499.53805661201477,0.0,1,0.0
0,-0.5,-499.5390980243683,0.0,0,0.0
0,-0.5,-499.53931307792664,0.0,0,0.0
0,-0.5,-499.5398225784302,0.0,2,0.0
0,-0.49900293350219727,-499.5388255119324,0.0009970664978027344,0,0.0009970664978027344
0,-0.49900293350219727,-499.54151487350464,0.0,0,0.0009970664978027344
0,-0.5,-499.54296946525574,-0.0009970664978027344,0,0.0
0,-0.4990050792694092,-499.54537749290466,0.0009949207305908203,0,0.0009949207305908203
0,-0.5,-499.54836773872375,-0.0009949207305908203,1,0.0
0,-0.4982302188873291,-499.5512053966522,0.0017697811126708984,0,0.0017697811126708984
0,-0.5,-499.55167412757874,-0.0017697811126708984,1,0.0
0,-0.5,-499.55265164375305,0.0,0,0.0
0,-0.5,-499.55265164375305,0.0,1,0.0
0,-0.49899792671203613,-499.5526533126831,0.0010020732879638672,0,0.0010020732879638672
0,-0.5,-499.5536506175995,-0.0010020732879638672,0,0.0
0,-0.4990043640136719,-499.554648399353,0.000995635986328125,0,0.000995635986328125
0,-0.4993901252746582,-499.5549829006195,-0.0003857612609863281,0,0.0006098747253417969
0,-0.5,-499.55692434310913,-0.0006098747253417969,0,0.0
0,-0.5,-499.5574686527252,0.0,1,0.0
0,-0.5,-499.5590419769287,0.0,0,0.0
0,-0.5,-499.56013560295105,0.0,1,0.0
0,-0.4990048408508301,-499.5612030029297,0.0009951591491699219,0,0.0009951591491699219
0,-0.5,-499.5612030029297,-0.0009951591491699219,0,0.0
0,-0.5,-499.5621974468231,0.0,0,0.0
0,-0.5,-499.5621974468231,0.0,1,0.0
0,-0.49895167350769043,-499.5611491203308,0.0010483264923095703,0,0.0010483264923095703
0,-0.5,-499.5611491203308,-0.0010483264923095703,1,0.0
0,-0.5,-499.56413984298706,0.0,0,0.0
0,-0.5,-499.56525921821594,0.0,1,0.0
0,-0.5,-499.56787371635437,0.0,0,0.0
0,-0.5,-499.56787371635437,0.0,0,0.0
0,-0.4993577003479004,-499.56822538375854,0.0006422996520996094,0,0.0006422996520996094
0,-0.5,-499.56822538375854,-0.0006422996520996094,1,0.0
0,-0.5,-499.56822538375854,0.0,0,0.0
0,-0.5,-499.56822538375854,0.0,1,0.0
0,-0.5,-499.56822538375854,0.0,0,0.0
0,-0.5,-499.56822538375854,0.0,1,0.0
0,-0.5,-499.5716414451599,0.0,0,0.0
0,-0.5,-499.5716414451599,0.0,1,0.0
0,-0.4990057945251465,-499.57064723968506,0.0009942054748535156,0,0.0009942054748535156
0,-0.5,-499.57064723968506,-0.0009942054748535156,1,0.0
0,-0.5,-499.57064723968506,0.0,0,0.0
0,-0.5,-499.57064723968506,0.0,1,0.0
0,-0.4983692169189453,-499.569016456604,0.0016307830810546875,0,0.0016307830810546875
0,-0.5,-499.569016456604,-0.0016307830810546875,1,0.0
0,-0.49900126457214355,-499.56801772117615,0.0009987354278564453,0,0.0009987354278564453
0,-0.5,-499.56801772117615,-0.0009987354278564453,1,0.0
0,-0.5,-499.56902623176575,0.0,0,0.0
0,-0.5,-499.56902623176575,0.0,0,0.0
0,-0.5,-499.56902623176575,0.0,0,0.0
0,-0.5,-499.56902623176575,0.0,1,0.0
0,-0.5,-499.5700194835663,0.0,0,0.0
0,-0.5,-499.5700194835663,0.0,1,0.0
0,-0.5,-499.5700194835663,0.0,0,0.0
0,-0.5,-499.5711040496826,0.0,1,0.0
0,-0.49900102615356445,-499.5721435546875,0.0009989738464355469,0,0.0009989738464355469
0,-0.5,-499.5721435546875,-0.0009989738464355469,1,0.0
0,-0.5,-499.5721435546875,0.0,0,0.0
0,-0.5,-499.5721435546875,0.0,1,0.0
0,-0.49900221824645996,-499.5721390247345,0.000997781753540039,0,0.000997781753540039
0,-0.5,-499.57264518737793,-0.000997781753540039,0,0.0
0,-0.5,-499.57315135002136,0.0,0,0.0
0,-0.5,-499.573689699173,0.0,1,0.0
0,-0.5,-499.57459926605225,0.0,0,0.0
0,-0.5,-499.57561779022217,0.0,1,0.0
0,-0.49800562858581543,-499.5770447254181,0.0019943714141845703,0,0.0019943714141845703
0,-0.5,-499.5780522823334,-0.0019943714141845703,1,0.0
0,-0.49811410903930664,-499.5779049396515,0.0018858909606933594,0,0.0018858909606933594
0,-0.5,-499.5789198875427,-0.0018858909606933594,0,0.0
0,-0.5,-499.58091378211975,0.0,0,0.0
0,-0.5,-499.58091378211975,0.0,1,0.0
0,-0.4994981288909912,-499.583327293396,0.0005018711090087891,0,0.0005018711090087891
0,-0.5,-499.584321975708,-0.0005018711090087891,1,0.0
0,-0.5,-499.5853705406189,0.0,0,0.0
0,-0.5,-499.58641600608826,0.0,0,0.0
0,-0.4980132579803467,-499.5855872631073,0.0019867420196533203,0,0.0019867420196533203
0,-0.5,-499.5855872631073,-0.0019867420196533203,0,0.0
0,-0.5,-499.5855872631073,0.0,0,0.0
0,-0.5,-499.58650302886963,0.0,0,0.0
0,-0.49900150299072266,-499.5874481201172,0.0009984970092773438,0,0.0009984970092773438
0,-0.5,-499.5884780883789,-0.0009984970092773438,1,0.0
0,-0.499004602432251,-499.58748269081116,0.0009953975677490234,0,0.0009953975677490234
0,-0.5,-499.5876500606537,-0.0009953975677490234,1,0.0
0,-0.4994983673095703,-499.58714842796326,0.0005016326904296875,0,0.0005016326904296875
0,-0.5,-499.58714842796326,-0.0005016326904296875,1,0.0
0,-0.5,-499.5872690677643,0.0,0,0.0
0,-0.5,-499.5872690677643,0.0,1,0.0
0,-0.5,-499.59227538108826,0.0,0,0.0
0,-0.5,-499.59227538108826,0.0,0,0.0
0,-0.5,-499.59227538108826,0.0,0,0.0
0,-0.5,-499.5932903289795,0.0,1,0.0
0,-0.5,-499.5932903289795,0.0,0,0.0
0,-0.5,-499.5932903289795,0.0,1,0.0
0,-0.5,-499.5932903289795,0.0,0,0.0
0,-0.4989912509918213,-499.5932319164276,0.001008749008178711,1,0.001008749008178711
0,-0.49700260162353516,-499.59253573417664,0.001988649368286133,0,0.0029973983764648438
0,-0.5,-499.59352588653564,-0.0029973983764648438,1,0.0
0,-0.5,-499.59412717819214,0.0,0,0.0
0,-0.5,-499.59512591362,0.0,0,0.0
0,-0.5,-499.59555077552795,0.0,0,0.0
0,-0.5,-499.59555077552795,0.0,0,0.0
0,-0.5,-499.59677028656006,0.0,0,0.0
0,-0.5,-499.59677028656006,0.0,0,0.0
0,-0.5,-499.5978126525879,0.0,0,0.0
0,-0.49858999252319336,-499.5964026451111,0.0014100074768066406,1,0.0014100074768066406
0,-0.49791383743286133,-499.59431648254395,0.0006761550903320312,0,0.002086162567138672
0,-0.5,-499.59431648254395,-0.002086162567138672,0,0.0
0,-0.5,-499.59431648254395,0.0,0,0.0
0,-0.4994947910308838,-499.5948097705841,0.0005052089691162109,0,0.0005052089691162109
0,-0.49886059761047363,-499.5946686267853,0.0006341934204101562,0,0.0011394023895263672
0,-0.5,-499.5946686267853,-0.0011394023895263672,1,0.0
0,-0.4989969730377197,-499.593665599823,0.0010030269622802734,0,0.0010030269622802734
0,-0.4994957447052002,-499.5931613445282,-0.0004987716674804688,1,0.0005042552947998047
0,-0.4994957447052002,-499.5936539173126,0.0,0,0.0005042552947998047
0,-0.5,-499.5946481227875,-0.0005042552947998047,1,0.0
0,-0.4990072250366211,-499.5959508419037,0.0009927749633789062,0,0.0009927749633789062
0,-0.5,-499.5959508419037,-0.0009927749633789062,1,0.0
0,-0.4990074634552002,-499.5949583053589,0.0009925365447998047,0,0.0009925365447998047
0,-0.5,-499.5949583053589,-0.0009925365447998047,1,0.0
0,-0.49848413467407227,-499.59443950653076,0.0015158653259277344,0,0.0015158653259277344
0,-0.4994950294494629,-499.5939345359802,-0.001010894775390625,0,0.0005049705505371094
0,-0.4994950294494629,-499.59444093704224,0.0,0,0.0005049705505371094
0,-0.49909210205078125,-499.5945863723755,0.0004029273986816406,1,0.00090789794921875
0,-0.49909210205078125,-499.59367847442627,0.0,0,0.00090789794921875
0,-0.5,-499.59367847442627,-0.00090789794921875,1,0.0
0,-0.498492956161499,-499.5931725502014,0.0015070438385009766,0,0.0015070438385009766
0,-0.5,-499.59416675567627,-0.0015070438385009766,1,0.0
0,-0.5,-499.59416675567627,0.0,0,0.0
0,-0.4994776248931885,-499.59364438056946,0.0005223751068115234,1,0.0005223751068115234
0,-0.4984707832336426,-499.5921151638031,0.0010068416595458984,0,0.0015292167663574219
0,-0.4989316463470459,-499.5920503139496,-0.0004608631134033203,1,0.0010683536529541016
0,-0.4979252815246582,-499.5909652709961,0.0010063648223876953,0,0.002074718475341797
0,-0.5,-499.5909652709961,-0.002074718475341797,1,0.0
0,-0.49689579010009766,-499.59179949760437,0.0031042098999023438,0,0.0031042098999023438
0,-0.5,-499.59179949760437,-0.0031042098999023438,0,0.0
0,-0.49500465393066406,-499.58680415153503,0.0049953460693359375,0,0.0049953460693359375
0,-0.5,-499.5878014564514,-0.0049953460693359375,1,0.0
0,-0.4994962215423584,-499.58900690078735,0.0005037784576416016,0,0.0005037784576416016
0,-0.5,-499.5900137424469,-0.0005037784576416016,1,0.0
0,-0.4979701042175293,-499.58897519111633,0.002029895782470703,0,0.002029895782470703
0,-0.4989650249481201,-499.5884609222412,-0.0009949207305908203,0,0.0010349750518798828
0,-0.49949121475219727,-499.5879521369934,-0.0005261898040771484,0,0.0005087852478027344
0,-0.5,-499.58896231651306,-0.0005087852478027344,1,0.0
0,-0.4974958896636963,-499.58797550201416,0.002504110336303711,0,0.002504110336303711
0,-0.5,-499.58797550201416,-0.002504110336303711,0,0.0
0,-0.5,-499.58797550201416,0.0,0,0.0
0,-0.49956321716308594,-499.58753871917725,0.0004367828369140625,0,0.0004367828369140625
0,-0.49838924407958984,-499.58592796325684,0.0011739730834960938,0,0.0016107559204101562
0,-0.5,-499.58592796325684,-0.0016107559204101562,0,0.0
0,-0.4989306926727295,-499.58485865592957,0.0010693073272705078,0,0.0010693073272705078
0,-0.5,-499.5858027935028,-0.0010693073272705078,0,0.0
0,-0.5,-499.58782744407654,0.0,0,0.0
0,-0.49848103523254395,-499.5873064994812,0.0015189647674560547,1,0.0015189647674560547
0,-0.49848103523254395,-499.58784103393555,0.0,0,0.0015189647674560547
0,-0.5,-499.58784103393555,-0.0015189647674560547,1,0.0
0,-0.5,-499.58883357048035,0.0,0,0.0
0,-0.4989628791809082,-499.58779644966125,0.0010371208190917969,0,0.0010371208190917969
0,-0.49940037727355957,-499.5871968269348,-0.0004374980926513672,0,0.0005996227264404297
0,-0.5,-499.5871968269348,-0.0005996227264404297,1,0.0
0,-0.49794602394104004,-499.58514285087585,0.002053976058959961,0,0.002053976058959961
0,-0.5,-499.58514285087585,-0.002053976058959961,1,0.0
0,-0.492748498916626,-499.5778913497925,0.0072515010833740234,0,0.0072515010833740234
0,-0.5,-499.5778913497925,-0.0072515010833740234,1,0.0
0,-0.49694085121154785,-499.574832201004,0.0030591487884521484,0,0.0030591487884521484
0,-0.5,-499.574832201004,-0.0030591487884521484,0,0.0
0,-0.5,-499.57535123825073,0.0,0,0.0
0,-0.49947261810302734,-499.57593965530396,0.0005273818969726562,1,0.0005273818969726562
0,-0.4977452754974365,-499.57499074935913,0.0017273426055908203,0,0.0022547245025634766
0,-0.5,-499.57609009742737,-0.0022547245025634766,1,0.0
0,-0.49434518814086914,-499.5719544887543,0.005654811859130859,0,0.005654811859130859
0,-0.4989817142486572,-499.5716905593872,-0.004636526107788086,1,0.0010182857513427734
0,-0.4976212978363037,-499.5695683956146,0.0013604164123535156,0,0.002378702163696289
0,-0.5,-499.5695683956146,-0.002378702163696289,1,0.0
0,-0.49369168281555176,-499.5632600784302,0.006308317184448242,0,0.006308317184448242
0,-0.4994819164276123,-499.57082200050354,-0.005790233612060547,0,0.0005180835723876953
0,-0.5,-499.5713279247284,-0.0005180835723876953,0,0.0
0,-0.4990057945251465,-499.5712776184082,0.0009942054748535156,1,0.0009942054748535156
0,-0.48670172691345215,-499.55797934532166,0.012304067611694336,0,0.013298273086547852
0,-0.5,-499.55797934532166,-0.013298273086547852,1,0.0
0,-0.5,-499.5589790344238,0.0,0,0.0
0,-0.5,-499.55997705459595,0.0,0,0.0
0,-0.49500036239624023,-499.5560393333435,0.004999637603759766,0,0.004999637603759766
0,-0.4994354248046875,-499.5564796924591,-0.004435062408447266,0,0.0005645751953125
0,-0.4974684715270996,-499.5539481639862,0.0019669532775878906,0,0.0025315284729003906
0,-0.5,-499.5558683872223,-0.0025315284729003906,1,0.0
0,-0.5,-499.5558683872223,0.0,0,0.0
0,-0.5,-499.5568633079529,0.0,1,0.0
0,-0.49848318099975586,-499.55833888053894,0.0015168190002441406,0,0.0015168190002441406
0,-0.5,-499.55833888053894,-0.0015168190002441406,0,0.0
0,-0.49785614013671875,-499.55619502067566,0.00214385986328125,0,0.00214385986328125
0,-0.5,-499.55619502067566,-0.00214385986328125,0,0.0
0,-0.4994955062866211,-499.5556905269623,0.0005044937133789062,0,0.0005044937133789062
0,-0.5,-499.5564126968384,-0.0005044937133789062,0,0.0
0,-0.5,-499.5564126968384,0.0,0,0.0
0,-0.5,-499.5564126968384,0.0,1,0.0
0,-0.49829840660095215,-499.55471110343933,0.0017015933990478516,0,0.0017015933990478516
32,1.3938992023468018,1.3938992023468018,1.3938992023468018,0,1.8938992023468018
0,-0.5,0.8938992023468018,-1.8938992023468018,0,0.0
0,-0.5,0.39389920234680176,0.0,0,0.0
0,-0.49900269508361816,-0.1051034927368164,0.000997304916381836,0,0.000997304916381836
0,-0.4989907741546631,-0.6040942668914795,1.1920928955078125e-05,0,0.001009225845336914
0,-0.5,-1.1040942668914795,-0.001009225845336914,0,0.0
0,-0.5,-1.6040942668914795,0.0,0,0.0
0,-0.5,-2.1040942668914795,0.0,0,0.0
0,-0.5,-2.6040942668914795,0.0,0,0.0
0,-0.5,-3.1040942668914795,0.0,0,0.0
0,-0.5,-3.6040942668914795,0.0,0,0.0
0,-0.5,-4.1040942668914795,0.0,0,0.0
0,-0.5,-4.6040942668914795,0.0,0,0.0
0,-0.49900126457214355,-5.103095531463623,0.0009987354278564453,0,0.0009987354278564453
0,-0.49889254570007324,-5.601988077163696,0.0001087188720703125,0,0.0011074542999267578
0,-0.5,-6.101988077163696,-0.0011074542999267578,0,0.0
0,-0.5,-6.601988077163696,0.0,0,0.0
0,-0.5,-7.101988077163696,0.0,0,0.0
0,-0.4990391731262207,-7.601027250289917,0.0009608268737792969,0,0.0009608268737792969
0,-0.4989907741546631,-8.10001802444458,4.839897155761719e-05,0,0.001009225845336914
0,-0.49799537658691406,-8.598013401031494,0.0009953975677490234,0,0.0020046234130859375
0,-0.5,-9.098013401031494,-0.0020046234130859375,0,0.0
0,-0.498995304107666,-9.59700870513916,0.0010046958923339844,0,0.0010046958923339844
0,-0.5,-10.09700870513916,-0.0010046958923339844,0,0.0
0,-0.5,-10.59700870513916,0.0,0,0.0
0,-0.5,-11.09700870513916,0.0,0,0.0
0,-0.5,-11.59700870513916,0.0,0,0.0
0,-0.5,-12.09700870513916,0.0,0,0.0
0,-0.5,-12.59700870513916,0.0,0,0.0
0,-0.5,-13.09700870513916,0.0,0,0.0
0,-0.5,-13.59700870513916,0.0,0,0.0
0,-0.4990522861480713,-14.096060991287231,0.0009477138519287109,0,0.0009477138519287109
0,-0.5,-14.596060991287231,-0.0009477138519287109,0,0.0
0,-0.5,-15.096060991287231,0.0,0,0.0
0,-0.498490571975708,-15.59455156326294,0.0015094280242919922,0,0.0015094280242919922
0,-0.49900364875793457,-16.093555212020874,-0.0005130767822265625,0,0.0009963512420654297
0,-0.4989922046661377,-16.59254741668701,1.1444091796875e-05,0,0.0010077953338623047
0,-0.4986286163330078,-17.09117603302002,0.0003635883331298828,0,0.0013713836669921875
0,-0.5,-17.59117603302002,-0.0013713836669921875,0,0.0
0,-0.4989938735961914,-18.09016990661621,0.0010061264038085938,0,0.0010061264038085938
0,-0.5,-18.59016990661621,-0.0010061264038085938,0,0.0
0,-0.49898791313171387,-19.089157819747925,0.0010120868682861328,0,0.0010120868682861328
0,-0.5,-19.589157819747925,-0.0010120868682861328,0,0.0
0,-0.5,-20.089157819747925,0.0,0,0.0
0,-0.5,-20.589157819747925,0.0,0,0.0
0,-0.5,-21.089157819747925,0.0,0,0.0
0,-0.4989304542541504,-21.588088274002075,0.0010695457458496094,0,0.0010695457458496094
0,-0.5,-22.088088274002075,-0.0010695457458496094,1,0.0
0,-0.49900269508361816,-22.587090969085693,0.000997304916381836,0,0.000997304916381836
0,-0.5,-23.087090969085693,-0.000997304916381836,0,0.0
0,-0.5,-23.587090969085693,0.0,0,0.0
0,-0.5,-24.087090969085693,0.0,0,0.0
0,-0.49898791313171387,-24.586078882217407,0.0010120868682861328,0,0.0010120868682861328
0,-0.5,-25.086078882217407,-0.0010120868682861328,0,0.0
0,-0.49899959564208984,-25.585078477859497,0.0010004043579101562,0,0.0010004043579101562
0,-0.49898862838745117,-26.08406710624695,1.0967254638671875e-05,0,0.0010113716125488281
0,-0.5,-26.58406710624695,-0.0010113716125488281,0,0.0
0,-0.4989497661590576,-27.083016872406006,0.0010502338409423828,0,0.0010502338409423828
0,-0.4989304542541504,-27.581947326660156,1.9311904907226562e-05,0,0.0010695457458496094
0,-0.4989888668060303,-28.080936193466187,-5.841255187988281e-05,0,0.0010111331939697266
0,-0.4990050792694092,-28.579941272735596,-1.621246337890625e-05,0,0.0009949207305908203
0,-0.49948549270629883,-29.079426765441895,-0.00048041343688964844,0,0.0005145072937011719
0,-0.49895238876342773,-29.578379154205322,0.0005331039428710938,0,0.0010476112365722656
0,-0.5,-30.078379154205322,-0.0010476112365722656,0,0.0
0,-0.5,-30.578379154205322,0.0,0,0.0
0,-0.4987599849700928,-31.077139139175415,0.0012400150299072266,0,0.0012400150299072266
0,-0.4979817867279053,-31.57512092590332,0.0007781982421875,0,0.0020182132720947266
0,-0.4989910125732422,-32.07411193847656,-0.001009225845336914,0,0.0010089874267578125
0,-0.4990527629852295,-32.57316470146179,-6.175041198730469e-05,0,0.0009472370147705078
0,-0.4990041255950928,-33.072168827056885,4.863739013671875e-05,0,0.0009958744049072266
0,-0.5,-33.572168827056885,-0.0009958744049072266,0,0.0
0,-0.5,-34.072168827056885,0.0,0,0.0
0,-0.5,-34.572168827056885,0.0,0,0.0
0,-0.5,-35.072168827056885,0.0,0,0.0
0,-0.49900197982788086,-35.571170806884766,0.0009980201721191406,0,0.0009980201721191406
0,-0.5,-36.071170806884766,-0.0009980201721191406,0,0.0
0,-0.5,-36.571170806884766,0.0,0,0.0
0,-0.5,-37.071170806884766,0.0,0,0.0
0,-0.5,-37.571170806884766,0.0,0,0.0
0,-0.5,-38.071170806884766,0.0,0,0.0
0,-0.5,-38.571170806884766,0.0,0,0.0
0,-0.5,-39.071170806884766,0.0,0,0.0
0,-0.5,-39.571170806884766,0.0,0,0.0
0,-0.5,-40.071170806884766,0.0,0,0.0
0,-0.5,-40.571170806884766,0.0,0,0.0
0,-0.5,-41.071170806884766,0.0,0,0.0
0,-0.5,-41.571170806884766,0.0,0,0.0
0,-0.5,-42.071170806884766,0.0,0,0.0
0,-0.5,-42.571170806884766,0.0,0,0.0
0,-0.5,-43.071170806884766,0.0,0,0.0
0,-0.5,-43.571170806884766,0.0,0,0.0
0,-0.5,-44.071170806884766,0.0,0,0.0
0,-0.5,-44.571170806884766,0.0,0,0.0
0,-0.5,-45.071170806884766,0.0,0,0.0
0,-0.5,-45.571170806884766,0.0,0,0.0
0,-0.5,-46.071170806884766,0.0,0,0.0
0,-0.4990074634552002,-46.570178270339966,0.0009925365447998047,0,0.0009925365447998047
0,-0.5,-47.070178270339966,-0.0009925365447998047,0,0.0
0,-0.5,-47.570178270339966,0.0,0,0.0
0,-0.5,-48.070178270339966,0.0,0,0.0
0,-0.5,-48.570178270339966,0.0,0,0.0
0,-0.5,-49.070178270339966,0.0,0,0.0
0,-0.5,-49.570178270339966,0.0,0,0.0
0,-0.5,-50.070178270339966,0.0,0,0.0
0,-0.5,-50.570178270339966,0.0,0,0.0
0,-0.5,-51.070178270339966,0.0,0,0.0
0,-0.5,-51.570178270339966,0.0,0,0.0
0,-0.5,-52.070178270339966,0.0,0,0.0
0,-0.5,-52.570178270339966,0.0,0,0.0
0,-0.5,-53.070178270339966,0.0,0,0.0
0,-0.5,-53.570178270339966,0.0,0,0.0
0,-0.5,-54.070178270339966,0.0,0,0.0
0,-0.5,-54.570178270339966,0.0,0,0.0
0,-0.5,-55.070178270339966,0.0,0,0.0
0,-0.5,-55.570178270339966,0.0,0,0.0
0,-0.5,-56.070178270339966,0.0,0,0.0
0,-0.5,-56.570178270339966,0.0,0,0.0
0,-0.5,-57.070178270339966,0.0,0,0.0
0,-0.5,-57.570178270339966,0.0,0,0.0
0,-0.4990077018737793,-58.069185972213745,0.0009922981262207031,0,0.0009922981262207031
0,-0.49899935722351074,-58.568185329437256,8.344650268554688e-06,0,0.0010006427764892578
0,-0.5,-59.068185329437256,-0.0010006427764892578,0,0.0
0,-0.5,-59.568185329437256,0.0,0,0.0
0,-0.5,-60.068185329437256,0.0,0,0.0
0,-0.5,-60.568185329437256,0.0,0,0.0
0,-0.5,-61.068185329437256,0.0,0,0.0
0,-0.5,-61.568185329437256,0.0,0,0.0
0,-0.5,-62.068185329437256,0.0,0,0.0
0,-0.5,-62.568185329437256,0.0,0,0.0
0,-0.5,-63.068185329437256,0.0,0,0.0
0,-0.5,-63.568185329437256,0.0,0,0.0
0,-0.5,-64.06818532943726,0.0,0,0.0
0,-0.5,-64.56818532943726,0.0,0,0.0
0,-0.5,-65.06818532943726,0.0,0,0.0
0,-0.5,-65.56818532943726,0.0,0,0.0
0,-0.5,-66.06818532943726,0.0,0,0.0
0,-0.5,-66.56818532943726,0.0,0,0.0
0,-0.5,-67.06818532943726,0.0,0,0.0
0,-0.5,-67.56818532943726,0.0,0,0.0
0,-0.5,-68.06818532943726,0.0,0,0.0
0,-0.5,-68.56818532943726,0.0,0,0.0
0,-0.5,-69.06818532943726,0.0,0,0.0
0,-0.5,-69.56818532943726,0.0,0,0.0
0,-0.5,-70.06818532943726,0.0,0,0.0
0,-0.4990081787109375,-70.5671935081482,0.0009918212890625,0,0.0009918212890625
0,-0.5,-71.0671935081482,-0.0009918212890625,0,0.0
0,-0.5,-71.5671935081482,0.0,0,0.0
0,-0.5,-72.0671935081482,0.0,0,0.0
0,-0.5,-72.5671935081482,0.0,0,0.0
0,-0.5,-73.0671935081482,0.0,0,0.0
0,-0.49900221824645996,-73.56619572639465,0.000997781753540039,0,0.000997781753540039
0,-0.49900317192077637,-74.06519889831543,-9.5367431640625e-07,0,0.0009968280792236328
0,-0.5,-74.56519889831543,-0.0009968280792236328,0,0.0
0,-0.5,-75.06519889831543,0.0,0,0.0
0,-0.5,-75.56519889831543,0.0,0,0.0
0,-0.5,-76.06519889831543,0.0,0,0.0
0,-0.5,-76.56519889831543,0.0,0,0.0
0,-0.5,-77.06519889831543,0.0,0,0.0
0,-0.49900388717651367,-77.56420278549194,0.0009961128234863281,0,0.0009961128234863281
0,-0.5,-78.06420278549194,-0.0009961128234863281,0,0.0
0,-0.5,-78.56420278549194,0.0,0,0.0
0,-0.499006986618042,-79.06320977210999,0.0009930133819580078,0,0.0009930133819580078
0,-0.5,-79.56320977210999,-0.0009930133819580078,0,0.0
0,-0.5,-80.06320977210999,0.0,0,0.0
0,-0.5,-80.56320977210999,0.0,0,0.0
0,-0.5,-81.06320977210999,0.0,0,0.0
0,-0.4989955425262451,-81.56220531463623,0.0010044574737548828,0,0.0010044574737548828
0,-0.5,-82.06220531463623,-0.0010044574737548828,0,0.0
0,-0.49900364875793457,-82.56120896339417,0.0009963512420654297,0,0.0009963512420654297
0,-0.5,-83.06120896339417,-0.0009963512420654297,0,0.0
0,-0.5,-83.56120896339417,0.0,0,0.0
0,-0.5,-84.06120896339417,0.0,0,0.0
0,-0.5,-84.56120896339417,0.0,0,0.0
0,-0.5,-85.06120896339417,0.0,0,0.0
0,-0.5,-85.56120896339417,0.0,0,0.0
0,-0.5,-86.06120896339417,0.0,0,0.0
0,-0.5,-86.56120896339417,0.0,0,0.0
0,-0.5,-87.06120896339417,0.0,0,0.0
0,-0.5,-87.56120896339417,0.0,0,0.0
0,-0.5,-88.06120896339417,0.0,0,0.0
0,-0.5,-88.56120896339417,0.0,0,0.0
0,-0.5,-89.06120896339417,0.0,0,0.0
0,-0.5,-89.56120896339417,0.0,0,0.0
0,-0.5,-90.06120896339417,0.0,0,0.0
0,-0.5,-90.56120896339417,0.0,0,0.0
0,-0.49898266792297363,-91.06019163131714,0.0010173320770263672,0,0.0010173320770263672
0,-0.4990081787109375,-91.55919981002808,-2.5510787963867188e-05,0,0.0009918212890625
0,-0.49899768829345703,-92.05819749832153,1.049041748046875e-05,0,0.0010023117065429688
0,-0.5,-92.55819749832153,-0.0010023117065429688,0,0.0
0,-0.5,-93.05819749832153,0.0,0,0.0
0,-0.4990043640136719,-93.5572018623352,0.000995635986328125,0,0.000995635986328125
0,-0.49898529052734375,-94.05618715286255,1.9073486328125e-05,0,0.00101470947265625
0,-0.5,-94.55618715286255,-0.00101470947265625,0,0.0
0,-0.5,-95.05618715286255,0.0,0,0.0
0,-0.5,-95.55618715286255,0.0,0,0.0
0,-0.499006986618042,-96.05519413948059,0.0009930133819580078,0,0.0009930133819580078
0,-0.49900150299072266,-96.55419564247131,5.4836273193359375e-06,0,0.0009984970092773438
0,-0.4990053176879883,-97.0532009601593,-3.814697265625e-06,0,0.0009946823120117188
0,-0.4989430904388428,-97.55214405059814,6.222724914550781e-05,0,0.0010569095611572266
0,-0.5,-98.05214405059814,-0.0010569095611572266,0,0.0
0,-0.49884486198425293,-98.5509889125824,0.0011551380157470703,0,0.0011551380157470703
0,-0.49900269508361816,-99.04999160766602,-0.00015783309936523438,0,0.000997304916381836
0,-0.4989151954650879,-99.5489068031311,8.749961853027344e-05,0,0.0010848045349121094
0,-0.49900388717651367,-100.04791069030762,-8.869171142578125e-05,0,0.0009961128234863281
0,-0.49892377853393555,-100.54683446884155,8.0108642578125e-05,0,0.0010762214660644531
0,-0.5,-101.04683446884155,-0.0010762214660644531,0,0.0
0,-0.4990053176879883,-101.54583978652954,0.0009946823120117188,0,0.0009946823120117188
0,-0.5,-102.04583978652954,-0.0009946823120117188,0,0.0
0,-0.5,-102.54583978652954,0.0,0,0.0
0,-0.4990065097808838,-103.04484629631042,0.000993490219116211,0,0.000993490219116211
0,-0.49900388717651367,-103.54385018348694,2.6226043701171875e-06,0,0.0009961128234863281
0,-0.5,-104.04385018348694,-0.0009961128234863281,0,0.0
0,-0.5,-104.54385018348694,0.0,0,0.0
0,-0.4989943504333496,-105.04284453392029,0.0010056495666503906,0,0.0010056495666503906
0,-0.49822425842285156,-105.54106879234314,0.0007700920104980469,0,0.0017757415771484375
0,-0.49900364875793457,-106.04007244110107,-0.0007793903350830078,0,0.0009963512420654297
0,-0.4990043640136719,-106.53907680511475,-7.152557373046875e-07,0,0.000995635986328125
0,-0.5,-107.03907680511475,-0.000995635986328125,0,0.0
0,-0.4990561008453369,-107.53813290596008,0.0009438991546630859,0,0.0009438991546630859
0,-0.49897074699401855,-108.0371036529541,8.535385131835938e-05,0,0.0010292530059814453
0,-0.4990043640136719,-108.53610801696777,-3.361701965332031e-05,0,0.000995635986328125
0,-0.5,-109.03610801696777,-0.000995635986328125,0,0.0
0,-0.49901437759399414,-109.53512239456177,0.0009856224060058594,0,0.0009856224060058594
0,-0.5,-110.03512239456177,-0.0009856224060058594,0,0.0
0,-0.49896669387817383,-110.53408908843994,0.0010333061218261719,0,0.0010333061218261719
0,-0.4989898204803467,-111.03307890892029,-2.3126602172851562e-05,0,0.0010101795196533203
0,-0.4990806579589844,-111.53215956687927,-9.083747863769531e-05,0,0.000919342041015625
0,-0.4989938735961914,-112.03115344047546,8.678436279296875e-05,0,0.0010061264038085938
0,-0.4989922046661377,-112.5301456451416,1.6689300537109375e-06,0,0.0010077953338623047
0,-0.5,-113.0301456451416,-0.0010077953338623047,0,0.0
0,-0.4987304210662842,-113.52887606620789,0.0012695789337158203,0,0.0012695789337158203
0,-0.49900102615356445,-114.02787709236145,-0.00027060508728027344,0,0.0009989738464355469
0,-0.5,-114.52787709236145,-0.0009989738464355469,0,0.0
0,-0.5,-115.02787709236145,0.0,0,0.0
0,-0.49854421615600586,-115.52642130851746,0.0014557838439941406,0,0.0014557838439941406
0,-0.5,-116.02642130851746,-0.0014557838439941406,0,0.0
0,-0.4990062713623047,-116.52542757987976,0.0009937286376953125,0,0.0009937286376953125
0,-0.5,-117.02542757987976,-0.0009937286376953125,0,0.0
0,-0.49901580810546875,-117.52444338798523,0.00098419189453125,0,0.00098419189453125
0,-0.5,-118.02444338798523,-0.00098419189453125,0,0.0
0,-0.49900245666503906,-118.52344584465027,0.0009975433349609375,0,0.0009975433349609375
0,-0.49898505210876465,-119.02243089675903,1.7404556274414062e-05,0,0.0010149478912353516
0,-0.49875473976135254,-119.52118563652039,0.00023031234741210938,0,0.001245260238647461
0,-0.4980049133300781,-120.01919054985046,0.0007498264312744141,0,0.001995086669921875
0,-0.5,-120.51919054985046,-0.001995086669921875,0,0.0
0,-0.5,-121.01919054985046,0.0,0,0.0
0,-0.5,-121.51919054985046,0.0,0,0.0
0,-0.49900293350219727,-122.01819348335266,0.0009970664978027344,1,0.0009970664978027344
0,-0.4930102825164795,-122.51120376586914,0.0059926509857177734,0,0.006989717483520508
0,-0.5,-123.01120376586914,-0.006989717483520508,0,0.0
0,-0.5,-123.51120376586914,0.0,0,0.0
0,-0.4990074634552002,-124.01021122932434,0.0009925365447998047,0,0.0009925365447998047
0,-0.4993715286254883,-124.50958275794983,-0.00036406517028808594,0,0.0006284713745117188
0,-0.5,-125.00958275794983,-0.0006284713745117188,0,0.0
0,-0.4990065097808838,-125.50858926773071,0.000993490219116211,0,0.000993490219116211
0,-0.5,-126.00858926773071,-0.000993490219116211,0,0.0
0,-0.4989488124847412,-126.50753808021545,0.001051187515258789,0,0.001051187515258789
0,-0.49900388717651367,-127.00654196739197,-5.507469177246094e-05,0,0.0009961128234863281
0,-0.49897050857543945,-127.50551247596741,3.337860107421875e-05,0,0.0010294914245605469
0,-0.49891018867492676,-128.00442266464233,6.031990051269531e-05,0,0.0010898113250732422
0,-0.4985475540161133,-128.50297021865845,0.00036263465881347656,0,0.0014524459838867188
0,-0.4988977909088135,-129.00186800956726,-0.0003502368927001953,0,0.0011022090911865234
0,-0.49802470207214355,-129.4998927116394,0.0008730888366699219,0,0.0019752979278564453
0,-0.4989912509918213,-129.99888396263123,-0.0009665489196777344,0,0.001008749008178711
0,-0.49927783012390137,-130.49816179275513,-0.0002865791320800781,0,0.0007221698760986328
0,-0.49901533126831055,-130.99717712402344,0.0002624988555908203,0,0.0009846687316894531
0,-0.4990062713623047,-131.49618339538574,9.059906005859375e-06,0,0.0009937286376953125
0,-0.49900364875793457,-131.99518704414368,2.6226043701171875e-06,0,0.0009963512420654297
0,-0.49800658226013184,-132.4931936264038,0.0009970664978027344,0,0.001993417739868164
0,-0.5,-132.9931936264038,-0.001993417739868164,0,0.0
0,-0.5,-133.4931936264038,0.0,0,0.0
0,-0.4989478588104248,-133.99214148521423,0.0010521411895751953,0,0.0010521411895751953
0,-0.5,-134.49214148521423,-0.0010521411895751953,0,0.0
0,-0.4989590644836426,-134.99110054969788,0.0010409355163574219,0,0.0010409355163574219
0,-0.49901533126831055,-135.4901158809662,-5.626678466796875e-05,0,0.0009846687316894531
0,-0.5,-135.9901158809662,-0.0009846687316894531,0,0.0
0,-0.49900007247924805,-136.48911595344543,0.0009999275207519531,0,0.0009999275207519531
0,-0.49900269508361816,-136.98811864852905,-2.6226043701171875e-06,0,0.000997304916381836
0,-0.4989352226257324,-137.48705387115479,6.747245788574219e-05,0,0.0010647773742675781
0,-0.4989917278289795,-137.98604559898376,-5.650520324707031e-05,0,0.0010082721710205078
0,-0.5,-138.48604559898376,-0.0010082721710205078,0,0.0
0,-0.5,-138.98604559898376,0.0,0,0.0
0,-0.5,-139.48604559898376,0.0,0,0.0
0,-0.4989955425262451,-139.98504114151,0.0010044574737548828,0,0.0010044574737548828
0,-0.5,-140.48504114151,-0.0010044574737548828,0,0.0
0,-0.4990086555480957,-140.9840497970581,0.0009913444519042969,0,0.0009913444519042969
0,-0.49899840354919434,-141.4830482006073,1.0251998901367188e-05,0,0.001001596450805664
0,-0.49900341033935547,-141.98205161094666,-5.0067901611328125e-06,0,0.0009965896606445312
0,-0.49802064895629883,-142.48007225990295,0.0009827613830566406,0,0.001979351043701172
0,-0.5,-142.98007225990295,-0.001979351043701172,0,0.0
0,-0.49887990951538086,-143.47895216941833,0.0011200904846191406,0,0.0011200904846191406
0,-0.49900054931640625,-143.97795271873474,-0.00012063980102539062,0,0.00099945068359375
0,-0.5,-144.47795271873474,-0.00099945068359375,0,0.0
0,-0.5,-144.97795271873474,0.0,0,0.0
0,-0.5,-145.47795271873474,0.0,0,0.0
0,-0.49900341033935547,-145.9769561290741,0.0009965896606445312,0,0.0009965896606445312
0,-0.49898624420166016,-146.47594237327576,1.71661376953125e-05,0,0.0010137557983398438
0,-0.5,-146.97594237327576,-0.0010137557983398438,0,0.0
0,-0.5,-147.47594237327576,0.0,0,0.0
0,-0.5,-147.97594237327576,0.0,0,0.0
0,-0.49900293350219727,-148.47494530677795,0.0009970664978027344,0,0.0009970664978027344
0,-0.5,-148.97494530677795,-0.0009970664978027344,0,0.0
0,-0.5,-149.47494530677795,0.0,0,0.0
0,-0.49884486198425293,-149.9737901687622,0.0011551380157470703,0,0.0011551380157470703
0,-0.5,-150.4737901687622,-0.0011551380157470703,0,0.0
0,-0.5,-150.9737901687622,0.0,0,0.0
0,-0.5,-151.4737901687622,0.0,0,0.0
0,-0.5,-151.9737901687622,0.0,0,0.0
0,-0.49893617630004883,-152.47272634506226,0.0010638236999511719,0,0.0010638236999511719
0,-0.5,-152.97272634506226,-0.0010638236999511719,0,0.0
0,-0.49887967109680176,-153.47160601615906,0.0011203289031982422,0,0.0011203289031982422
0,-0.5,-153.97160601615906,-0.0011203289031982422,0,0.0
0,-0.5,-154.47160601615906,0.0,0,0.0
0,-0.5,-154.97160601615906,0.0,0,0.0
0,-0.5,-155.47160601615906,0.0,0,0.0
0,-0.49900078773498535,-155.97060680389404,0.0009992122650146484,0,0.0009992122650146484
0,-0.49894070625305176,-156.4695475101471,6.008148193359375e-05,0,0.0010592937469482422
0,-0.5,-156.9695475101471,-0.0010592937469482422,0,0.0
0,-0.4990057945251465,-157.46855330467224,0.0009942054748535156,0,0.0009942054748535156
0,-0.5,-157.96855330467224,-0.0009942054748535156,0,0.0
0,-0.4986882209777832,-158.46724152565002,0.0013117790222167969,0,0.0013117790222167969
0,-0.5,-158.96724152565002,-0.0013117790222167969,0,0.0
0,-0.4980039596557617,-159.4652454853058,0.0019960403442382812,0,0.0019960403442382812
0,-0.5,-159.9652454853058,-0.0019960403442382812,0,0.0
0,-0.5,-160.4652454853058,0.0,0,0.0
0,-0.5,-160.9652454853058,0.0,0,0.0
0,-0.5,-161.4652454853058,0.0,0,0.0
0,-0.4989807605743408,-161.96422624588013,0.0010192394256591797,0,0.0010192394256591797
0,-0.4988234043121338,-162.46304965019226,0.00015735626220703125,0,0.001176595687866211
0,-0.49909329414367676,-162.96214294433594,-0.00026988983154296875,0,0.0009067058563232422
0,-0.5,-163.46214294433594,-0.0009067058563232422,0,0.0
0,-0.49900007247924805,-163.96114301681519,0.0009999275207519531,0,0.0009999275207519531
0,-0.4990732669830322,-164.46021628379822,-7.319450378417969e-05,0,0.0009267330169677734
0,-0.5,-164.96021628379822,-0.0009267330169677734,0,0.0
0,-0.4990043640136719,-165.4592206478119,0.000995635986328125,0,0.000995635986328125
0,-0.4989969730377197,-165.9582176208496,7.3909759521484375e-06,0,0.0010030269622802734
0,-0.4990358352661133,-166.45725345611572,-3.886222839355469e-05,0,0.0009641647338867188
0,-0.5,-166.95725345611572,-0.0009641647338867188,0,0.0
0,-0.4990358352661133,-167.45628929138184,0.0009641647338867188,0,0.0009641647338867188
0,-0.5,-167.95628929138184,-0.0009641647338867188,0,0.0
0,-0.4989960193634033,-168.45528531074524,0.0010039806365966797,0,0.0010039806365966797
0,-0.5,-168.95528531074524,-0.0010039806365966797,0,0.0
0,-0.5,-169.45528531074524,0.0,0,0.0
0,-0.5,-169.95528531074524,0.0,0,0.0
0,-0.5,-170.45528531074524,0.0,0,0.0
0,-0.5,-170.95528531074524,0.0,0,0.0
0,-0.4990851879119873,-171.45437049865723,0.0009148120880126953,0,0.0009148120880126953
0,-0.49900126457214355,-171.95337176322937,8.392333984375e-05,0,0.0009987354278564453
0,-0.4987814426422119,-172.45215320587158,0.00021982192993164062,0,0.001218557357788086
0,-0.49900102615356445,-172.95115423202515,-0.00021958351135253906,0,0.0009989738464355469
0,-0.4990077018737793,-173.45016193389893,-6.67572021484375e-06,0,0.0009922981262207031
0,-0.4980041980743408,-173.94816613197327,0.0010035037994384766,0,0.0019958019256591797
0,-0.5,-174.44816613197327,-0.0019958019256591797,0,0.0
0,-0.49900197982788086,-174.94716811180115,0.0009980201721191406,0,0.0009980201721191406
0,-0.5,-175.44716811180115,-0.0009980201721191406,0,0.0
0,-0.49900341033935547,-175.9461715221405,0.0009965896606445312,0,0.0009965896606445312
0,-0.49900126457214355,-176.44517278671265,2.1457672119140625e-06,0,0.0009987354278564453
0,-0.49898624420166016,-176.9441590309143,1.5020370483398438e-05,0,0.0010137557983398438
0,-0.5,-177.4441590309143,-0.0010137557983398438,0,0.0
0,-0.5,-177.9441590309143,0.0,0,0.0
0,-0.49800539016723633,-178.44216442108154,0.001994609832763672,0,0.001994609832763672
0,-0.5,-178.94216442108154,-0.001994609832763672,0,0.0
0,-0.4990041255950928,-179.44116854667664,0.0009958744049072266,0,0.0009958744049072266
0,-0.4990072250366211,-179.94017577171326,-3.0994415283203125e-06,0,0.0009927749633789062
0,-0.4990060329437256,-180.43918180465698,1.1920928955078125e-06,0,0.000993967056274414
0,-0.4990565776824951,-180.93823838233948,-5.054473876953125e-05,0,0.0009434223175048828
0,-0.49900031089782715,-181.4372386932373,5.626678466796875e-05,0,0.0009996891021728516
0,-0.49851441383361816,-181.93575310707092,0.0004858970642089844,0,0.001485586166381836
0,-0.4980130195617676,-182.4337661266327,0.0005013942718505859,0,0.001986980438232422
0,-0.5,-182.9337661266327,-0.001986980438232422,0,0.0
0,-0.49900317192077637,-183.43276929855347,0.0009968280792236328,0,0.0009968280792236328
0,-0.5,-183.93276929855347,-0.0009968280792236328,0,0.0
0,-0.49901580810546875,-184.43178510665894,0.00098419189453125,0,0.00098419189453125
0,-0.5,-184.93178510665894,-0.00098419189453125,0,0.0
0,-0.499004602432251,-185.4307897090912,0.0009953975677490234,0,0.0009953975677490234
0,-0.5,-185.9307897090912,-0.0009953975677490234,0,0.0
0,-0.49893832206726074,-186.42972803115845,0.0010616779327392578,0,0.0010616779327392578
0,-0.4988241195678711,-186.92855215072632,0.00011420249938964844,0,0.0011758804321289062
0,-0.49875879287719727,-187.42731094360352,6.532669067382812e-05,0,0.0012412071228027344
0,-0.5,-187.92731094360352,-0.0012412071228027344,0,0.0
0,-0.49900269508361816,-188.42631363868713,0.000997304916381836,0,0.000997304916381836
0,-0.49900388717651367,-188.92531752586365,-1.1920928955078125e-06,0,0.0009961128234863281
0,-0.5,-189.42531752586365,-0.0009961128234863281,0,0.0
0,-0.5,-189.92531752586365,0.0,0,0.0
0,-0.5,-190.42531752586365,0.0,0,0.0
0,-0.4990043640136719,-190.92432188987732,0.000995635986328125,0,0.000995635986328125
0,-0.5,-191.42432188987732,-0.000995635986328125,1,0.0
0,-0.49799609184265137,-191.92231798171997,0.002003908157348633,0,0.002003908157348633
0,-0.4989964962005615,-192.42131447792053,-0.0010004043579101562,0,0.0010035037994384766
0,-0.4990401268005371,-192.92035460472107,-4.363059997558594e-05,0,0.0009598731994628906
0,-0.49892544746398926,-193.41928005218506,0.00011467933654785156,0,0.0010745525360107422
0,-0.5,-193.91928005218506,-0.0010745525360107422,0,0.0
0,-0.499009370803833,-194.4182894229889,0.0009906291961669922,0,0.0009906291961669922
0,-0.5,-194.9182894229889,-0.0009906291961669922,0,0.0
0,-0.498873233795166,-195.41716265678406,0.0011267662048339844,0,0.0011267662048339844
0,-0.5,-195.91716265678406,-0.0011267662048339844,0,0.0
0,-0.4989583492279053,-196.41612100601196,0.0010416507720947266,0,0.0010416507720947266
0,-0.5,-196.91612100601196,-0.0010416507720947266,0,0.0
0,-0.5,-197.41612100601196,0.0,0,0.0
0,-0.5,-197.91612100601196,0.0,0,0.0
0,-0.4990055561065674,-198.41512656211853,0.0009944438934326172,0,0.0009944438934326172
0,-0.5,-198.91512656211853,-0.0009944438934326172,0,0.0
0,-0.5,-199.41512656211853,0.0,0,0.0
0,-0.5,-199.91512656211853,0.0,0,0.0
0,-0.4990043640136719,-200.4141309261322,0.000995635986328125,0,0.000995635986328125
0,-0.49900174140930176,-200.9131326675415,2.6226043701171875e-06,0,0.0009982585906982422
0,-0.5,-201.4131326675415,-0.0009982585906982422,0,0.0
0,-0.5,-201.9131326675415,0.0,0,0.0
0,-0.5,-202.4131326675415,0.0,0,0.0
0,-0.5,-202.9131326675415,0.0,0,0.0
0,-0.49903297424316406,-203.41216564178467,0.0009670257568359375,0,0.0009670257568359375
0,-0.49900197982788086,-203.91116762161255,3.0994415283203125e-05,0,0.0009980201721191406
0,-0.49900341033935547,-204.4101710319519,-1.430511474609375e-06,0,0.0009965896606445312
0,-0.4989902973175049,-204.9091613292694,1.3113021850585938e-05,0,0.0010097026824951172
0,-0.5,-205.4091613292694,-0.0010097026824951172,0,0.0
0,-0.4979982376098633,-205.90715956687927,0.0020017623901367188,0,0.0020017623901367188
0,-0.5,-206.40715956687927,-0.0020017623901367188,0,0.0
0,-0.5,-206.90715956687927,0.0,0,0.0
0,-0.49909377098083496,-207.4062533378601,0.0009062290191650391,0,0.0009062290191650391
0,-0.4989907741546631,-207.90524411201477,0.000102996826171875,0,0.001009225845336914
0,-0.4990053176879883,-208.40424942970276,-1.4543533325195312e-05,0,0.0009946823120117188
0,-0.4990041255950928,-208.90325355529785,1.1920928955078125e-06,0,0.0009958744049072266
0,-0.4989645481109619,-209.4022181034088,3.9577484130859375e-05,0,0.001035451889038086
0,-0.5,-209.9022181034088,-0.001035451889038086,0,0.0
0,-0.49901509284973145,-210.40123319625854,0.0009849071502685547,0,0.0009849071502685547
0,-0.4990084171295166,-210.90024161338806,6.67572021484375e-06,0,0.0009915828704833984
0,-0.5,-211.40024161338806,-0.0009915828704833984,0,0.0
0,-0.5,-211.90024161338806,0.0,0,0.0
0,-0.5,-212.40024161338806,0.0,0,0.0
0,-0.499497652053833,-212.8997392654419,0.0005023479461669922,0,0.0005023479461669922
0,-0.49875688552856445,-213.39849615097046,0.0007407665252685547,0,0.0012431144714355469
0,-0.49898719787597656,-213.89748334884644,-0.00023031234741210938,0,0.0010128021240234375
0,-0.5,-214.39748334884644,-0.0010128021240234375,0,0.0
0,-0.5,-214.89748334884644,0.0,0,0.0
0,-0.4987213611602783,-215.3962047100067,0.0012786388397216797,0,0.0012786388397216797
0,-0.49900269508361816,-215.89520740509033,-0.00028133392333984375,0,0.000997304916381836
0,-0.5,-216.39520740509033,-0.000997304916381836,0,0.0
0,-0.5,-216.89520740509033,0.0,0,0.0
0,-0.5,-217.39520740509033,0.0,0,0.0
0,-0.4994959831237793,-217.8947033882141,0.0005040168762207031,0,0.0005040168762207031
0,-0.5,-218.3947033882141,-0.0005040168762207031,0,0.0
0,-0.5,-218.8947033882141,0.0,0,0.0
0,-0.5,-219.3947033882141,0.0,0,0.0
0,-0.4994962215423584,-219.89419960975647,0.0005037784576416016,0,0.0005037784576416016
0,-0.5,-220.39419960975647,-0.0005037784576416016,0,0.0
0,-0.4985849857330322,-220.8927845954895,0.0014150142669677734,0,0.0014150142669677734
0,-0.5,-221.3927845954895,-0.0014150142669677734,0,0.0
0,-0.5,-221.8927845954895,0.0,0,0.0
0,-0.5,-222.3927845954895,0.0,0,0.0
0,-0.5,-222.8927845954895,0.0,0,0.0
0,-0.49900317192077637,-223.39178776741028,0.0009968280792236328,0,0.0009968280792236328
0,-0.5,-223.89178776741028,-0.0009968280792236328,0,0.0
0,-0.5,-224.39178776741028,0.0,0,0.0
0,-0.5,-224.89178776741028,0.0,0,0.0
0,-0.5,-225.39178776741028,0.0,0,0.0
0,-0.5,-225.89178776741028,0.0,0,0.0
0,-0.49900078773498535,-226.39078855514526,0.0009992122650146484,0,0.0009992122650146484
0,-0.5,-226.89078855514526,-0.0009992122650146484,0,0.0
0,-0.499497652053833,-227.3902862071991,0.0005023479461669922,0,0.0005023479461669922
0,-0.5,-227.8902862071991,-0.0005023479461669922,0,0.0
0,-0.49900221824645996,-228.38928842544556,0.000997781753540039,0,0.000997781753540039
0,-0.5,-228.88928842544556,-0.000997781753540039,0,0.0
0,-0.5,-229.38928842544556,0.0,0,0.0
0,-0.5,-229.88928842544556,0.0,0,0.0
0,-0.5,-230.38928842544556,0.0,0,0.0
0,-0.49894261360168457,-230.88823103904724,0.0010573863983154297,0,0.0010573863983154297
0,-0.49894070625305176,-231.3871717453003,1.9073486328125e-06,0,0.0010592937469482422
0,-0.49900341033935547,-231.88617515563965,-6.270408630371094e-05,0,0.0009965896606445312
0,-0.4990060329437256,-232.38518118858337,-2.6226043701171875e-06,0,0.000993967056274414
0,-0.49899983406066895,-232.88418102264404,6.198883056640625e-06,0,0.0010001659393310547
0,-0.49900174140930176,-233.38318276405334,-1.9073486328125e-06,0,0.0009982585906982422
0,-0.5,-233.88318276405334,-0.0009982585906982422,0,0.0
0,-0.4990065097808838,-234.38218927383423,0.000993490219116211,0,0.000993490219116211
0,-0.5,-234.88218927383423,-0.000993490219116211,0,0.0
0,-0.5,-235.38218927383423,0.0,0,0.0
0,-0.5,-235.88218927383423,0.0,0,0.0
0,-0.49906206130981445,-236.38125133514404,0.0009379386901855469,0,0.0009379386901855469
0,-0.5,-236.88125133514404,-0.0009379386901855469,0,0.0
0,-0.5,-237.38125133514404,0.0,0,0.0
0,-0.5,-237.88125133514404,0.0,0,0.0
0,-0.4990065097808838,-238.38025784492493,0.000993490219116211,0,0.000993490219116211
0,-0.5,-238.88025784492493,-0.000993490219116211,0,0.0
0,-0.4989590644836426,-239.37921690940857,0.0010409355163574219,0,0.0010409355163574219
0,-0.4990050792694092,-239.87822198867798,-4.601478576660156e-05,0,0.0009949207305908203
0,-0.5,-240.37822198867798,-0.0009949207305908203,0,0.0
0,-0.5,-240.87822198867798,0.0,0,0.0
0,-0.4991796016693115,-241.3774015903473,0.0008203983306884766,0,0.0008203983306884766
0,-0.4989945888519287,-241.87639617919922,0.0001850128173828125,0,0.001005411148071289
0,-0.4990553855895996,-242.37545156478882,-6.079673767089844e-05,0,0.0009446144104003906
0,-0.5,-242.87545156478882,-0.0009446144104003906,0,0.0
0,-0.498992919921875,-243.3744444847107,0.001007080078125,0,0.001007080078125
0,-0.49898529052734375,-243.87342977523804,7.62939453125e-06,0,0.00101470947265625
0,-0.4990048408508301,-244.37243461608887,-1.9550323486328125e-05,0,0.0009951591491699219
0,-0.4989500045776367,-244.8713846206665,5.4836273193359375e-05,0,0.0010499954223632812
0,-0.5,-245.3713846206665,-0.0010499954223632812,0,0.0
0,-0.5,-245.8713846206665,0.0,0,0.0
0,-0.4988999366760254,-246.37028455734253,0.0011000633239746094,0,0.0011000633239746094
0,-0.5,-246.87028455734253,-0.0011000633239746094,0,0.0
0,-0.4990077018737793,-247.3692922592163,0.0009922981262207031,0,0.0009922981262207031
0,-0.5,-247.8692922592163,-0.0009922981262207031,0,0.0
0,-0.4990065097808838,-248.3682987689972,0.000993490219116211,0,0.000993490219116211
0,-0.5,-248.8682987689972,-0.000993490219116211,0,0.0
0,-0.5,-249.3682987689972,0.0,0,0.0
0,-0.4989962577819824,-249.86729502677917,0.0010037422180175781,0,0.0010037422180175781
0,-0.5,-250.36729502677917,-0.0010037422180175781,0,0.0
0,-0.5,-250.86729502677917,0.0,0,0.0
0,-0.5,-251.36729502677917,0.0,0,0.0
0,-0.5,-251.86729502677917,0.0,0,0.0
0,-0.49909210205078125,-252.36638712882996,0.00090789794921875,0,0.00090789794921875
0,-0.49898838996887207,-252.86537551879883,0.00010371208190917969,0,0.0010116100311279297
0,-0.49889039993286133,-253.3642659187317,9.799003601074219e-05,0,0.0011096000671386719
0,-0.4990050792694092,-253.8632709980011,-0.00011467933654785156,0,0.0009949207305908203
0,-0.5,-254.3632709980011,-0.0009949207305908203,0,0.0
0,-0.5,-254.8632709980011,0.0,0,0.0
0,-0.4985511302947998,-255.3618221282959,0.0014488697052001953,0,0.0014488697052001953
0,-0.49900388717651367,-255.8608260154724,-0.0004527568817138672,0,0.0009961128234863281
0,-0.4989802837371826,-256.3598062992096,2.3603439331054688e-05,0,0.0010197162628173828
0,-0.49900197982788086,-256.8588082790375,-2.1696090698242188e-05,0,0.0009980201721191406
0,-0.4988987445831299,-257.3577070236206,0.00010323524475097656,0,0.0011012554168701172
0,-0.49900293350219727,-257.8567099571228,-0.00010418891906738281,0,0.0009970664978027344
0,-0.4990050792694092,-258.3557150363922,-2.1457672119140625e-06,0,0.0009949207305908203
0,-0.5,-258.8557150363922,-0.0009949207305908203,0,0.0
0,-0.498929500579834,-259.35464453697205,0.0010704994201660156,0,0.0010704994201660156
0,-0.5,-259.85464453697205,-0.0010704994201660156,0,0.0
0,-0.4989914894104004,-260.35363602638245,0.0010085105895996094,0,0.0010085105895996094
0,-0.49899816513061523,-260.85263419151306,-6.67572021484375e-06,0,0.0010018348693847656
0,-0.4990415573120117,-261.3516757488251,-4.3392181396484375e-05,0,0.0009584426879882812
0,-0.49899768829345703,-261.85067343711853,4.38690185546875e-05,0,0.0010023117065429688
0,-0.49900197982788086,-262.3496754169464,-4.291534423828125e-06,0,0.0009980201721191406
0,-0.5,-262.8496754169464,-0.0009980201721191406,0,0.0
0,-0.5,-263.3496754169464,0.0,0,0.0
0,-0.5,-263.8496754169464,0.0,0,0.0
0,-0.5,-264.3496754169464,0.0,0,0.0
0,-0.5,-264.8496754169464,0.0,0,0.0
0,-0.5,-265.3496754169464,0.0,0,0.0
0,-0.5,-265.8496754169464,0.0,0,0.0
0,-0.5,-266.3496754169464,0.0,0,0.0
0,-0.49893975257873535,-266.84861516952515,0.0010602474212646484,0,0.0010602474212646484
0,-0.5,-267.34861516952515,-0.0010602474212646484,0,0.0
0,-0.5,-267.84861516952515,0.0,0,0.0
0,-0.5,-268.34861516952515,0.0,0,0.0
0,-0.49900341033935547,-268.8476185798645,0.0009965896606445312,0,0.0009965896606445312
0,-0.5,-269.3476185798645,-0.0009965896606445312,0,0.0
0,-0.5,-269.8476185798645,0.0,0,0.0
0,-0.5,-270.3476185798645,0.0,0,0.0
0,-0.49898862838745117,-270.84660720825195,0.0010113716125488281,0,0.0010113716125488281
0,-0.5,-271.34660720825195,-0.0010113716125488281,0,0.0
0,-0.49900102615356445,-271.8456082344055,0.0009989738464355469,0,0.0009989738464355469
0,-0.49916577339172363,-272.34477400779724,-0.0001647472381591797,0,0.0008342266082763672
0,-0.4989926815032959,-272.84376668930054,0.00017309188842773438,0,0.0010073184967041016
0,-0.4993557929992676,-273.3431224822998,-0.0003631114959716797,0,0.0006442070007324219
0,-0.5,-273.8431224822998,-0.0006442070007324219,0,0.0
0,-0.49895572662353516,-274.34207820892334,0.0010442733764648438,0,0.0010442733764648438
0,-0.4980001449584961,-274.84007835388184,0.0009555816650390625,0,0.0019998550415039062
0,-0.4989817142486572,-275.3390600681305,-0.0009815692901611328,0,0.0010182857513427734
0,-0.5,-275.8390600681305,-0.0010182857513427734,0,0.0
0,-0.5,-276.3390600681305,0.0,0,0.0
0,-0.5,-276.8390600681305,0.0,0,0.0
0,-0.5,-277.3390600681305,0.0,0,0.0
0,-0.5,-277.8390600681305,0.0,0,0.0
0,-0.49896788597106934,-278.33802795410156,0.001032114028930664,0,0.001032114028930664
0,-0.4989888668060303,-278.8370168209076,-2.09808349609375e-05,0,0.0010111331939697266
0,-0.5,-279.3370168209076,-0.0010111331939697266,0,0.0
0,-0.4989469051361084,-279.8359637260437,0.0010530948638916016,0,0.0010530948638916016
0,-0.5,-280.3359637260437,-0.0010530948638916016,0,0.0
0,-0.5,-280.8359637260437,0.0,0,0.0
0,-0.5,-281.3359637260437,0.0,0,0.0
0,-0.5,-281.8359637260437,0.0,0,0.0
0,-0.49900317192077637,-282.3349668979645,0.0009968280792236328,0,0.0009968280792236328
0,-0.5,-282.8349668979645,-0.0009968280792236328,0,0.0
0,-0.5,-283.3349668979645,0.0,0,0.0
0,-0.5,-283.8349668979645,0.0,0,0.0
0,-0.5,-284.3349668979645,0.0,0,0.0
0,-0.49900388717651367,-284.833970785141,0.0009961128234863281,0,0.0009961128234863281
0,-0.5,-285.333970785141,-0.0009961128234863281,0,0.0
0,-0.4990079402923584,-285.83297872543335,0.0009920597076416016,0,0.0009920597076416016
0,-0.5,-286.33297872543335,-0.0009920597076416016,0,0.0
0,-0.5,-286.83297872543335,0.0,0,0.0
0,-0.5,-287.33297872543335,0.0,0,0.0
0,-0.5,-287.83297872543335,0.0,0,0.0
0,-0.5,-288.33297872543335,0.0,0,0.0
0,-0.4990041255950928,-288.83198285102844,0.0009958744049072266,0,0.0009958744049072266
0,-0.49895215034484863,-289.3309350013733,5.1975250244140625e-05,0,0.0010478496551513672
0,-0.5,-289.8309350013733,-0.0010478496551513672,0,0.0
0,-0.5,-290.3309350013733,0.0,0,0.0
0,-0.49900221824645996,-290.82993721961975,0.000997781753540039,0,0.000997781753540039
0,-0.5,-291.32993721961975,-0.000997781753540039,0,0.0
0,-0.5,-291.82993721961975,0.0,0,0.0
0,-0.5,-292.32993721961975,0.0,0,0.0
0,-0.5,-292.82993721961975,0.0,0,0.0
0,-0.5,-293.32993721961975,0.0,0,0.0
0,-0.4989440441131592,-293.8288812637329,0.0010559558868408203,0,0.0010559558868408203
0,-0.49904918670654297,-294.32793045043945,-0.00010514259338378906,0,0.0009508132934570312
0,-0.5,-294.82793045043945,-0.0009508132934570312,0,0.0
0,-0.5,-295.32793045043945,0.0,0,0.0
0,-0.5,-295.82793045043945,0.0,0,0.0
0,-0.5,-296.32793045043945,0.0,0,0.0
0,-0.49899888038635254,-296.8269293308258,0.001001119613647461,0,0.001001119613647461
0,-0.49900221824645996,-297.32593154907227,-3.337860107421875e-06,0,0.000997781753540039
0,-0.49900221824645996,-297.8249337673187,0.0,0,0.000997781753540039
0,-0.49900245666503906,-298.32393622398376,-2.384185791015625e-07,0,0.0009975433349609375
0,-0.5,-298.82393622398376,-0.0009975433349609375,0,0.0
0,-0.49900197982788086,-299.32293820381165,0.0009980201721191406,0,0.0009980201721191406
0,-0.5,-299.82293820381165,-0.0009980201721191406,0,0.0
0,-0.5,-300.32293820381165,0.0,0,0.0
0,-0.4984908103942871,-300.82142901420593,0.0015091896057128906,0,0.0015091896057128906
0,-0.5,-301.32142901420593,-0.0015091896057128906,0,0.0
0,-0.49898791313171387,-301.82041692733765,0.0010120868682861328,0,0.0010120868682861328
0,-0.499039888381958,-302.3194568157196,-5.1975250244140625e-05,0,0.0009601116180419922
0,-0.49892520904541016,-302.818382024765,0.00011467933654785156,0,0.0010747909545898438
0,-0.5,-303.318382024765,-0.0010747909545898438,0,0.0
0,-0.5,-303.818382024765,0.0,0,0.0
0,-0.49900388717651367,-304.3173859119415,0.0009961128234863281,0,0.0009961128234863281
0,-0.4990065097808838,-304.8163924217224,-2.6226043701171875e-06,0,0.000993490219116211
0,-0.5,-305.3163924217224,-0.000993490219116211,0,0.0
0,-0.5,-305.8163924217224,0.0,0,0.0
0,-0.498917818069458,-306.31531023979187,0.0010821819305419922,0,0.0010821819305419922
0,-0.499006986618042,-306.8143172264099,-8.916854858398438e-05,0,0.0009930133819580078
0,-0.5,-307.3143172264099,-0.0009930133819580078,0,0.0
0,-0.5,-307.8143172264099,0.0,0,0.0
0,-0.5,-308.3143172264099,0.0,0,0.0
0,-0.5,-308.8143172264099,0.0,1,0.0
0,-0.49885010719299316,-309.3131673336029,0.001149892807006836,0,0.001149892807006836
0,-0.5,-309.8131673336029,-0.001149892807006836,0,0.0
0,-0.5,-310.3131673336029,0.0,0,0.0
0,-0.4990043640136719,-310.8121716976166,0.000995635986328125,0,0.000995635986328125
0,-0.5,-311.3121716976166,-0.000995635986328125,0,0.0
0,-0.5,-311.8121716976166,0.0,0,0.0
0,-0.4990053176879883,-312.31117701530457,0.0009946823120117188,0,0.0009946823120117188
0,-0.5,-312.81117701530457,-0.0009946823120117188,0,0.0
0,-0.49900031089782715,-313.3101773262024,0.0009996891021728516,0,0.0009996891021728516
0,-0.499006986618042,-313.80918431282043,-6.67572021484375e-06,0,0.0009930133819580078
0,-0.49899983406066895,-314.3081841468811,7.152557373046875e-06,0,0.0010001659393310547
0,-0.5,-314.8081841468811,-0.0010001659393310547,0,0.0
0,-0.4990060329437256,-315.30719017982483,0.000993967056274414,0,0.000993967056274414
0,-0.499006986618042,-315.80619716644287,-9.5367431640625e-07,0,0.0009930133819580078
0,-0.4987757205963135,-316.3049728870392,0.00023126602172851562,0,0.0012242794036865234
0,-0.5,-316.8049728870392,-0.0012242794036865234,0,0.0
0,-0.4988062381744385,-317.3037791252136,0.0011937618255615234,0,0.0011937618255615234
0,-0.49928879737854004,-317.80306792259216,-0.0004825592041015625,0,0.0007112026214599609
0,-0.5,-318.30306792259216,-0.0007112026214599609,0,0.0
0,-0.5,-318.80306792259216,0.0,0,0.0
0,-0.5,-319.30306792259216,0.0,0,0.0
0,-0.4989969730377197,-319.8020648956299,0.0010030269622802734,0,0.0010030269622802734
0,-0.49877357482910156,-320.300838470459,0.00022339820861816406,0,0.0012264251708984375
0,-0.5,-320.800838470459,-0.0012264251708984375,0,0.0
0,-0.4979536533355713,-321.29879212379456,0.002046346664428711,0,0.002046346664428711
0,-0.5,-321.79879212379456,-0.002046346664428711,0,0.0
0,-0.498903751373291,-322.29769587516785,0.0010962486267089844,0,0.0010962486267089844
0,-0.499053955078125,-322.796749830246,-0.00015020370483398438,0,0.000946044921875
0,-0.49901747703552246,-323.2957673072815,3.647804260253906e-05,0,0.000982522964477539
0,-0.5,-323.7957673072815,-0.000982522964477539,0,0.0
0,-0.49900364875793457,-324.29477095603943,0.0009963512420654297,0,0.0009963512420654297
0,-0.5,-324.79477095603943,-0.0009963512420654297,0,0.0
0,-0.5,-325.29477095603943,0.0,0,0.0
0,-0.5,-325.79477095603943,0.0,0,0.0
0,-0.4990091323852539,-326.2937800884247,0.0009908676147460938,0,0.0009908676147460938
0,-0.5,-326.7937800884247,-0.0009908676147460938,0,0.0
0,-0.4989464282989502,-327.29272651672363,0.0010535717010498047,0,0.0010535717010498047
0,-0.5,-327.79272651672363,-0.0010535717010498047,0,0.0
0,-0.49901485443115234,-328.2917413711548,0.0009851455688476562,0,0.0009851455688476562
0,-0.4989817142486572,-328.79072308540344,3.314018249511719e-05,0,0.0010182857513427734
0,-0.49900317192077637,-329.2897262573242,-2.1457672119140625e-05,0,0.0009968280792236328
0,-0.4989945888519287,-329.78872084617615,8.58306884765625e-06,0,0.001005411148071289
0,-0.4987773895263672,-330.2874982357025,0.00021719932556152344,0,0.0012226104736328125
0,-0.4990067481994629,-330.786504983902,-0.00022935867309570312,0,0.0009932518005371094
0,-0.49900078773498535,-331.28550577163696,5.9604644775390625e-06,0,0.0009992122650146484
0,-0.5,-331.78550577163696,-0.0009992122650146484,0,0.0
0,-0.5,-332.28550577163696,0.0,0,0.0
0,-0.5,-332.78550577163696,0.0,0,0.0
0,-0.49878358840942383,-333.2842893600464,0.0012164115905761719,0,0.0012164115905761719
0,-0.5,-333.7842893600464,-0.0012164115905761719,1,0.0
0,-0.4990041255950928,-334.2832934856415,0.0009958744049072266,0,0.0009958744049072266
0,-0.5,-334.7832934856415,-0.0009958744049072266,0,0.0
0,-0.49900031089782715,-335.2822937965393,0.0009996891021728516,0,0.0009996891021728516
0,-0.4990091323852539,-335.78130292892456,-8.821487426757812e-06,0,0.0009908676147460938
0,-0.49900341033935547,-336.2803063392639,5.7220458984375e-06,0,0.0009965896606445312
0,-0.5,-336.7803063392639,-0.0009965896606445312,0,0.0
0,-0.5,-337.2803063392639,0.0,0,0.0
0,-0.5,-337.7803063392639,0.0,0,0.0
0,-0.4990057945251465,-338.27931213378906,0.0009942054748535156,0,0.0009942054748535156
0,-0.5,-338.77931213378906,-0.0009942054748535156,0,0.0
0,-0.5,-339.27931213378906,0.0,0,0.0
0,-0.5,-339.77931213378906,0.0,0,0.0
0,-0.5,-340.27931213378906,0.0,0,0.0
0,-0.5,-340.77931213378906,0.0,0,0.0
0,-0.4990041255950928,-341.27831625938416,0.0009958744049072266,0,0.0009958744049072266
0,-0.5,-341.77831625938416,-0.0009958744049072266,0,0.0
0,-0.49880385398864746,-342.2771201133728,0.001196146011352539,0,0.001196146011352539
0,-0.5,-342.7771201133728,-0.001196146011352539,0,0.0
0,-0.49898433685302734,-343.27610445022583,0.0010156631469726562,0,0.0010156631469726562
0,-0.5,-343.77610445022583,-0.0010156631469726562,0,0.0
0,-0.49898552894592285,-344.27508997917175,0.0010144710540771484,0,0.0010144710540771484
0,-0.4990050792694092,-344.77409505844116,-1.9550323486328125e-05,0,0.0009949207305908203
0,-0.5,-345.27409505844116,-0.0009949207305908203,0,0.0
0,-0.4989187717437744,-345.77301383018494,0.001081228256225586,0,0.001081228256225586
0,-0.4989936351776123,-346.27200746536255,-7.486343383789062e-05,0,0.0010063648223876953
0,-0.4990520477294922,-346.77105951309204,-5.841255187988281e-05,0,0.0009479522705078125
0,-0.4990081787109375,-347.270067691803,4.38690185546875e-05,0,0.0009918212890625
0,-0.5,-347.770067691803,-0.0009918212890625,0,0.0
0,-0.5,-348.270067691803,0.0,0,0.0
0,-0.5,-348.770067691803,0.0,0,0.0
0,-0.5,-349.270067691803,0.0,0,0.0
0,-0.5,-349.770067691803,0.0,0,0.0
0,-0.5,-350.270067691803,0.0,0,0.0
0,-0.5,-350.770067691803,0.0,0,0.0
0,-0.4990358352661133,-351.2691035270691,0.0009641647338867188,0,0.0009641647338867188
0,-0.499478816986084,-351.7685823440552,-0.0004429817199707031,0,0.0005211830139160156
0,-0.5,-352.2685823440552,-0.0005211830139160156,0,0.0
0,-0.5,-352.7685823440552,0.0,0,0.0
0,-0.4992680549621582,-353.26785039901733,0.0007319450378417969,0,0.0007319450378417969
0,-0.4989166259765625,-353.7667670249939,0.0003514289855957031,0,0.0010833740234375
0,-0.5,-354.2667670249939,-0.0010833740234375,0,0.0
0,-0.49900317192077637,-354.7657701969147,0.0009968280792236328,0,0.0009968280792236328
0,-0.5,-355.2657701969147,-0.0009968280792236328,0,0.0
0,-0.5,-355.7657701969147,0.0,0,0.0
0,-0.5,-356.2657701969147,0.0,0,0.0
0,-0.5,-356.7657701969147,0.0,0,0.0
0,-0.5,-357.2657701969147,0.0,0,0.0
0,-0.4989902973175049,-357.7647604942322,0.0010097026824951172,0,0.0010097026824951172
0,-0.49906373023986816,-358.26382422447205,-7.343292236328125e-05,0,0.0009362697601318359
0,-0.499051570892334,-358.7628757953644,1.2159347534179688e-05,0,0.0009484291076660156
0,-0.5,-359.2628757953644,-0.0009484291076660156,0,0.0
0,-0.499006986618042,-359.7618827819824,0.0009930133819580078,0,0.0009930133819580078
0,-0.5,-360.2618827819824,-0.0009930133819580078,0,0.0
0,-0.4989931583404541,-360.7608759403229,0.0010068416595458984,0,0.0010068416595458984
0,-0.5,-361.2608759403229,-0.0010068416595458984,0,0.0
0,-0.49899983406066895,-361.75987577438354,0.0010001659393310547,0,0.0010001659393310547
0,-0.5,-362.25987577438354,-0.0010001659393310547,0,0.0
0,-0.4989922046661377,-362.7588679790497,0.0010077953338623047,0,0.0010077953338623047
0,-0.5,-363.2588679790497,-0.0010077953338623047,0,0.0
0,-0.5,-363.7588679790497,0.0,0,0.0
0,-0.49900364875793457,-364.2578716278076,0.0009963512420654297,0,0.0009963512420654297
0,-0.4993252754211426,-364.75719690322876,-0.0003216266632080078,0,0.0006747245788574219
0,-0.5,-365.25719690322876,-0.0006747245788574219,0,0.0
0,-0.49900317192077637,-365.75620007514954,0.0009968280792236328,0,0.0009968280792236328
0,-0.5,-366.25620007514954,-0.0009968280792236328,0,0.0
0,-0.5,-366.75620007514954,0.0,0,0.0
0,-0.5,-367.25620007514954,0.0,0,0.0
0,-0.49900054931640625,-367.75520062446594,0.00099945068359375,0,0.00099945068359375
0,-0.49890613555908203,-368.254106760025,9.441375732421875e-05,0,0.0010938644409179688
0,-0.5,-368.754106760025,-0.0010938644409179688,0,0.0
0,-0.5,-369.254106760025,0.0,0,0.0
0,-0.5,-369.754106760025,0.0,0,0.0
0,-0.5,-370.254106760025,0.0,0,0.0
0,-0.5,-370.754106760025,0.0,0,0.0
0,-0.49807214736938477,-371.2521789073944,0.0019278526306152344,0,0.0019278526306152344
0,-0.5,-371.7521789073944,-0.0019278526306152344,0,0.0
0,-0.4990215301513672,-372.2512004375458,0.0009784698486328125,0,0.0009784698486328125
0,-0.4989805221557617,-372.75018095970154,4.100799560546875e-05,0,0.0010194778442382812
0,-0.4990048408508301,-373.24918580055237,-2.4318695068359375e-05,0,0.0009951591491699219
0,-0.49899983406066895,-373.74818563461304,5.0067901611328125e-06,0,0.0010001659393310547
0,-0.4988424777984619,-374.2470281124115,0.00015735626220703125,0,0.001157522201538086
0,-0.49900341033935547,-374.74603152275085,-0.0001609325408935547,0,0.0009965896606445312
0,-0.49893927574157715,-375.24497079849243,6.413459777832031e-05,0,0.0010607242584228516
0,-0.49900341033935547,-375.7439742088318,-6.413459777832031e-05,0,0.0009965896606445312
0,-0.5,-376.2439742088318,-0.0009965896606445312,0,0.0
0,-0.5,-376.7439742088318,0.0,0,0.0
0,-0.5,-377.2439742088318,0.0,0,0.0
0,-0.5,-377.7439742088318,0.0,0,0.0
0,-0.5,-378.2439742088318,0.0,1,0.0
0,-0.49900317192077637,-378.74297738075256,0.0009968280792236328,0,0.0009968280792236328
0,-0.5,-379.24297738075256,-0.0009968280792236328,0,0.0
0,-0.5,-379.74297738075256,0.0,0,0.0
0,-0.5,-380.24297738075256,0.0,0,0.0
0,-0.5,-380.74297738075256,0.0,0,0.0
0,-0.4990055561065674,-381.24198293685913,0.0009944438934326172,0,0.0009944438934326172
0,-0.5,-381.74198293685913,-0.0009944438934326172,0,0.0
0,-0.4990048408508301,-382.24098777770996,0.0009951591491699219,0,0.0009951591491699219
0,-0.49893689155578613,-382.73992466926575,6.794929504394531e-05,0,0.0010631084442138672
0,-0.5,-383.23992466926575,-0.0010631084442138672,0,0.0
0,-0.5,-383.73992466926575,0.0,0,0.0
0,-0.5,-384.23992466926575,0.0,0,0.0
0,-0.5,-384.73992466926575,0.0,0,0.0
0,-0.5,-385.23992466926575,0.0,0,0.0
0,-0.5,-385.73992466926575,0.0,0,0.0
0,-0.499006986618042,-386.2389316558838,0.0009930133819580078,0,0.0009930133819580078
0,-0.5,-386.7389316558838,-0.0009930133819580078,0,0.0
0,-0.5,-387.2389316558838,0.0,0,0.0
0,-0.5,-387.7389316558838,0.0,0,0.0
0,-0.498915433883667,-388.23784708976746,0.0010845661163330078,0,0.0010845661163330078
0,-0.49900174140930176,-388.73684883117676,-8.630752563476562e-05,0,0.0009982585906982422
0,-0.4989607334136963,-389.23580956459045,4.100799560546875e-05,0,0.001039266586303711
0,-0.5,-389.73580956459045,-0.001039266586303711,0,0.0
0,-0.4990065097808838,-390.23481607437134,0.000993490219116211,0,0.000993490219116211
0,-0.5,-390.73481607437134,-0.000993490219116211,0,0.0
0,-0.5,-391.23481607437134,0.0,0,0.0
0,-0.5,-391.73481607437134,0.0,0,0.0
0,-0.4989128112792969,-392.23372888565063,0.001087188720703125,0,0.001087188720703125
0,-0.5,-392.73372888565063,-0.001087188720703125,0,0.0
0,-0.5,-393.23372888565063,0.0,0,0.0
0,-0.4990105628967285,-393.73273944854736,0.0009894371032714844,0,0.0009894371032714844
0,-0.49900293350219727,-394.23174238204956,7.62939453125e-06,0,0.0009970664978027344
0,-0.499004602432251,-394.7307469844818,-1.6689300537109375e-06,0,0.0009953975677490234
0,-0.4990041255950928,-395.2297511100769,4.76837158203125e-07,0,0.0009958744049072266
0,-0.5,-395.7297511100769,-0.0009958744049072266,0,0.0
0,-0.4989948272705078,-396.2287459373474,0.0010051727294921875,0,0.0010051727294921875
0,-0.5,-396.7287459373474,-0.0010051727294921875,0,0.0
0,-0.5,-397.2287459373474,0.0,0,0.0
0,-0.5,-397.7287459373474,0.0,0,0.0
0,-0.4990057945251465,-398.22775173187256,0.0009942054748535156,0,0.0009942054748535156
0,-0.4990060329437256,-398.7267577648163,-2.384185791015625e-07,0,0.000993967056274414
0,-0.5,-399.2267577648163,-0.000993967056274414,0,0.0
0,-0.5,-399.7267577648163,0.0,0,0.0
0,-0.5,-400.2267577648163,0.0,0,0.0
0,-0.4990079402923584,-400.72576570510864,0.0009920597076416016,0,0.0009920597076416016
0,-0.4990048408508301,-401.2247705459595,3.0994415283203125e-06,0,0.0009951591491699219
0,-0.5,-401.7247705459595,-0.0009951591491699219,0,0.0
0,-0.4990086555480957,-402.22377920150757,0.0009913444519042969,0,0.0009913444519042969
0,-0.49899864196777344,-402.72277784347534,1.0013580322265625e-05,0,0.0010013580322265625
0,-0.4990086555480957,-403.22178649902344,-1.0013580322265625e-05,0,0.0009913444519042969
0,-0.49898219108581543,-403.72076869010925,2.6464462280273438e-05,0,0.0010178089141845703
0,-0.4989471435546875,-404.21971583366394,3.504753112792969e-05,0,0.0010528564453125
0,-0.5,-404.71971583366394,-0.0010528564453125,0,0.0
0,-0.49863505363464355,-405.2183508872986,0.0013649463653564453,0,0.0013649463653564453
0,-0.4989902973175049,-405.7173411846161,-0.0003552436828613281,1,0.0010097026824951172
0,-0.5,-406.2173411846161,-0.0010097026824951172,0,0.0
0,-0.5,-406.7173411846161,0.0,0,0.0
0,-0.5,-407.2173411846161,0.0,0,0.0
0,-0.4980008602142334,-407.7153420448303,0.0019991397857666016,0,0.0019991397857666016
0,-0.5,-408.2153420448303,-0.0019991397857666016,0,0.0
0,-0.499004602432251,-408.7143466472626,0.0009953975677490234,0,0.0009953975677490234
0,-0.5,-409.2143466472626,-0.0009953975677490234,0,0.0
0,-0.49898815155029297,-409.71333479881287,0.0010118484497070312,0,0.0010118484497070312
0,-0.5,-410.21333479881287,-0.0010118484497070312,0,0.0
0,-0.5,-410.71333479881287,0.0,0,0.0
0,-0.5,-411.21333479881287,0.0,0,0.0
0,-0.5,-411.71333479881287,0.0,0,0.0
0,-0.5,-412.21333479881287,0.0,0,0.0
0,-0.49901366233825684,-412.7123484611511,0.000986337661743164,0,0.000986337661743164
0,-0.5,-413.2123484611511,-0.000986337661743164,0,0.0
0,-0.5,-413.7123484611511,0.0,0,0.0
0,-0.5,-414.2123484611511,0.0,0,0.0
0,-0.5,-414.7123484611511,0.0,0,0.0
0,-0.5,-415.2123484611511,0.0,0,0.0
0,-0.5,-415.7123484611511,0.0,0,0.0
0,-0.49810051918029785,-416.2104489803314,0.0018994808197021484,0,0.0018994808197021484
0,-0.5,-416.7104489803314,-0.0018994808197021484,0,0.0
0,-0.5,-417.2104489803314,0.0,0,0.0
0,-0.4989655017852783,-417.7094144821167,0.0010344982147216797,0,0.0010344982147216797
0,-0.5,-418.2094144821167,-0.0010344982147216797,0,0.0
0,-0.498990535736084,-418.7084050178528,0.0010094642639160156,0,0.0010094642639160156
0,-0.5,-419.2084050178528,-0.0010094642639160156,0,0.0
0,-0.5,-419.7084050178528,0.0,0,0.0
0,-0.5,-420.2084050178528,0.0,0,0.0
0,-0.4990041255950928,-420.7074091434479,0.0009958744049072266,0,0.0009958744049072266
0,-0.5,-421.2074091434479,-0.0009958744049072266,0,0.0
0,-0.5,-421.7074091434479,0.0,0,0.0
0,-0.5,-422.2074091434479,0.0,0,0.0
0,-0.5,-422.7074091434479,0.0,0,0.0
0,-0.4990067481994629,-423.20641589164734,0.0009932518005371094,0,0.0009932518005371094
0,-0.4990077018737793,-423.7054235935211,-9.5367431640625e-07,0,0.0009922981262207031
0,-0.5,-424.2054235935211,-0.0009922981262207031,0,0.0
0,-0.4989964962005615,-424.7044200897217,0.0010035037994384766,0,0.0010035037994384766
0,-0.5,-425.2044200897217,-0.0010035037994384766,0,0.0
0,-0.5,-425.7044200897217,0.0,0,0.0
0,-0.49878478050231934,-426.203204870224,0.001215219497680664,0,0.001215219497680664
0,-0.49900150299072266,-426.7022063732147,-0.0002167224884033203,0,0.0009984970092773438
0,-0.5,-427.2022063732147,-0.0009984970092773438,0,0.0
0,-0.49949169158935547,-427.7016980648041,0.0005083084106445312,0,0.0005083084106445312
0,-0.5,-428.2016980648041,-0.0005083084106445312,0,0.0
0,-0.5,-428.7016980648041,0.0,0,0.0
0,-0.5,-429.2016980648041,0.0,0,0.0
0,-0.5,-429.7016980648041,0.0,0,0.0
0,-0.5,-430.2016980648041,0.0,0,0.0
0,-0.5,-430.7016980648041,0.0,0,0.0
0,-0.5,-431.2016980648041,0.0,0,0.0
0,-0.5,-431.7016980648041,0.0,0,0.0
0,-0.5,-432.2016980648041,0.0,0,0.0
0,-0.5,-432.7016980648041,0.0,0,0.0
0,-0.4989340305328369,-433.2006320953369,0.001065969467163086,0,0.001065969467163086
0,-0.49900293350219727,-433.6996350288391,-6.890296936035156e-05,0,0.0009970664978027344
0,-0.5,-434.1996350288391,-0.0009970664978027344,0,0.0
0,-0.49889135360717773,-434.6985263824463,0.0011086463928222656,0,0.0011086463928222656
0,-0.4959902763366699,-435.19451665878296,0.0029010772705078125,0,0.004009723663330078
0,-0.5,-435.69451665878296,-0.004009723663330078,0,0.0
0,-0.49939799308776855,-436.1939146518707,0.0006020069122314453,0,0.0006020069122314453
0,-0.4990501403808594,-436.6929647922516,0.0003478527069091797,0,0.000949859619140625
0,-0.5,-437.1929647922516,-0.000949859619140625,0,0.0
0,-0.5,-437.6929647922516,0.0,0,0.0
0,-0.498960018157959,-438.19192481040955,0.0010399818420410156,0,0.0010399818420410156
0,-0.49900150299072266,-438.69092631340027,-4.1484832763671875e-05,0,0.0009984970092773438
0,-0.4988422393798828,-439.18976855278015,0.00015926361083984375,0,0.0011577606201171875
0,-0.5,-439.68976855278015,-0.0011577606201171875,0,0.0
0,-0.5,-440.18976855278015,0.0,0,0.0
0,-0.49899911880493164,-440.6887676715851,0.0010008811950683594,0,0.0010008811950683594
0,-0.4996788501739502,-441.18844652175903,-0.0006797313690185547,0,0.0003211498260498047
0,-0.5,-441.68844652175903,-0.0003211498260498047,0,0.0
0,-0.4990050792694092,-442.18745160102844,0.0009949207305908203,0,0.0009949207305908203
0,-0.5,-442.68745160102844,-0.0009949207305908203,0,0.0
0,-0.5,-443.18745160102844,0.0,0,0.0
0,-0.5,-443.68745160102844,0.0,0,0.0
0,-0.5,-444.18745160102844,0.0,0,0.0
0,-0.499009370803833,-444.6864609718323,0.0009906291961669922,0,0.0009906291961669922
0,-0.5,-445.1864609718323,-0.0009906291961669922,0,0.0
0,-0.5,-445.6864609718323,0.0,0,0.0
0,-0.5,-446.1864609718323,0.0,0,0.0
0,-0.5,-446.6864609718323,0.0,0,0.0
0,-0.4993252754211426,-447.1857862472534,0.0006747245788574219,0,0.0006747245788574219
0,-0.5,-447.6857862472534,-0.0006747245788574219,0,0.0
0,-0.5,-448.1857862472534,0.0,0,0.0
0,-0.49900293350219727,-448.6847891807556,0.0009970664978027344,0,0.0009970664978027344
0,-0.5,-449.1847891807556,-0.0009970664978027344,0,0.0
0,-0.4989933967590332,-449.68378257751465,0.0010066032409667969,0,0.0010066032409667969
0,-0.49899911880493164,-450.1827816963196,-5.7220458984375e-06,0,0.0010008811950683594
0,-0.5,-450.6827816963196,-0.0010008811950683594,0,0.0
0,-0.5,-451.1827816963196,0.0,0,0.0
0,-0.5,-451.6827816963196,0.0,0,0.0
0,-0.4990055561065674,-452.18178725242615,0.0009944438934326172,0,0.0009944438934326172
0,-0.4989898204803467,-452.6807770729065,1.5735626220703125e-05,0,0.0010101795196533203
0,-0.49900388717651367,-453.179780960083,-1.4066696166992188e-05,0,0.0009961128234863281
0,-0.49900221824645996,-453.67878317832947,1.6689300537109375e-06,0,0.000997781753540039
0,-0.4990074634552002,-454.17779064178467,-5.245208740234375e-06,0,0.0009925365447998047
0,-0.5,-454.67779064178467,-0.0009925365447998047,0,0.0
0,-0.49900293350219727,-455.17679357528687,0.0009970664978027344,0,0.0009970664978027344
0,-0.49800801277160645,-455.6748015880585,0.0009949207305908203,0,0.0019919872283935547
0,-0.5,-456.1748015880585,-0.0019919872283935547,0,0.0
0,-0.5,-456.6748015880585,0.0,0,0.0
0,-0.49900126457214355,-457.1738028526306,0.0009987354278564453,0,0.0009987354278564453
0,-0.5,-457.6738028526306,-0.0009987354278564453,0,0.0
0,-0.49907946586608887,-458.1728823184967,0.0009205341339111328,0,0.0009205341339111328
0,-0.4990074634552002,-458.6718897819519,7.200241088867188e-05,0,0.0009925365447998047
0,-0.4989938735961914,-459.1708836555481,1.3589859008789062e-05,0,0.0010061264038085938
0,-0.5,-459.6708836555481,-0.0010061264038085938,0,0.0
0,-0.4990065097808838,-460.169890165329,0.000993490219116211,0,0.000993490219116211
0,-0.5,-460.669890165329,-0.000993490219116211,0,0.0
0,-0.4990043640136719,-461.16889452934265,0.000995635986328125,0,0.000995635986328125
0,-0.5,-461.66889452934265,-0.000995635986328125,0,0.0
0,-0.4989948272705078,-462.16788935661316,0.0010051727294921875,0,0.0010051727294921875
0,-0.4990050792694092,-462.66689443588257,-1.0251998901367188e-05,0,0.0009949207305908203
0,-0.49892210960388184,-463.16581654548645,8.296966552734375e-05,0,0.001077890396118164
0,-0.5,-463.66581654548645,-0.001077890396118164,0,0.0
0,-0.49895644187927246,-464.1647729873657,0.001043558120727539,0,0.001043558120727539
0,-0.4979703426361084,-464.66274333000183,0.0009860992431640625,0,0.0020296573638916016
0,-0.5,-465.16274333000183,-0.0020296573638916016,0,0.0
0,-0.5,-465.66274333000183,0.0,0,0.0
0,-0.49949193000793457,-466.16223526000977,0.0005080699920654297,0,0.0005080699920654297
0,-0.49900317192077637,-466.66123843193054,0.0004887580871582031,0,0.0009968280792236328
0,-0.5,-467.16123843193054,-0.0009968280792236328,0,0.0
0,-0.4990346431732178,-467.66027307510376,0.0009653568267822266,0,0.0009653568267822266
0,-0.49900293350219727,-468.15927600860596,3.170967102050781e-05,0,0.0009970664978027344
0,-0.5,-468.65927600860596,-0.0009970664978027344,0,0.0
0,-0.5,-469.15927600860596,0.0,0,0.0
0,-0.5,-469.65927600860596,0.0,0,0.0
0,-0.5,-470.15927600860596,0.0,0,0.0
0,-0.49900341033935547,-470.6582794189453,0.0009965896606445312,0,0.0009965896606445312
0,-0.5,-471.1582794189453,-0.0009965896606445312,0,0.0
0,-0.4995737075805664,-471.6578531265259,0.00042629241943359375,0,0.00042629241943359375
0,-0.5,-472.1578531265259,-0.00042629241943359375,0,0.0
0,-0.4990043640136719,-472.65685749053955,0.000995635986328125,0,0.000995635986328125
0,-0.4989962577819824,-473.15585374832153,8.106231689453125e-06,0,0.0010037422180175781
0,-0.5,-473.65585374832153,-0.0010037422180175781,0,0.0
0,-0.5,-474.15585374832153,0.0,0,0.0
0,-0.5,-474.65585374832153,0.0,0,0.0
0,-0.5,-475.15585374832153,0.0,0,0.0
0,-0.4980041980743408,-475.6538579463959,0.0019958019256591797,0,0.0019958019256591797
0,-0.49900174140930176,-476.1528596878052,-0.0009975433349609375,0,0.0009982585906982422
0,-0.5,-476.6528596878052,-0.0009982585906982422,0,0.0
0,-0.49900293350219727,-477.1518626213074,0.0009970664978027344,0,0.0009970664978027344
0,-0.5,-477.6518626213074,-0.0009970664978027344,0,0.0
0,-0.49904704093933105,-478.1509096622467,0.0009529590606689453,0,0.0009529590606689453
0,-0.49900221824645996,-478.64991188049316,4.482269287109375e-05,0,0.000997781753540039
0,-0.5,-479.14991188049316,-0.000997781753540039,0,0.0
0,-0.4989912509918213,-479.648903131485,0.001008749008178711,0,0.001008749008178711
0,-0.5,-480.148903131485,-0.001008749008178711,0,0.0
0,-0.5,-480.648903131485,0.0,0,0.0
0,-0.5,-481.148903131485,0.0,0,0.0
0,-0.5,-481.648903131485,0.0,0,0.0
0,-0.4990057945251465,-482.14790892601013,0.0009942054748535156,0,0.0009942054748535156
0,-0.5,-482.64790892601013,-0.0009942054748535156,0,0.0
0,-0.5,-483.14790892601013,0.0,0,0.0
0,-0.5,-483.64790892601013,0.0,0,0.0
0,-0.5,-484.14790892601013,0.0,0,0.0
0,-0.4989924430847168,-484.64690136909485,0.0010075569152832031,0,0.0010075569152832031
0,-0.49919605255126953,-485.1460974216461,-0.00020360946655273438,0,0.0008039474487304688
0,-0.49949145317077637,-485.6455888748169,-0.00029540061950683594,0,0.0005085468292236328
0,-0.4984703063964844,-486.1440591812134,0.0010211467742919922,0,0.001529693603515625
0,-0.4989902973175049,-486.6430494785309,-0.0005199909210205078,0,0.0010097026824951172
0,-0.5,-487.1430494785309,-0.0010097026824951172,0,0.0
0,-0.4990520477294922,-487.6421015262604,0.0009479522705078125,0,0.0009479522705078125
0,-0.5,-488.1421015262604,-0.0009479522705078125,0,0.0
0,-0.5,-488.6421015262604,0.0,0,0.0
0,-0.49896788597106934,-489.14106941223145,0.001032114028930664,0,0.001032114028930664
0,-0.5,-489.64106941223145,-0.001032114028930664,0,0.0
0,-0.5,-490.14106941223145,0.0,0,0.0
0,-0.5,-490.64106941223145,0.0,0,0.0
0,-0.5,-491.14106941223145,0.0,0,0.0
0,-0.4989898204803467,-491.6400592327118,0.0010101795196533203,0,0.0010101795196533203
0,-0.49910473823547363,-492.13916397094727,-0.00011491775512695312,0,0.0008952617645263672
0,-0.4990041255950928,-492.63816809654236,0.00010061264038085938,0,0.0009958744049072266
0,-0.5,-493.13816809654236,-0.0009958744049072266,0,0.0
0,-0.5,-493.63816809654236,0.0,0,0.0
0,-0.5,-494.13816809654236,0.0,0,0.0
0,-0.49900317192077637,-494.63717126846313,0.0009968280792236328,0,0.0009968280792236328
0,-0.5,-495.13717126846313,-0.0009968280792236328,0,0.0
0,-0.5,-495.63717126846313,0.0,0,0.0
0,-0.5,-496.13717126846313,0.0,0,0.0
0,-0.5,-496.63717126846313,0.0,0,0.0
0,-0.5,-497.13717126846313,0.0,0,0.0
0,-0.5,-497.63717126846313,0.0,0,0.0
0,-0.4989898204803467,-499.5300602912903,0.0010101795196533203,0,0.0010101795196533203
